InvoiceNo,StockCode,Description,Quantity,InvoiceDate,UnitPrice,CustomerID,Country,Total Price
536365,85123A,WHITE HANGING HEART T-LIGHT HOLDER,6,01-12-2010 08:26,2.55,17850,United Kingdom,15.3
536365,71053,WHITE METAL LANTERN,6,01-12-2010 08:26,3.39,17850,United Kingdom,20.34
536365,84406B,CREAM CUPID HEARTS COAT HANGER,8,01-12-2010 08:26,2.75,17850,United Kingdom,22
536365,84029G,KNITTED UNION FLAG HOT WATER BOTTLE,6,01-12-2010 08:26,3.39,17850,United Kingdom,20.34
536365,84029E,RED WOOLLY HOTTIE WHITE HEART.,6,01-12-2010 08:26,3.39,17850,United Kingdom,20.34
536365,22752,SET 7 BABUSHKA NESTING BOXES,2,01-12-2010 08:26,7.65,17850,United Kingdom,15.3
536365,21730,GLASS STAR FROSTED T-LIGHT HOLDER,6,01-12-2010 08:26,4.25,17850,United Kingdom,25.5
536366,22633,HAND WARMER UNION JACK,6,01-12-2010 08:28,1.85,17850,United Kingdom,11.1
536366,22632,HAND WARMER RED POLKA DOT,6,01-12-2010 08:28,1.85,17850,United Kingdom,11.1
536367,84879,ASSORTED COLOUR BIRD ORNAMENT,32,01-12-2010 08:34,1.69,13047,United Kingdom,54.08
536367,22745,POPPY'S PLAYHOUSE BEDROOM ,6,01-12-2010 08:34,2.1,13047,United Kingdom,12.6
536367,22748,POPPY'S PLAYHOUSE KITCHEN,6,01-12-2010 08:34,2.1,13047,United Kingdom,12.6
536367,22749,FELTCRAFT PRINCESS CHARLOTTE DOLL,8,01-12-2010 08:34,3.75,13047,United Kingdom,30
536367,22310,IVORY KNITTED MUG COSY ,6,01-12-2010 08:34,1.65,13047,United Kingdom,9.9
536367,84969,BOX OF 6 ASSORTED COLOUR TEASPOONS,6,01-12-2010 08:34,4.25,13047,United Kingdom,25.5
536367,22623,BOX OF VINTAGE JIGSAW BLOCKS ,3,01-12-2010 08:34,4.95,13047,United Kingdom,14.85
536367,22622,BOX OF VINTAGE ALPHABET BLOCKS,2,01-12-2010 08:34,9.95,13047,United Kingdom,19.9
536367,21754,HOME BUILDING BLOCK WORD,3,01-12-2010 08:34,5.95,13047,United Kingdom,17.85
536367,21755,LOVE BUILDING BLOCK WORD,3,01-12-2010 08:34,5.95,13047,United Kingdom,17.85
536367,21777,RECIPE BOX WITH METAL HEART,4,01-12-2010 08:34,7.95,13047,United Kingdom,31.8
536367,48187,DOORMAT NEW ENGLAND,4,01-12-2010 08:34,7.95,13047,United Kingdom,31.8
536368,22960,JAM MAKING SET WITH JARS,6,01-12-2010 08:34,4.25,13047,United Kingdom,25.5
536368,22913,RED COAT RACK PARIS FASHION,3,01-12-2010 08:34,4.95,13047,United Kingdom,14.85
536368,22912,YELLOW COAT RACK PARIS FASHION,3,01-12-2010 08:34,4.95,13047,United Kingdom,14.85
536368,22914,BLUE COAT RACK PARIS FASHION,3,01-12-2010 08:34,4.95,13047,United Kingdom,14.85
536369,21756,BATH BUILDING BLOCK WORD,3,01-12-2010 08:35,5.95,13047,United Kingdom,17.85
536370,22728,ALARM CLOCK BAKELIKE PINK,24,01-12-2010 08:45,3.75,12583,France,90
536370,22727,ALARM CLOCK BAKELIKE RED ,24,01-12-2010 08:45,3.75,12583,France,90
536370,22726,ALARM CLOCK BAKELIKE GREEN,12,01-12-2010 08:45,3.75,12583,France,45
536370,21724,PANDA AND BUNNIES STICKER SHEET,12,01-12-2010 08:45,0.85,12583,France,10.2
536370,21883,STARS GIFT TAPE ,24,01-12-2010 08:45,0.65,12583,France,15.6
536370,10002,INFLATABLE POLITICAL GLOBE ,48,01-12-2010 08:45,0.85,12583,France,40.8
536370,21791,VINTAGE HEADS AND TAILS CARD GAME ,24,01-12-2010 08:45,1.25,12583,France,30
536370,21035,SET/2 RED RETROSPOT TEA TOWELS ,18,01-12-2010 08:45,2.95,12583,France,53.1
536370,22326,ROUND SNACK BOXES SET OF4 WOODLAND ,24,01-12-2010 08:45,2.95,12583,France,70.8
536370,22629,SPACEBOY LUNCH BOX ,24,01-12-2010 08:45,1.95,12583,France,46.8
536370,22659,LUNCH BOX I LOVE LONDON,24,01-12-2010 08:45,1.95,12583,France,46.8
536370,22631,CIRCUS PARADE LUNCH BOX ,24,01-12-2010 08:45,1.95,12583,France,46.8
536370,22661,CHARLOTTE BAG DOLLY GIRL DESIGN,20,01-12-2010 08:45,0.85,12583,France,17
536370,21731,RED TOADSTOOL LED NIGHT LIGHT,24,01-12-2010 08:45,1.65,12583,France,39.6
536370,22900, SET 2 TEA TOWELS I LOVE LONDON ,24,01-12-2010 08:45,2.95,12583,France,70.8
536370,21913,VINTAGE SEASIDE JIGSAW PUZZLES,12,01-12-2010 08:45,3.75,12583,France,45
536370,22540,MINI JIGSAW CIRCUS PARADE ,24,01-12-2010 08:45,0.42,12583,France,10.08
536370,22544,MINI JIGSAW SPACEBOY,24,01-12-2010 08:45,0.42,12583,France,10.08
536370,22492,MINI PAINT SET VINTAGE ,36,01-12-2010 08:45,0.65,12583,France,23.4
536370,POST,POSTAGE,3,01-12-2010 08:45,18,12583,France,54
536371,22086,PAPER CHAIN KIT 50'S CHRISTMAS ,80,01-12-2010 09:00,2.55,13748,United Kingdom,204
536373,20679,EDWARDIAN PARASOL RED,6,01-12-2010 09:02,4.95,17850,United Kingdom,29.7
536373,37370,RETRO COFFEE MUGS ASSORTED,6,01-12-2010 09:02,1.06,17850,United Kingdom,6.36
536373,21871,SAVE THE PLANET MUG,6,01-12-2010 09:02,1.06,17850,United Kingdom,6.36
536373,21071,VINTAGE BILLBOARD DRINK ME MUG,6,01-12-2010 09:02,1.06,17850,United Kingdom,6.36
536373,21068,VINTAGE BILLBOARD LOVE/HATE MUG,6,01-12-2010 09:02,1.06,17850,United Kingdom,6.36
536373,82483,WOOD 2 DRAWER CABINET WHITE FINISH,2,01-12-2010 09:02,4.95,17850,United Kingdom,9.9
536373,82486,WOOD S/3 CABINET ANT WHITE FINISH,4,01-12-2010 09:02,6.95,17850,United Kingdom,27.8
536373,82482,WOODEN PICTURE FRAME WHITE FINISH,6,01-12-2010 09:02,2.1,17850,United Kingdom,12.6
536373,82494L,WOODEN FRAME ANTIQUE WHITE ,6,01-12-2010 09:02,2.55,17850,United Kingdom,15.3
536374,21258,VICTORIAN SEWING BOX LARGE,32,01-12-2010 09:09,10.95,15100,United Kingdom,350.4
536376,22114,HOT WATER BOTTLE TEA AND SYMPATHY,48,01-12-2010 09:32,3.45,15291,United Kingdom,165.6
536376,21733,RED HANGING HEART T-LIGHT HOLDER,64,01-12-2010 09:32,2.55,15291,United Kingdom,163.2
536378,22386,JUMBO BAG PINK POLKADOT,10,01-12-2010 09:37,1.95,14688,United Kingdom,19.5
536378,85099C,JUMBO  BAG BAROQUE BLACK WHITE,10,01-12-2010 09:37,1.95,14688,United Kingdom,19.5
536378,21033,JUMBO BAG CHARLIE AND LOLA TOYS,10,01-12-2010 09:37,2.95,14688,United Kingdom,29.5
536378,20723,STRAWBERRY CHARLOTTE BAG,10,01-12-2010 09:37,0.85,14688,United Kingdom,8.5
536378,84997B,RED 3 PIECE RETROSPOT CUTLERY SET,12,01-12-2010 09:37,3.75,14688,United Kingdom,45
536378,84997C,BLUE 3 PIECE POLKADOT CUTLERY SET,6,01-12-2010 09:37,3.75,14688,United Kingdom,22.5
536378,21094,SET/6 RED SPOTTY PAPER PLATES,12,01-12-2010 09:37,0.85,14688,United Kingdom,10.2
536378,20725,LUNCH BAG RED RETROSPOT,10,01-12-2010 09:37,1.65,14688,United Kingdom,16.5
536378,21559,STRAWBERRY LUNCH BOX WITH CUTLERY,6,01-12-2010 09:37,2.55,14688,United Kingdom,15.3
536378,22352,LUNCH BOX WITH CUTLERY RETROSPOT ,6,01-12-2010 09:37,2.55,14688,United Kingdom,15.3
536378,21212,PACK OF 72 RETROSPOT CAKE CASES,120,01-12-2010 09:37,0.42,14688,United Kingdom,50.4
536378,21975,PACK OF 60 DINOSAUR CAKE CASES,24,01-12-2010 09:37,0.55,14688,United Kingdom,13.2
536378,21977,PACK OF 60 PINK PAISLEY CAKE CASES,24,01-12-2010 09:37,0.55,14688,United Kingdom,13.2
536378,84991,60 TEATIME FAIRY CAKE CASES,24,01-12-2010 09:37,0.55,14688,United Kingdom,13.2
536378,84519A,TOMATO CHARLIE+LOLA COASTER SET,6,01-12-2010 09:37,2.95,14688,United Kingdom,17.7
536378,85183B,CHARLIE & LOLA WASTEPAPER BIN FLORA,48,01-12-2010 09:37,1.25,14688,United Kingdom,60
536378,85071B,RED CHARLIE+LOLA PERSONAL DOORSIGN,96,01-12-2010 09:37,0.38,14688,United Kingdom,36.48
536378,21931,JUMBO STORAGE BAG SUKI,10,01-12-2010 09:37,1.95,14688,United Kingdom,19.5
536378,21929,JUMBO BAG PINK VINTAGE PAISLEY,10,01-12-2010 09:37,1.95,14688,United Kingdom,19.5
536380,22961,JAM MAKING SET PRINTED,24,01-12-2010 09:41,1.45,17809,United Kingdom,34.8
536381,22139,RETROSPOT TEA SET CERAMIC 11 PC ,23,01-12-2010 09:41,4.25,15311,United Kingdom,97.75
536381,84854,GIRLY PINK TOOL SET,5,01-12-2010 09:41,4.95,15311,United Kingdom,24.75
536381,22411,JUMBO SHOPPER VINTAGE RED PAISLEY,10,01-12-2010 09:41,1.95,15311,United Kingdom,19.5
536381,82567,"AIRLINE LOUNGE,METAL SIGN",2,01-12-2010 09:41,2.1,15311,United Kingdom,4.2
536381,21672,WHITE SPOT RED CERAMIC DRAWER KNOB,6,01-12-2010 09:41,1.25,15311,United Kingdom,7.5
536381,22774,RED DRAWER KNOB ACRYLIC EDWARDIAN,24,01-12-2010 09:41,1.25,15311,United Kingdom,30
536381,22771,CLEAR DRAWER KNOB ACRYLIC EDWARDIAN,24,01-12-2010 09:41,1.25,15311,United Kingdom,30
536381,71270,PHOTO CLIP LINE,1,01-12-2010 09:41,1.25,15311,United Kingdom,1.25
536381,22262,FELT EGG COSY CHICKEN,1,01-12-2010 09:41,0.85,15311,United Kingdom,0.85
536381,22637,PIGGY BANK RETROSPOT ,1,01-12-2010 09:41,2.55,15311,United Kingdom,2.55
536381,21934,SKULL SHOULDER BAG,10,01-12-2010 09:41,1.65,15311,United Kingdom,16.5
536381,21169,YOU'RE CONFUSING ME METAL SIGN ,3,01-12-2010 09:41,1.69,15311,United Kingdom,5.07
536381,21166,COOK WITH WINE METAL SIGN ,1,01-12-2010 09:41,1.95,15311,United Kingdom,1.95
536381,21175,GIN + TONIC DIET METAL SIGN,2,01-12-2010 09:41,2.1,15311,United Kingdom,4.2
536381,37444A,YELLOW BREAKFAST CUP AND SAUCER,1,01-12-2010 09:41,2.95,15311,United Kingdom,2.95
536381,37444C,PINK BREAKFAST CUP AND SAUCER ,1,01-12-2010 09:41,2.95,15311,United Kingdom,2.95
536381,22083,PAPER CHAIN KIT RETROSPOT,1,01-12-2010 09:41,2.95,15311,United Kingdom,2.95
536381,84971S,SMALL HEART FLOWERS HOOK ,6,01-12-2010 09:41,0.85,15311,United Kingdom,5.1
536381,47580,TEA TIME DES TEA COSY,2,01-12-2010 09:41,2.55,15311,United Kingdom,5.1
536381,22261,FELT EGG COSY WHITE RABBIT ,1,01-12-2010 09:41,0.85,15311,United Kingdom,0.85
536381,84832,ZINC WILLIE WINKIE  CANDLE STICK,1,01-12-2010 09:41,0.85,15311,United Kingdom,0.85
536381,22644,CERAMIC CHERRY CAKE MONEY BANK,1,01-12-2010 09:41,1.45,15311,United Kingdom,1.45
536381,21533,RETROSPOT LARGE MILK JUG,1,01-12-2010 09:41,4.95,15311,United Kingdom,4.95
536381,21557,SET OF 6 FUNKY BEAKERS,2,01-12-2010 09:41,2.95,15311,United Kingdom,5.9
536381,15056BL,EDWARDIAN PARASOL BLACK,2,01-12-2010 09:41,5.95,15311,United Kingdom,11.9
536381,15056N,EDWARDIAN PARASOL NATURAL,2,01-12-2010 09:41,5.95,15311,United Kingdom,11.9
536381,22646,CERAMIC STRAWBERRY CAKE MONEY BANK,4,01-12-2010 09:41,1.45,15311,United Kingdom,5.8
536381,22176,BLUE OWL SOFT TOY,1,01-12-2010 09:41,2.95,15311,United Kingdom,2.95
536381,22438,BALLOON ART MAKE YOUR OWN FLOWERS,1,01-12-2010 09:41,1.95,15311,United Kingdom,1.95
536381,22778,GLASS CLOCHE SMALL,3,01-12-2010 09:41,3.95,15311,United Kingdom,11.85
536381,22719,GUMBALL MONOCHROME COAT RACK,36,01-12-2010 09:41,1.06,15311,United Kingdom,38.16
536381,21523,DOORMAT FANCY FONT HOME SWEET HOME,10,01-12-2010 09:41,6.75,15311,United Kingdom,67.5
C536379,D,Discount,-1,01-12-2010 09:41,27.5,14527,United Kingdom,-27.5
536382,21912,VINTAGE SNAKES & LADDERS,8,01-12-2010 09:45,3.75,16098,United Kingdom,30
536382,21832,CHOCOLATE CALCULATOR,12,01-12-2010 09:45,1.65,16098,United Kingdom,19.8
536382,22379,RECYCLING BAG RETROSPOT ,10,01-12-2010 09:45,2.1,16098,United Kingdom,21
536382,22381,TOY TIDY PINK POLKADOT,50,01-12-2010 09:45,1.85,16098,United Kingdom,92.5
536382,22798,ANTIQUE GLASS DRESSING TABLE POT,8,01-12-2010 09:45,2.95,16098,United Kingdom,23.6
536382,22926,IVORY GIANT GARDEN THERMOMETER,12,01-12-2010 09:45,5.95,16098,United Kingdom,71.4
536382,22839,3 TIER CAKE TIN GREEN AND CREAM,2,01-12-2010 09:45,14.95,16098,United Kingdom,29.9
536382,22838,3 TIER CAKE TIN RED AND CREAM,2,01-12-2010 09:45,14.95,16098,United Kingdom,29.9
536382,22783,SET 3 WICKER OVAL BASKETS W LIDS,4,01-12-2010 09:45,16.95,16098,United Kingdom,67.8
C536383,35004C,SET OF 3 COLOURED  FLYING DUCKS,-1,01-12-2010 09:49,4.65,15311,United Kingdom,-4.65
536384,82484,WOOD BLACK BOARD ANT WHITE FINISH,3,01-12-2010 09:53,6.45,18074,United Kingdom,19.35
536384,84755,COLOUR GLASS T-LIGHT HOLDER HANGING,48,01-12-2010 09:53,0.65,18074,United Kingdom,31.2
536384,22464,HANGING METAL HEART LANTERN,12,01-12-2010 09:53,1.65,18074,United Kingdom,19.8
536384,21324,HANGING MEDINA LANTERN SMALL,6,01-12-2010 09:53,2.95,18074,United Kingdom,17.7
536384,22457,NATURAL SLATE HEART CHALKBOARD ,12,01-12-2010 09:53,2.95,18074,United Kingdom,35.4
536384,22469,HEART OF WICKER SMALL,40,01-12-2010 09:53,1.45,18074,United Kingdom,58
536384,22470,HEART OF WICKER LARGE,40,01-12-2010 09:53,2.55,18074,United Kingdom,102
536384,22224,WHITE LOVEBIRD LANTERN,6,01-12-2010 09:53,2.95,18074,United Kingdom,17.7
536384,21340,CLASSIC METAL BIRDCAGE PLANT HOLDER,2,01-12-2010 09:53,12.75,18074,United Kingdom,25.5
536384,22189,CREAM HEART CARD HOLDER,4,01-12-2010 09:53,3.95,18074,United Kingdom,15.8
536384,22427,ENAMEL FLOWER JUG CREAM,3,01-12-2010 09:53,5.95,18074,United Kingdom,17.85
536384,22428,ENAMEL FIRE BUCKET CREAM,6,01-12-2010 09:53,6.95,18074,United Kingdom,41.7
536384,22424,ENAMEL BREAD BIN CREAM,8,01-12-2010 09:53,10.95,18074,United Kingdom,87.6
536385,22663,JUMBO BAG DOLLY GIRL DESIGN,10,01-12-2010 09:56,1.95,17420,United Kingdom,19.5
536385,85049A,TRADITIONAL CHRISTMAS RIBBONS,12,01-12-2010 09:56,1.25,17420,United Kingdom,15
536385,22168,ORGANISER WOOD ANTIQUE WHITE ,2,01-12-2010 09:56,8.5,17420,United Kingdom,17
536385,22662,LUNCH BAG DOLLY GIRL DESIGN,10,01-12-2010 09:56,1.65,17420,United Kingdom,16.5
536386,84880,WHITE WIRE EGG HOLDER,36,01-12-2010 09:57,4.95,16029,United Kingdom,178.2
536386,85099B,JUMBO BAG RED RETROSPOT,100,01-12-2010 09:57,1.65,16029,United Kingdom,165
536387,79321,CHILLI LIGHTS,192,01-12-2010 09:58,3.82,16029,United Kingdom,733.44
536387,22780,LIGHT GARLAND BUTTERFILES PINK,192,01-12-2010 09:58,3.37,16029,United Kingdom,647.04
536387,22779,WOODEN OWLS LIGHT GARLAND ,192,01-12-2010 09:58,3.37,16029,United Kingdom,647.04
536387,22466,FAIRY TALE COTTAGE NIGHTLIGHT,432,01-12-2010 09:58,1.45,16029,United Kingdom,626.4
536388,21363,HOME SMALL WOOD LETTERS,3,01-12-2010 09:59,4.95,16250,United Kingdom,14.85
536388,21411,GINGHAM HEART  DOORSTOP RED,3,01-12-2010 09:59,4.25,16250,United Kingdom,12.75
536388,22318,FIVE HEART HANGING DECORATION,6,01-12-2010 09:59,2.95,16250,United Kingdom,17.7
536388,22915,ASSORTED BOTTLE TOP  MAGNETS ,12,01-12-2010 09:59,0.42,16250,United Kingdom,5.04
536388,22922,FRIDGE MAGNETS US DINER ASSORTED,12,01-12-2010 09:59,0.85,16250,United Kingdom,10.2
536388,22969,HOMEMADE JAM SCENTED CANDLES,12,01-12-2010 09:59,1.45,16250,United Kingdom,17.4
536388,22923,FRIDGE MAGNETS LES ENFANTS ASSORTED,12,01-12-2010 09:59,0.85,16250,United Kingdom,10.2
536388,21115,ROSE CARAVAN DOORSTOP,4,01-12-2010 09:59,6.75,16250,United Kingdom,27
536388,22242,5 HOOK HANGER MAGIC TOADSTOOL,12,01-12-2010 09:59,1.65,16250,United Kingdom,19.8
536389,22941,CHRISTMAS LIGHTS 10 REINDEER,6,01-12-2010 10:03,8.5,12431,Australia,51
536389,21622,VINTAGE UNION JACK CUSHION COVER,8,01-12-2010 10:03,4.95,12431,Australia,39.6
536389,35004G,SET OF 3 GOLD FLYING DUCKS,4,01-12-2010 10:03,6.35,12431,Australia,25.4
536389,85014B,RED RETROSPOT UMBRELLA,6,01-12-2010 10:03,5.95,12431,Australia,35.7
536389,85014A,BLACK/BLUE POLKADOT UMBRELLA,3,01-12-2010 10:03,5.95,12431,Australia,17.85
536389,22193,RED DINER WALL CLOCK,2,01-12-2010 10:03,8.5,12431,Australia,17
536389,22192,BLUE DINER WALL CLOCK,2,01-12-2010 10:03,8.5,12431,Australia,17
536389,22191,IVORY DINER WALL CLOCK,2,01-12-2010 10:03,8.5,12431,Australia,17
536389,22195,LARGE HEART MEASURING SPOONS,24,01-12-2010 10:03,1.65,12431,Australia,39.6
536389,22196,SMALL HEART MEASURING SPOONS,24,01-12-2010 10:03,0.85,12431,Australia,20.4
536390,22962,JAM JAR WITH PINK LID,48,01-12-2010 10:19,0.72,17511,United Kingdom,34.56
536390,22963,JAM JAR WITH GREEN LID,48,01-12-2010 10:19,0.72,17511,United Kingdom,34.56
536390,22968,ROSE COTTAGE KEEPSAKE BOX ,8,01-12-2010 10:19,8.5,17511,United Kingdom,68
536390,84970S,HANGING HEART ZINC T-LIGHT HOLDER,144,01-12-2010 10:19,0.64,17511,United Kingdom,92.16
536390,22910,PAPER CHAIN KIT VINTAGE CHRISTMAS,40,01-12-2010 10:19,2.55,17511,United Kingdom,102
536390,20668,DISCO BALL CHRISTMAS DECORATION,288,01-12-2010 10:19,0.1,17511,United Kingdom,28.8
536390,22197,SMALL POPCORN HOLDER,100,01-12-2010 10:19,0.72,17511,United Kingdom,72
536390,22198,LARGE POPCORN HOLDER ,50,01-12-2010 10:19,1.45,17511,United Kingdom,72.5
536390,21080,SET/20 RED RETROSPOT PAPER NAPKINS ,96,01-12-2010 10:19,0.64,17511,United Kingdom,61.44
536390,21086,SET/6 RED SPOTTY PAPER CUPS,48,01-12-2010 10:19,0.65,17511,United Kingdom,31.2
536390,21786,POLKADOT RAIN HAT ,144,01-12-2010 10:19,0.32,17511,United Kingdom,46.08
536390,22654,DELUXE SEWING KIT ,40,01-12-2010 10:19,4.95,17511,United Kingdom,198
536390,21485,RETROSPOT HEART HOT WATER BOTTLE,24,01-12-2010 10:19,4.25,17511,United Kingdom,102
536390,84030E,ENGLISH ROSE HOT WATER BOTTLE,24,01-12-2010 10:19,3.75,17511,United Kingdom,90
536390,22174,PHOTO CUBE,48,01-12-2010 10:19,1.48,17511,United Kingdom,71.04
C536391,22556,PLASTERS IN TIN CIRCUS PARADE ,-12,01-12-2010 10:24,1.65,17548,United Kingdom,-19.8
C536391,21984,PACK OF 12 PINK PAISLEY TISSUES ,-24,01-12-2010 10:24,0.29,17548,United Kingdom,-6.96
C536391,21983,PACK OF 12 BLUE PAISLEY TISSUES ,-24,01-12-2010 10:24,0.29,17548,United Kingdom,-6.96
C536391,21980,PACK OF 12 RED RETROSPOT TISSUES ,-24,01-12-2010 10:24,0.29,17548,United Kingdom,-6.96
C536391,21484,CHICK GREY HOT WATER BOTTLE,-12,01-12-2010 10:24,3.45,17548,United Kingdom,-41.4
C536391,22557,PLASTERS IN TIN VINTAGE PAISLEY ,-12,01-12-2010 10:24,1.65,17548,United Kingdom,-19.8
C536391,22553,PLASTERS IN TIN SKULLS,-24,01-12-2010 10:24,1.65,17548,United Kingdom,-39.6
536392,22150,3 STRIPEY MICE FELTCRAFT,6,01-12-2010 10:29,1.95,13705,United Kingdom,11.7
536392,22619,SET OF 6 SOLDIER SKITTLES,4,01-12-2010 10:29,3.75,13705,United Kingdom,15
536392,21891,TRADITIONAL WOODEN SKIPPING ROPE,12,01-12-2010 10:29,1.25,13705,United Kingdom,15
536392,21889,WOODEN BOX OF DOMINOES,12,01-12-2010 10:29,1.25,13705,United Kingdom,15
536392,22827,RUSTIC  SEVENTEEN DRAWER SIDEBOARD,1,01-12-2010 10:29,165,13705,United Kingdom,165
536392,22127,PARTY CONES CARNIVAL ASSORTED,12,01-12-2010 10:29,1.25,13705,United Kingdom,15
536392,22128,PARTY CONES CANDY ASSORTED,12,01-12-2010 10:29,1.25,13705,United Kingdom,15
536392,22502,PICNIC BASKET WICKER SMALL,4,01-12-2010 10:29,5.95,13705,United Kingdom,23.8
536392,22338,STAR DECORATION PAINTED ZINC ,24,01-12-2010 10:29,0.65,13705,United Kingdom,15.6
536393,22180,RETROSPOT LAMP,8,01-12-2010 10:37,9.95,13747,United Kingdom,79.6
536394,21506,"FANCY FONT BIRTHDAY CARD, ",24,01-12-2010 10:39,0.42,13408,United Kingdom,10.08
536394,22866,HAND WARMER SCOTTY DOG DESIGN,96,01-12-2010 10:39,1.85,13408,United Kingdom,177.6
536394,22865,HAND WARMER OWL DESIGN,96,01-12-2010 10:39,1.85,13408,United Kingdom,177.6
536394,22349,DOG BOWL CHASING BALL DESIGN,12,01-12-2010 10:39,3.75,13408,United Kingdom,45
536394,22558,CLOTHES PEGS RETROSPOT PACK 24 ,48,01-12-2010 10:39,1.25,13408,United Kingdom,60
536394,85152,HAND OVER THE CHOCOLATE   SIGN ,12,01-12-2010 10:39,2.1,13408,United Kingdom,25.2
536394,22652,TRAVEL SEWING KIT,20,01-12-2010 10:39,1.65,13408,United Kingdom,33
536395,22188,BLACK HEART CARD HOLDER,8,01-12-2010 10:47,3.95,13767,United Kingdom,31.6
536395,21314,SMALL GLASS HEART TRINKET POT,8,01-12-2010 10:47,2.1,13767,United Kingdom,16.8
536395,22730,ALARM CLOCK BAKELIKE IVORY,4,01-12-2010 10:47,3.75,13767,United Kingdom,15
536395,22729,ALARM CLOCK BAKELIKE ORANGE,8,01-12-2010 10:47,3.75,13767,United Kingdom,30
536395,22867,HAND WARMER BIRD DESIGN,48,01-12-2010 10:47,2.1,13767,United Kingdom,100.8
536396,22803,IVORY EMBROIDERED QUILT ,2,01-12-2010 10:51,35.75,17850,United Kingdom,71.5
536397,35004B,SET OF 3 BLACK FLYING DUCKS,12,01-12-2010 10:51,4.65,17924,United Kingdom,55.8
536398,21844,RED RETROSPOT MUG,6,01-12-2010 10:52,2.95,13448,United Kingdom,17.7
536398,22468,BABUSHKA LIGHTS STRING OF 10,4,01-12-2010 10:52,6.75,13448,United Kingdom,27
536398,48185,DOORMAT FAIRY CAKE,2,01-12-2010 10:52,7.95,13448,United Kingdom,15.9
536398,21232,STRAWBERRY CERAMIC TRINKET BOX,12,01-12-2010 10:52,1.25,13448,United Kingdom,15
536398,22064,PINK DOUGHNUT TRINKET POT ,12,01-12-2010 10:52,1.65,13448,United Kingdom,19.8
536398,22449,SILK PURSE BABUSHKA PINK,6,01-12-2010 10:52,3.35,13448,United Kingdom,20.1
536398,22835,HOT WATER BOTTLE I AM SO POORLY,8,01-12-2010 10:52,4.65,13448,United Kingdom,37.2
536398,22112,CHOCOLATE HOT WATER BOTTLE,9,01-12-2010 10:52,4.95,13448,United Kingdom,44.55
536398,21479,WHITE SKULL HOT WATER BOTTLE ,4,01-12-2010 10:52,3.75,13448,United Kingdom,15
536398,22111,SCOTTIE DOG HOT WATER BOTTLE,9,01-12-2010 10:52,4.95,13448,United Kingdom,44.55
536401,22110,BIRD HOUSE HOT WATER BOTTLE,1,01-12-2010 11:21,2.55,15862,United Kingdom,2.55
536401,22098,BOUDOIR SQUARE TISSUE BOX,1,01-12-2010 11:21,1.25,15862,United Kingdom,1.25
536401,22100,SKULLS SQUARE TISSUE BOX,2,01-12-2010 11:21,1.25,15862,United Kingdom,2.5
536401,22766,PHOTO FRAME CORNICE,1,01-12-2010 11:21,2.95,15862,United Kingdom,2.95
536401,22451,SILK PURSE BABUSHKA RED,1,01-12-2010 11:21,3.35,15862,United Kingdom,3.35
536401,22549,PICTURE DOMINOES,1,01-12-2010 11:21,1.45,15862,United Kingdom,1.45
536401,84744,S/6 SEW ON CROCHET FLOWERS,1,01-12-2010 11:21,1.25,15862,United Kingdom,1.25
536401,85049E,SCANDINAVIAN REDS RIBBONS,2,01-12-2010 11:21,1.25,15862,United Kingdom,2.5
536401,21328,BALLOONS  WRITING SET ,1,01-12-2010 11:21,1.65,15862,United Kingdom,1.65
536401,17091A,LAVENDER INCENSE IN TIN,1,01-12-2010 11:21,1.25,15862,United Kingdom,1.25
536401,22473,TV DINNER TRAY VINTAGE PAISLEY,1,01-12-2010 11:21,4.95,15862,United Kingdom,4.95
536401,84509A,SET OF 4 ENGLISH ROSE PLACEMATS,2,01-12-2010 11:21,3.75,15862,United Kingdom,7.5
536401,84510A,SET OF 4 ENGLISH ROSE COASTERS,2,01-12-2010 11:21,1.25,15862,United Kingdom,2.5
536401,22767,TRIPLE PHOTO FRAME CORNICE ,2,01-12-2010 11:21,9.95,15862,United Kingdom,19.9
536401,22768,FAMILY PHOTO FRAME CORNICE,1,01-12-2010 11:21,9.95,15862,United Kingdom,9.95
536401,21463,MIRRORED DISCO BALL ,1,01-12-2010 11:21,5.95,15862,United Kingdom,5.95
536401,21464,DISCO BALL ROTATOR BATTERY OPERATED,1,01-12-2010 11:21,4.25,15862,United Kingdom,4.25
536401,20820,SILVER LOOKING MIRROR,3,01-12-2010 11:21,4.95,15862,United Kingdom,14.85
536401,85150,LADIES & GENTLEMEN METAL SIGN,1,01-12-2010 11:21,2.55,15862,United Kingdom,2.55
536401,22117,METAL SIGN HER DINNER IS SERVED ,1,01-12-2010 11:21,2.95,15862,United Kingdom,2.95
536401,48129,DOORMAT TOPIARY,1,01-12-2010 11:21,7.95,15862,United Kingdom,7.95
536401,82580,BATHROOM METAL SIGN,1,01-12-2010 11:21,0.55,15862,United Kingdom,0.55
536401,82578,KITCHEN METAL SIGN,1,01-12-2010 11:21,0.55,15862,United Kingdom,0.55
536401,82581,TOILET METAL SIGN,2,01-12-2010 11:21,0.55,15862,United Kingdom,1.1
536401,22413,METAL SIGN TAKE IT OR LEAVE IT ,4,01-12-2010 11:21,2.95,15862,United Kingdom,11.8
536401,21907,I'M ON HOLIDAY METAL SIGN,2,01-12-2010 11:21,2.1,15862,United Kingdom,4.2
536401,22441,GROW YOUR OWN BASIL IN ENAMEL MUG,1,01-12-2010 11:21,2.1,15862,United Kingdom,2.1
536401,21122,SET/10 PINK POLKADOT PARTY CANDLES,1,01-12-2010 11:21,1.25,15862,United Kingdom,1.25
536401,22851,SET 20 NAPKINS FAIRY CAKES DESIGN ,1,01-12-2010 11:21,0.85,15862,United Kingdom,0.85
536401,22810,SET OF 6 T-LIGHTS SNOWMEN,1,01-12-2010 11:21,2.95,15862,United Kingdom,2.95
536401,22809,SET OF 6 T-LIGHTS SANTA,1,01-12-2010 11:21,2.95,15862,United Kingdom,2.95
536401,22435,SET OF 9 HEART SHAPED BALLOONS,2,01-12-2010 11:21,1.25,15862,United Kingdom,2.5
536401,20966,SANDWICH BATH SPONGE,3,01-12-2010 11:21,1.25,15862,United Kingdom,3.75
536401,20963,APPLE BATH SPONGE,1,01-12-2010 11:21,1.25,15862,United Kingdom,1.25
536401,20961,STRAWBERRY BATH SPONGE ,1,01-12-2010 11:21,1.25,15862,United Kingdom,1.25
536401,22068,BLACK PIRATE TREASURE CHEST,2,01-12-2010 11:21,1.65,15862,United Kingdom,3.3
536401,21743,STAR PORTABLE TABLE LIGHT ,2,01-12-2010 11:21,2.95,15862,United Kingdom,5.9
536401,21744,SNOWFLAKE PORTABLE TABLE LIGHT ,2,01-12-2010 11:21,2.95,15862,United Kingdom,5.9
536401,84709B,PINK OVAL JEWELLED MIRROR,1,01-12-2010 11:21,5.95,15862,United Kingdom,5.95
536401,21592,RETROSPOT CIGAR BOX MATCHES ,1,01-12-2010 11:21,1.25,15862,United Kingdom,1.25
536401,21587,COSY HOUR GIANT TUBE MATCHES,2,01-12-2010 11:21,2.55,15862,United Kingdom,5.1
536401,20992,JAZZ HEARTS PURSE NOTEBOOK,9,01-12-2010 11:21,0.85,15862,United Kingdom,7.65
536401,22804,CANDLEHOLDER PINK HANGING HEART,3,01-12-2010 11:21,2.95,15862,United Kingdom,8.85
536401,20749,ASSORTED COLOUR MINI CASES,1,01-12-2010 11:21,7.95,15862,United Kingdom,7.95
536401,22382,LUNCH BAG SPACEBOY DESIGN ,2,01-12-2010 11:21,1.65,15862,United Kingdom,3.3
536401,20726,LUNCH BAG WOODLAND,1,01-12-2010 11:21,1.65,15862,United Kingdom,1.65
536401,22384,LUNCH BAG PINK POLKADOT,1,01-12-2010 11:21,1.65,15862,United Kingdom,1.65
536401,22467,GUMBALL COAT RACK,5,01-12-2010 11:21,2.55,15862,United Kingdom,12.75
536401,84625C,BLUE NEW BAROQUE CANDLESTICK CANDLE,3,01-12-2010 11:21,2.95,15862,United Kingdom,8.85
536401,84625A,PINK NEW BAROQUECANDLESTICK CANDLE,3,01-12-2010 11:21,2.95,15862,United Kingdom,8.85
536401,21108,FAIRY CAKE FLANNEL ASSORTED COLOUR,9,01-12-2010 11:21,2.55,15862,United Kingdom,22.95
536401,22848,BREAD BIN DINER STYLE PINK,1,01-12-2010 11:21,16.95,15862,United Kingdom,16.95
536401,47570B,TEA TIME TABLE CLOTH,1,01-12-2010 11:21,10.65,15862,United Kingdom,10.65
536402,22837,HOT WATER BOTTLE BABUSHKA ,36,01-12-2010 11:22,4.25,15513,United Kingdom,153
536404,22297,HEART IVORY TRELLIS SMALL,24,01-12-2010 11:29,1.25,16218,United Kingdom,30
536404,22772,PINK DRAWER KNOB ACRYLIC EDWARDIAN,12,01-12-2010 11:29,1.25,16218,United Kingdom,15
536404,22773,GREEN DRAWER KNOB ACRYLIC EDWARDIAN,12,01-12-2010 11:29,1.25,16218,United Kingdom,15
536404,22805,BLUE DRAWER KNOB ACRYLIC EDWARDIAN,12,01-12-2010 11:29,1.25,16218,United Kingdom,15
536404,21125,SET 6 FOOTBALL CELEBRATION CANDLES,12,01-12-2010 11:29,1.25,16218,United Kingdom,15
536404,21126,SET OF 6 GIRLS CELEBRATION CANDLES,12,01-12-2010 11:29,1.25,16218,United Kingdom,15
536404,85049C,ROMANTIC PINKS RIBBONS ,12,01-12-2010 11:29,1.25,16218,United Kingdom,15
536404,85049D,BRIGHT BLUES RIBBONS ,12,01-12-2010 11:29,1.25,16218,United Kingdom,15
536404,85049G,CHOCOLATE BOX RIBBONS ,12,01-12-2010 11:29,1.25,16218,United Kingdom,15
536404,21061,PARTY INVITES FOOTBALL,12,01-12-2010 11:29,0.85,16218,United Kingdom,10.2
536404,21063,PARTY INVITES JAZZ HEARTS,12,01-12-2010 11:29,0.85,16218,United Kingdom,10.2
536404,21062,PARTY INVITES SPACEMAN,12,01-12-2010 11:29,0.85,16218,United Kingdom,10.2
536404,84380,SET OF 3 BUTTERFLY COOKIE CUTTERS,12,01-12-2010 11:29,1.25,16218,United Kingdom,15
536404,84378,SET OF 3 HEART COOKIE CUTTERS,12,01-12-2010 11:29,1.25,16218,United Kingdom,15
536404,22964,3 PIECE SPACEBOY COOKIE CUTTER SET,12,01-12-2010 11:29,2.1,16218,United Kingdom,25.2
536404,21213,PACK OF 72 SKULL CAKE CASES,24,01-12-2010 11:29,0.55,16218,United Kingdom,13.2
536404,22417,PACK OF 60 SPACEBOY CAKE CASES,24,01-12-2010 11:29,0.55,16218,United Kingdom,13.2
536404,84992,72 SWEETHEART FAIRY CAKE CASES,24,01-12-2010 11:29,0.55,16218,United Kingdom,13.2
536404,22383,LUNCH BAG SUKI  DESIGN ,10,01-12-2010 11:29,1.65,16218,United Kingdom,16.5
536404,20728,LUNCH BAG CARS BLUE,10,01-12-2010 11:29,1.65,16218,United Kingdom,16.5
536404,20727,LUNCH BAG  BLACK SKULL.,10,01-12-2010 11:29,1.65,16218,United Kingdom,16.5
536404,22296,HEART IVORY TRELLIS LARGE,24,01-12-2010 11:29,1.65,16218,United Kingdom,39.6
536405,20914,SET/5 RED RETROSPOT LID GLASS BOWLS,128,01-12-2010 11:32,2.55,14045,United Kingdom,326.4
536408,22537,MAGIC DRAWING SLATE DINOSAUR,24,01-12-2010 11:41,0.42,14307,United Kingdom,10.08
536408,22533,MAGIC DRAWING SLATE BAKE A CAKE ,24,01-12-2010 11:41,0.42,14307,United Kingdom,10.08
536408,20982,12 PENCILS TALL TUBE SKULLS,12,01-12-2010 11:41,0.85,14307,United Kingdom,10.2
536408,21915,RED  HARMONICA IN BOX ,12,01-12-2010 11:41,1.25,14307,United Kingdom,15
536408,21914,BLUE HARMONICA IN BOX ,12,01-12-2010 11:41,1.25,14307,United Kingdom,15
536408,21544,SKULLS  WATER TRANSFER TATTOOS ,12,01-12-2010 11:41,0.85,14307,United Kingdom,10.2
536408,22813,PACK 3 BOXES BIRD PANNETONE ,12,01-12-2010 11:41,1.95,14307,United Kingdom,23.4
536408,84375,SET OF 20 KIDS COOKIE CUTTERS,12,01-12-2010 11:41,2.1,14307,United Kingdom,25.2
536408,22418,10 COLOUR SPACEBOY PEN,24,01-12-2010 11:41,0.85,14307,United Kingdom,20.4
536408,22178,VICTORIAN GLASS HANGING T-LIGHT,12,01-12-2010 11:41,1.25,14307,United Kingdom,15
536408,84970L,SINGLE HEART ZINC T-LIGHT HOLDER,12,01-12-2010 11:41,0.95,14307,United Kingdom,11.4
536408,22465,HANGING METAL STAR LANTERN,12,01-12-2010 11:41,1.65,14307,United Kingdom,19.8
536408,84949,SILVER HANGING T-LIGHT HOLDER,6,01-12-2010 11:41,1.65,14307,United Kingdom,9.9
536408,20685,DOORMAT RED RETROSPOT,2,01-12-2010 11:41,7.95,14307,United Kingdom,15.9
536408,48194,DOORMAT HEARTS,2,01-12-2010 11:41,7.95,14307,United Kingdom,15.9
536408,22488,NATURAL SLATE RECTANGLE CHALKBOARD,12,01-12-2010 11:41,1.65,14307,United Kingdom,19.8
536408,22219,LOVEBIRD HANGING DECORATION WHITE ,12,01-12-2010 11:41,0.85,14307,United Kingdom,10.2
536408,22610,PENS ASSORTED FUNNY FACE,36,01-12-2010 11:41,0.85,14307,United Kingdom,30.6
536408,22716,CARD CIRCUS PARADE,12,01-12-2010 11:41,0.42,14307,United Kingdom,5.04
536408,22706,WRAP COWBOYS  ,25,01-12-2010 11:41,0.42,14307,United Kingdom,10.5
536408,22371,AIRLINE BAG VINTAGE TOKYO 78,4,01-12-2010 11:41,4.25,14307,United Kingdom,17
536408,21210,SET OF 72 RETROSPOT PAPER  DOILIES,12,01-12-2010 11:41,1.45,14307,United Kingdom,17.4
536408,16237,SLEEPING CAT ERASERS,30,01-12-2010 11:41,0.21,14307,United Kingdom,6.3
536408,22714,CARD BIRTHDAY COWBOY,12,01-12-2010 11:41,0.42,14307,United Kingdom,5.04
536408,22812,PACK 3 BOXES CHRISTMAS PANNETONE,12,01-12-2010 11:41,1.95,14307,United Kingdom,23.4
536408,84347,ROTATING SILVER ANGELS T-LIGHT HLDR,6,01-12-2010 11:41,2.55,14307,United Kingdom,15.3
536408,22736,RIBBON REEL MAKING SNOWMEN ,10,01-12-2010 11:41,1.65,14307,United Kingdom,16.5
536408,22620,4 TRADITIONAL SPINNING TOPS,12,01-12-2010 11:41,1.25,14307,United Kingdom,15
536408,21705,BAG 500g SWIRLY MARBLES,12,01-12-2010 11:41,1.65,14307,United Kingdom,19.8
536409,90199C,5 STRAND GLASS NECKLACE CRYSTAL,3,01-12-2010 11:45,6.35,17908,United Kingdom,19.05
536409,22785,SQUARECUSHION COVER PINK UNION FLAG,1,01-12-2010 11:45,6.75,17908,United Kingdom,6.75
536409,22975,SPACEBOY CHILDRENS EGG CUP,1,01-12-2010 11:45,1.25,17908,United Kingdom,1.25
536409,22972,CHILDREN'S SPACEBOY MUG,1,01-12-2010 11:45,1.65,17908,United Kingdom,1.65
536409,22568,FELTCRAFT CUSHION OWL,1,01-12-2010 11:45,3.75,17908,United Kingdom,3.75
536409,85116,BLACK CANDELABRA T-LIGHT HOLDER,1,01-12-2010 11:45,2.1,17908,United Kingdom,2.1
536409,22664,TOY TIDY DOLLY GIRL DESIGN,1,01-12-2010 11:45,2.1,17908,United Kingdom,2.1
536409,21609,SET 12 LAVENDER  BOTANICAL T-LIGHTS,1,01-12-2010 11:45,2.95,17908,United Kingdom,2.95
536409,21866,UNION JACK FLAG LUGGAGE TAG,1,01-12-2010 11:45,1.25,17908,United Kingdom,1.25
536409,20669,RED HEART LUGGAGE TAG,1,01-12-2010 11:45,1.25,17908,United Kingdom,1.25
536409,90129F,RED GLASS TASSLE BAG CHARM,1,01-12-2010 11:45,2.95,17908,United Kingdom,2.95
536409,90210B,CLEAR ACRYLIC FACETED BANGLE,1,01-12-2010 11:45,2.95,17908,United Kingdom,2.95
536409,21955,DOORMAT UNION JACK GUNS AND ROSES,1,01-12-2010 11:45,7.95,17908,United Kingdom,7.95
536409,72802C,VANILLA SCENT CANDLE JEWELLED BOX,1,01-12-2010 11:45,4.25,17908,United Kingdom,4.25
536409,22109,FULL ENGLISH BREAKFAST PLATE,1,01-12-2010 11:45,3.75,17908,United Kingdom,3.75
536409,22531,MAGIC DRAWING SLATE CIRCUS PARADE  ,1,01-12-2010 11:45,0.42,17908,United Kingdom,0.42
536409,21811,CHRISTMAS HANGING HEART WITH BELL,1,01-12-2010 11:45,1.25,17908,United Kingdom,1.25
536409,22183,CAKE STAND VICTORIAN FILIGREE MED,1,01-12-2010 11:45,6.75,17908,United Kingdom,6.75
536409,21678,PAISLEY PATTERN  STICKERS,6,01-12-2010 11:45,0.85,17908,United Kingdom,5.1
536409,21676,FLOWERS  STICKERS,6,01-12-2010 11:45,0.85,17908,United Kingdom,5.1
536409,85169B,BLACK LOVE BIRD CANDLE,12,01-12-2010 11:45,1.25,17908,United Kingdom,15
536409,16238,PARTY TIME PENCIL ERASERS,28,01-12-2010 11:45,0.21,17908,United Kingdom,5.88
536409,84906,PINK B'FLY C/COVER W BOBBLES,1,01-12-2010 11:45,5.95,17908,United Kingdom,5.95
536409,21867,PINK UNION JACK  LUGGAGE TAG,1,01-12-2010 11:45,1.25,17908,United Kingdom,1.25
536409,22075,6 RIBBONS ELEGANT CHRISTMAS ,1,01-12-2010 11:45,1.65,17908,United Kingdom,1.65
536409,21326,AGED GLASS SILVER T-LIGHT HOLDER,12,01-12-2010 11:45,0.65,17908,United Kingdom,7.8
536409,21065,BOOM BOX SPEAKER GIRLS,1,01-12-2010 11:45,5.95,17908,United Kingdom,5.95
536409,22074,6 RIBBONS SHIMMERING PINKS ,1,01-12-2010 11:45,1.65,17908,United Kingdom,1.65
536409,20713,JUMBO BAG OWLS,1,01-12-2010 11:45,1.95,17908,United Kingdom,1.95
536409,21116,OWL DOORSTOP,1,01-12-2010 11:45,4.95,17908,United Kingdom,4.95
536409,21824,PAINTED METAL STAR WITH HOLLY BELLS,3,01-12-2010 11:45,1.45,17908,United Kingdom,4.35
536409,21823,PAINTED METAL HEART WITH HOLLY BELL,3,01-12-2010 11:45,1.45,17908,United Kingdom,4.35
536409,22153,ANGEL DECORATION STARS ON DRESS,6,01-12-2010 11:45,0.42,17908,United Kingdom,2.52
536409,85099F,JUMBO BAG STRAWBERRY,1,01-12-2010 11:45,1.95,17908,United Kingdom,1.95
536409,20717,STRAWBERRY SHOPPER BAG,1,01-12-2010 11:45,1.25,17908,United Kingdom,1.25
536412,22328,ROUND SNACK BOXES SET OF 4 FRUITS ,1,01-12-2010 11:49,2.95,17920,United Kingdom,2.95
536412,22327,ROUND SNACK BOXES SET OF 4 SKULLS,1,01-12-2010 11:49,2.95,17920,United Kingdom,2.95
536412,22630,DOLLY GIRL LUNCH BOX,1,01-12-2010 11:49,1.95,17920,United Kingdom,1.95
536412,21245,GREEN POLKADOT PLATE ,1,01-12-2010 11:49,1.69,17920,United Kingdom,1.69
536412,21244,BLUE POLKADOT PLATE ,1,01-12-2010 11:49,1.69,17920,United Kingdom,1.69
536412,21242,RED RETROSPOT PLATE ,1,01-12-2010 11:49,1.69,17920,United Kingdom,1.69
536412,21243,PINK  POLKADOT PLATE ,1,01-12-2010 11:49,1.69,17920,United Kingdom,1.69
536412,22273,FELTCRAFT DOLL MOLLY,1,01-12-2010 11:49,2.95,17920,United Kingdom,2.95
536412,22940,FELTCRAFT CHRISTMAS FAIRY,3,01-12-2010 11:49,4.25,17920,United Kingdom,12.75
536412,22759,SET OF 3 NOTEBOOKS IN PARCEL,1,01-12-2010 11:49,1.65,17920,United Kingdom,1.65
536412,21880,RED RETROSPOT TAPE,10,01-12-2010 11:49,0.65,17920,United Kingdom,6.5
536412,21738,COSY SLIPPER SHOES SMALL  RED ,1,01-12-2010 11:49,2.95,17920,United Kingdom,2.95
536412,22077,6 RIBBONS RUSTIC CHARM,1,01-12-2010 11:49,1.65,17920,United Kingdom,1.65
536412,21448,12 DAISY PEGS IN WOOD BOX,2,01-12-2010 11:49,1.65,17920,United Kingdom,3.3
536412,22243,5 HOOK HANGER RED MAGIC TOADSTOOL,6,01-12-2010 11:49,1.65,17920,United Kingdom,9.9
536412,22141,CHRISTMAS CRAFT TREE TOP ANGEL,1,01-12-2010 11:49,2.1,17920,United Kingdom,2.1
536412,22144,CHRISTMAS CRAFT LITTLE FRIENDS,2,01-12-2010 11:49,2.1,17920,United Kingdom,4.2
536412,21739,COSY SLIPPER SHOES SMALL GREEN,2,01-12-2010 11:49,2.95,17920,United Kingdom,5.9
536412,22271,FELTCRAFT DOLL ROSIE,2,01-12-2010 11:49,2.95,17920,United Kingdom,5.9
536412,22274,FELTCRAFT DOLL EMILY,2,01-12-2010 11:49,2.95,17920,United Kingdom,5.9
536412,22751,FELTCRAFT PRINCESS OLIVIA DOLL,2,01-12-2010 11:49,3.75,17920,United Kingdom,7.5
536412,21034,REX CASH+CARRY JUMBO SHOPPER,1,01-12-2010 11:49,0.95,17920,United Kingdom,0.95
536412,22570,FELTCRAFT CUSHION RABBIT,3,01-12-2010 11:49,3.75,17920,United Kingdom,11.25
536412,22569,FELTCRAFT CUSHION BUTTERFLY,2,01-12-2010 11:49,3.75,17920,United Kingdom,7.5
536412,22902,TOTE BAG I LOVE LONDON,7,01-12-2010 11:49,2.1,17920,United Kingdom,14.7
536412,21710,FOLDING UMBRELLA PINKWHITE POLKADOT,1,01-12-2010 11:49,4.95,17920,United Kingdom,4.95
536412,21708,FOLDING UMBRELLA CREAM POLKADOT,1,01-12-2010 11:49,4.95,17920,United Kingdom,4.95
536412,21711,FOLDING UMBRELLA WHITE/RED POLKADOT,1,01-12-2010 11:49,4.95,17920,United Kingdom,4.95
536412,22179,SET 10 LIGHTS NIGHT OWL,2,01-12-2010 11:49,6.75,17920,United Kingdom,13.5
536412,21706,FOLDING UMBRELLA RED/WHITE POLKADOT,1,01-12-2010 11:49,4.95,17920,United Kingdom,4.95
536412,85184C,S/4 VALENTINE DECOUPAGE HEART BOX,1,01-12-2010 11:49,2.95,17920,United Kingdom,2.95
536412,22988,SOLDIERS EGG CUP ,6,01-12-2010 11:49,1.25,17920,United Kingdom,7.5
536412,20750,RED RETROSPOT MINI CASES,1,01-12-2010 11:49,7.95,17920,United Kingdom,7.95
536415,22952,60 CAKE CASES VINTAGE CHRISTMAS,10,01-12-2010 11:57,0.55,12838,United Kingdom,5.5
536415,22739,RIBBON REEL CHRISTMAS SOCK BAUBLE,3,01-12-2010 11:57,1.65,12838,United Kingdom,4.95
536415,22738,RIBBON REEL SNOWY VILLAGE,3,01-12-2010 11:57,1.65,12838,United Kingdom,4.95
536415,22909,SET OF 20 VINTAGE CHRISTMAS NAPKINS,5,01-12-2010 11:57,0.85,12838,United Kingdom,4.25
536415,35591T,TURQUOISE CHRISTMAS TREE ,2,01-12-2010 11:57,1.25,12838,United Kingdom,2.5
536415,22186,RED STAR CARD HOLDER,5,01-12-2010 11:57,2.95,12838,United Kingdom,14.75
536415,22695,WICKER WREATH SMALL,3,01-12-2010 11:57,1.45,12838,United Kingdom,4.35
536415,22580,ADVENT CALENDAR GINGHAM SACK,1,01-12-2010 11:57,5.95,12838,United Kingdom,5.95
536415,22147,FELTCRAFT BUTTERFLY HEARTS,4,01-12-2010 11:57,1.45,12838,United Kingdom,5.8
536415,22130,PARTY CONE CHRISTMAS DECORATION ,6,01-12-2010 11:57,0.85,12838,United Kingdom,5.1
536415,22694,WICKER STAR ,5,01-12-2010 11:57,2.1,12838,United Kingdom,10.5
536415,21790,VINTAGE SNAP CARDS,3,01-12-2010 11:57,0.85,12838,United Kingdom,2.55
536415,22149,FELTCRAFT 6 FLOWER FRIENDS,4,01-12-2010 11:57,2.1,12838,United Kingdom,8.4
536415,22321,BIRD DECORATION RED RETROSPOT,12,01-12-2010 11:57,0.85,12838,United Kingdom,10.2
536415,22594,CHRISTMAS GINGHAM TREE,5,01-12-2010 11:57,0.85,12838,United Kingdom,4.25
536415,22593,CHRISTMAS GINGHAM STAR,4,01-12-2010 11:57,0.85,12838,United Kingdom,3.4
536415,22595,CHRISTMAS GINGHAM HEART,6,01-12-2010 11:57,0.85,12838,United Kingdom,5.1
536415,21986,PACK OF 12 PINK POLKADOT TISSUES,12,01-12-2010 11:57,0.29,12838,United Kingdom,3.48
536415,22750,FELTCRAFT PRINCESS LOLA DOLL,2,01-12-2010 11:57,3.75,12838,United Kingdom,7.5
536415,22616,PACK OF 12 LONDON TISSUES ,12,01-12-2010 11:57,0.29,12838,United Kingdom,3.48
536415,22775,PURPLE DRAWERKNOB ACRYLIC EDWARDIAN,1,01-12-2010 11:57,1.25,12838,United Kingdom,1.25
536415,22899,CHILDREN'S APRON DOLLY GIRL ,2,01-12-2010 11:57,2.1,12838,United Kingdom,4.2
536415,22367,CHILDRENS APRON SPACEBOY DESIGN,3,01-12-2010 11:57,1.95,12838,United Kingdom,5.85
536415,22942,CHRISTMAS LIGHTS 10 SANTAS ,3,01-12-2010 11:57,8.5,12838,United Kingdom,25.5
536415,21976,PACK OF 60 MUSHROOM CAKE CASES,2,01-12-2010 11:57,0.55,12838,United Kingdom,1.1
536415,22951,60 CAKE CASES DOLLY GIRL DESIGN,2,01-12-2010 11:57,0.55,12838,United Kingdom,1.1
536415,22834,HAND WARMER BABUSHKA DESIGN,3,01-12-2010 11:57,2.1,12838,United Kingdom,6.3
536415,21916,SET 12 RETRO WHITE CHALK STICKS,2,01-12-2010 11:57,0.42,12838,United Kingdom,0.84
536415,22587,FELTCRAFT HAIRBAND RED AND BLUE,4,01-12-2010 11:57,0.85,12838,United Kingdom,3.4
536415,22566,FELTCRAFT HAIRBAND PINK AND PURPLE,3,01-12-2010 11:57,0.85,12838,United Kingdom,2.55
536415,22565,FELTCRAFT HAIRBANDS PINK AND WHITE ,3,01-12-2010 11:57,0.85,12838,United Kingdom,2.55
536415,22472,TV DINNER TRAY DOLLY GIRL,2,01-12-2010 11:57,4.95,12838,United Kingdom,9.9
536415,22551,PLASTERS IN TIN SPACEBOY,3,01-12-2010 11:57,1.65,12838,United Kingdom,4.95
536415,22554,PLASTERS IN TIN WOODLAND ANIMALS,3,01-12-2010 11:57,1.65,12838,United Kingdom,4.95
536415,22534,MAGIC DRAWING SLATE SPACEBOY ,3,01-12-2010 11:57,0.42,12838,United Kingdom,1.26
536415,22529,MAGIC DRAWING SLATE GO TO THE FAIR ,3,01-12-2010 11:57,0.42,12838,United Kingdom,1.26
536415,22530,MAGIC DRAWING SLATE DOLLY GIRL ,3,01-12-2010 11:57,0.42,12838,United Kingdom,1.26
536415,84032B,CHARLIE + LOLA RED HOT WATER BOTTLE,3,01-12-2010 11:57,2.95,12838,United Kingdom,8.85
536415,85049H,URBAN BLACK RIBBONS ,2,01-12-2010 11:57,1.25,12838,United Kingdom,2.5
536415,22807,SET OF 6 T-LIGHTS TOADSTOOLS,12,01-12-2010 11:57,2.95,12838,United Kingdom,35.4
536416,21494,ROTATING LEAVES T-LIGHT HOLDER,12,01-12-2010 11:58,1.25,13255,United Kingdom,15
536416,22938,CUPCAKE LACE PAPER SET 6,12,01-12-2010 11:58,1.95,13255,United Kingdom,23.4
536420,21892,TRADITIONAL WOODEN CATCH CUP GAME ,12,01-12-2010 12:03,1.25,16583,United Kingdom,15
536420,21890,S/6 WOODEN SKITTLES IN COTTON BAG,6,01-12-2010 12:03,2.95,16583,United Kingdom,17.7
536420,21718,RED METAL BEACH SPADE ,12,01-12-2010 12:03,1.25,16583,United Kingdom,15
536420,21716,BOYS VINTAGE TIN SEASIDE BUCKET,8,01-12-2010 12:03,2.55,16583,United Kingdom,20.4
536420,21715,GIRLS VINTAGE TIN SEASIDE BUCKET,8,01-12-2010 12:03,2.55,16583,United Kingdom,20.4
536420,22113,GREY HEART HOT WATER BOTTLE,4,01-12-2010 12:03,3.75,16583,United Kingdom,15
536420,22358,KINGS CHOICE TEA CADDY ,6,01-12-2010 12:03,2.95,16583,United Kingdom,17.7
536420,22357,KINGS CHOICE BISCUIT TIN,4,01-12-2010 12:03,4.25,16583,United Kingdom,17
536420,22115,METAL SIGN EMPIRE TEA,6,01-12-2010 12:03,2.95,16583,United Kingdom,17.7
536423,21481,FAWN BLUE HOT WATER BOTTLE,6,01-12-2010 12:08,2.95,18085,United Kingdom,17.7
536425,22585,PACK OF 6 BIRDY GIFT TAGS,12,01-12-2010 12:08,1.25,13758,United Kingdom,15
536425,21556,CERAMIC STRAWBERRY MONEY BOX,6,01-12-2010 12:08,2.55,13758,United Kingdom,15.3
536425,22645,CERAMIC HEART FAIRY CAKE MONEY BANK,12,01-12-2010 12:08,1.45,13758,United Kingdom,17.4
536425,22650,CERAMIC PIRATE CHEST MONEY BANK,12,01-12-2010 12:08,1.45,13758,United Kingdom,17.4
536425,22508,DOORSTOP RETROSPOT HEART,8,01-12-2010 12:08,3.75,13758,United Kingdom,30
536425,22511,RETROSPOT BABUSHKA DOORSTOP,4,01-12-2010 12:08,3.75,13758,United Kingdom,15
536425,22829,SWEETHEART WIRE WALL TIDY,2,01-12-2010 12:08,9.95,13758,United Kingdom,19.9
536437,21154,RED RETROSPOT OVEN GLOVE ,200,01-12-2010 12:12,1.06,13694,United Kingdom,212
536437,17021,NAMASTE SWAGAT INCENSE,600,01-12-2010 12:12,0.24,13694,United Kingdom,144
536437,22059,CERAMIC STRAWBERRY DESIGN MUG,48,01-12-2010 12:12,1.25,13694,United Kingdom,60
536437,84678,CLASSICAL ROSE SMALL VASE,48,01-12-2010 12:12,1.25,13694,United Kingdom,60
536446,85172,HYACINTH BULB T-LIGHT CANDLES,32,01-12-2010 12:15,0.42,15983,United Kingdom,13.44
536446,22142,CHRISTMAS CRAFT WHITE FAIRY ,2,01-12-2010 12:15,1.45,15983,United Kingdom,2.9
536446,21591,COSY HOUR CIGAR BOX MATCHES ,6,01-12-2010 12:15,1.25,15983,United Kingdom,7.5
536446,22480,RED TEA TOWEL CLASSIC DESIGN,12,01-12-2010 12:15,1.25,15983,United Kingdom,15
536446,22294,HEART FILIGREE DOVE  SMALL,48,01-12-2010 12:15,1.25,15983,United Kingdom,60
536446,21156,RETROSPOT CHILDRENS APRON,1,01-12-2010 12:15,1.95,15983,United Kingdom,1.95
536446,10133,COLOURING PENCILS BROWN TUBE,5,01-12-2010 12:15,0.85,15983,United Kingdom,4.25
536446,72800E,4 IVORY DINNER CANDLES SILVER FLOCK,6,01-12-2010 12:15,2.55,15983,United Kingdom,15.3
536446,84836,ZINC METAL HEART DECORATION,12,01-12-2010 12:15,1.25,15983,United Kingdom,15
536446,20774,GREEN FERN NOTEBOOK,2,01-12-2010 12:15,1.65,15983,United Kingdom,3.3
536446,20773,BLUE PAISLEY NOTEBOOK,2,01-12-2010 12:15,1.65,15983,United Kingdom,3.3
536446,20777,CHRYSANTHEMUM NOTEBOOK,2,01-12-2010 12:15,1.65,15983,United Kingdom,3.3
536446,16016,LARGE CHINESE STYLE SCISSOR,10,01-12-2010 12:15,0.85,15983,United Kingdom,8.5
536446,16014,SMALL CHINESE STYLE SCISSOR,10,01-12-2010 12:15,0.42,15983,United Kingdom,4.2
536446,21651,HANGING GLASS ETCHED TEALIGHT,6,01-12-2010 12:15,1.65,15983,United Kingdom,9.9
536446,22618,COOKING SET RETROSPOT,2,01-12-2010 12:15,9.95,15983,United Kingdom,19.9
536446,21586,KINGS CHOICE GIANT TUBE MATCHES,4,01-12-2010 12:15,2.55,15983,United Kingdom,10.2
536446,22152,PLACE SETTING WHITE STAR,24,01-12-2010 12:15,0.42,15983,United Kingdom,10.08
536446,84754,S/15 SILVER GLASS BAUBLES IN BAG,24,01-12-2010 12:15,1.25,15983,United Kingdom,30
536460,22670,FRENCH WC SIGN BLUE METAL,12,01-12-2010 12:22,1.25,14849,United Kingdom,15
536460,84849B,FAIRY SOAP SOAP HOLDER,12,01-12-2010 12:22,1.69,14849,United Kingdom,20.28
536460,22927,GREEN GIANT GARDEN THERMOMETER,2,01-12-2010 12:22,5.95,14849,United Kingdom,11.9
536460,22925,BLUE GIANT GARDEN THERMOMETER,2,01-12-2010 12:22,5.95,14849,United Kingdom,11.9
536460,21259,VICTORIAN SEWING BOX SMALL ,2,01-12-2010 12:22,5.95,14849,United Kingdom,11.9
536460,21257,VICTORIAN SEWING BOX MEDIUM,2,01-12-2010 12:22,7.95,14849,United Kingdom,15.9
536460,21121,SET/10 RED POLKADOT PARTY CANDLES,24,01-12-2010 12:22,1.25,14849,United Kingdom,30
536463,82552,WASHROOM METAL SIGN,12,01-12-2010 12:22,1.45,14849,United Kingdom,17.4
536464,90200B,BLACK SWEETHEART BRACELET,2,01-12-2010 12:23,4.25,17968,United Kingdom,8.5
536464,90059B,DIAMANTE HAIR GRIP PACK/2 BLACK DIA,2,01-12-2010 12:23,1.65,17968,United Kingdom,3.3
536464,90185C,BLACK DIAMANTE EXPANDABLE RING,2,01-12-2010 12:23,4.25,17968,United Kingdom,8.5
536464,90059E,DIAMANTE HAIR GRIP PACK/2 RUBY,3,01-12-2010 12:23,1.65,17968,United Kingdom,4.95
536464,90059C,DIAMANTE HAIR GRIP PACK/2 MONTANA,1,01-12-2010 12:23,1.65,17968,United Kingdom,1.65
536464,90200C,BLUE SWEETHEART BRACELET,1,01-12-2010 12:23,4.25,17968,United Kingdom,4.25
536464,90200D,PINK SWEETHEART BRACELET,3,01-12-2010 12:23,4.25,17968,United Kingdom,12.75
536464,90200A,PURPLE SWEETHEART BRACELET,1,01-12-2010 12:23,4.25,17968,United Kingdom,4.25
536464,22737,RIBBON REEL CHRISTMAS PRESENT ,1,01-12-2010 12:23,1.65,17968,United Kingdom,1.65
536464,21260,FIRST AID TIN,1,01-12-2010 12:23,3.25,17968,United Kingdom,3.25
536464,22744,MAKE YOUR OWN MONSOON CARD KIT,2,01-12-2010 12:23,2.95,17968,United Kingdom,5.9
536464,21985,PACK OF 12 HEARTS DESIGN TISSUES ,1,01-12-2010 12:23,0.29,17968,United Kingdom,0.29
536464,22295,HEART FILIGREE DOVE LARGE,1,01-12-2010 12:23,1.65,17968,United Kingdom,1.65
536464,16258A,SWIRLY CIRCULAR RUBBERS IN BAG,1,01-12-2010 12:23,0.42,17968,United Kingdom,0.42
536464,21992,VINTAGE PAISLEY STATIONERY SET,1,01-12-2010 12:23,2.95,17968,United Kingdom,2.95
536464,21124,SET/10 BLUE POLKADOT PARTY CANDLES,1,01-12-2010 12:23,1.25,17968,United Kingdom,1.25
536464,22735,RIBBON REEL SOCKS AND MITTENS,2,01-12-2010 12:23,1.65,17968,United Kingdom,3.3
536464,22945,CHRISTMAS METAL TAGS ASSORTED ,6,01-12-2010 12:23,0.85,17968,United Kingdom,5.1
536464,21816,CHRISTMAS TREE T-LIGHT HOLDER,2,01-12-2010 12:23,1.45,17968,United Kingdom,2.9
536464,21815,STAR  T-LIGHT HOLDER ,4,01-12-2010 12:23,1.45,17968,United Kingdom,5.8
536464,21814,HEART T-LIGHT HOLDER ,2,01-12-2010 12:23,1.45,17968,United Kingdom,2.9
536464,10125,MINI FUNKY DESIGN TAPES,2,01-12-2010 12:23,0.85,17968,United Kingdom,1.7
536464,22573,STAR WOODEN CHRISTMAS DECORATION,1,01-12-2010 12:23,0.85,17968,United Kingdom,0.85
536464,22577,WOODEN HEART CHRISTMAS SCANDINAVIAN,1,01-12-2010 12:23,0.85,17968,United Kingdom,0.85
536464,22603,CHRISTMAS RETROSPOT TREE WOOD,2,01-12-2010 12:23,0.85,17968,United Kingdom,1.7
536464,20878,SET/9 CHRISTMAS T-LIGHTS SCENTED ,1,01-12-2010 12:23,1.25,17968,United Kingdom,1.25
536464,20866,BLUE ROSE FABRIC MIRROR,1,01-12-2010 12:23,1.25,17968,United Kingdom,1.25
536464,85095,THREE CANVAS LUGGAGE TAGS,1,01-12-2010 12:23,1.95,17968,United Kingdom,1.95
536464,22333,RETROSPOT PARTY BAG + STICKER SET,1,01-12-2010 12:23,1.65,17968,United Kingdom,1.65
536464,21584,RETROSPOT SMALL TUBE MATCHES,1,01-12-2010 12:23,1.65,17968,United Kingdom,1.65
536464,22731,3D CHRISTMAS STAMPS STICKERS ,2,01-12-2010 12:23,1.25,17968,United Kingdom,2.5
536464,22956,36 FOIL HEART CAKE CASES,1,01-12-2010 12:23,2.1,17968,United Kingdom,2.1
536464,22582,PACK OF 6 SWEETIE GIFT BOXES,1,01-12-2010 12:23,2.55,17968,United Kingdom,2.55
536464,85231B,CINAMMON SET OF 9 T-LIGHTS,3,01-12-2010 12:23,0.85,17968,United Kingdom,2.55
536464,85231G,ORANGE SCENTED SET/9 T-LIGHTS,5,01-12-2010 12:23,0.85,17968,United Kingdom,4.25
536464,22082,RIBBON REEL STRIPES DESIGN ,5,01-12-2010 12:23,1.65,17968,United Kingdom,8.25
536464,22500,SET OF 2 TINS JARDIN DE PROVENCE,2,01-12-2010 12:23,4.95,17968,United Kingdom,9.9
536464,22742,MAKE YOUR OWN PLAYTIME CARD KIT,1,01-12-2010 12:23,2.95,17968,United Kingdom,2.95
536464,21329,DINOSAURS  WRITING SET ,1,01-12-2010 12:23,1.65,17968,United Kingdom,1.65
536464,21327,SKULLS WRITING SET ,1,01-12-2010 12:23,1.65,17968,United Kingdom,1.65
536464,48173C,DOORMAT BLACK FLOCK ,1,01-12-2010 12:23,7.95,17968,United Kingdom,7.95
536464,72818,CHRISTMAS DECOUPAGE CANDLE,1,01-12-2010 12:23,0.85,17968,United Kingdom,0.85
536464,22312,OFFICE MUG WARMER POLKADOT,1,01-12-2010 12:23,2.95,17968,United Kingdom,2.95
536477,21137,BLACK RECORD COVER FRAME,480,01-12-2010 12:27,3.39,16210,United Kingdom,1627.2
536477,22041,"RECORD FRAME 7"" SINGLE SIZE ",48,01-12-2010 12:27,2.1,16210,United Kingdom,100.8
536477,20979,36 PENCILS TUBE RED RETROSPOT,16,01-12-2010 12:27,1.25,16210,United Kingdom,20
536477,20977,36 PENCILS TUBE WOODLAND,16,01-12-2010 12:27,1.25,16210,United Kingdom,20
536477,22571,ROCKING HORSE RED CHRISTMAS ,96,01-12-2010 12:27,0.72,16210,United Kingdom,69.12
536477,22423,REGENCY CAKESTAND 3 TIER,16,01-12-2010 12:27,10.95,16210,United Kingdom,175.2
536488,21621,VINTAGE UNION JACK BUNTING,1,01-12-2010 12:31,8.5,17897,United Kingdom,8.5
536488,47563A,RETRO LONGBOARD IRONING BOARD COVER,1,01-12-2010 12:31,3.75,17897,United Kingdom,3.75
536488,84558A,3D DOG PICTURE PLAYING CARDS,1,01-12-2010 12:31,2.95,17897,United Kingdom,2.95
536488,21577,SAVE THE PLANET COTTON TOTE BAG,1,01-12-2010 12:31,2.25,17897,United Kingdom,2.25
536488,22087,PAPER BUNTING WHITE LACE,1,01-12-2010 12:31,2.95,17897,United Kingdom,2.95
536488,22651,GENTLEMAN SHIRT REPAIR KIT ,2,01-12-2010 12:31,0.85,17897,United Kingdom,1.7
536488,22713,CARD I LOVE LONDON ,12,01-12-2010 12:31,0.42,17897,United Kingdom,5.04
536488,21370,MIRRORED WALL ART FOXY,2,01-12-2010 12:31,6.35,17897,United Kingdom,12.7
536488,21367,MIRRORED WALL ART GENTS,1,01-12-2010 12:31,2.55,17897,United Kingdom,2.55
536488,22376,AIRLINE BAG VINTAGE JET SET WHITE,1,01-12-2010 12:31,4.25,17897,United Kingdom,4.25
536488,21895,POTTING SHED SOW 'N' GROW SET,1,01-12-2010 12:31,4.25,17897,United Kingdom,4.25
536488,22372,AIRLINE BAG VINTAGE WORLD CHAMPION ,1,01-12-2010 12:31,4.25,17897,United Kingdom,4.25
536488,21190,PINK HEARTS PAPER GARLAND,1,01-12-2010 12:31,1.65,17897,United Kingdom,1.65
536488,21894,POTTING SHED SEED ENVELOPES,3,01-12-2010 12:31,1.25,17897,United Kingdom,3.75
536488,70007,HI TEC ALPINE HAND WARMER,3,01-12-2010 12:31,1.65,17897,United Kingdom,4.95
536500,46000M,POLYESTER FILLER PAD 45x45cm,10,01-12-2010 12:35,1.55,17377,United Kingdom,15.5
536500,22712,CARD DOLLY GIRL ,12,01-12-2010 12:35,0.42,17377,United Kingdom,5.04
536500,22983,CARD BILLBOARD FONT,12,01-12-2010 12:35,0.42,17377,United Kingdom,5.04
536500,22024,RAINY LADIES BIRTHDAY CARD,12,01-12-2010 12:35,0.42,17377,United Kingdom,5.04
536500,21488,RED WHITE SCARF  HOT WATER BOTTLE,2,01-12-2010 12:35,3.95,17377,United Kingdom,7.9
536500,22895,SET OF 2 TEA TOWELS APPLE AND PEARS,3,01-12-2010 12:35,2.95,17377,United Kingdom,8.85
536502,22784,LANTERN CREAM GAZEBO ,3,01-12-2010 12:36,4.95,16552,United Kingdom,14.85
536502,21441,BLUE BIRDHOUSE DECORATION,12,01-12-2010 12:36,0.85,16552,United Kingdom,10.2
536508,84947,ANTIQUE SILVER TEA GLASS ENGRAVED,72,01-12-2010 12:38,1.06,17181,United Kingdom,76.32
536514,22485,SET OF 2 WOODEN MARKET CRATES,4,01-12-2010 12:40,12.75,17951,United Kingdom,51
536520,21794,CLASSIC FRENCH STYLE BASKET NATURAL,1,01-12-2010 12:43,6.75,14729,United Kingdom,6.75
536520,20707,CRAZY DAISY HEART DECORATION,1,01-12-2010 12:43,1.25,14729,United Kingdom,1.25
536520,22588,CARD HOLDER GINGHAM HEART,2,01-12-2010 12:43,2.55,14729,United Kingdom,5.1
536520,21292,SMALL STRIPES CHOCOLATE GIFT BAG ,16,01-12-2010 12:43,0.85,14729,United Kingdom,13.6
536520,22760,"TRAY, BREAKFAST IN BED",1,01-12-2010 12:43,12.75,14729,United Kingdom,12.75
536520,22107,PIZZA PLATE IN BOX,2,01-12-2010 12:43,3.75,14729,United Kingdom,7.5
536520,21486,PINK HEART DOTS HOT WATER BOTTLE,1,01-12-2010 12:43,3.75,14729,United Kingdom,3.75
536520,22151,PLACE SETTING WHITE HEART,14,01-12-2010 12:43,0.42,14729,United Kingdom,5.88
536520,22643,SET OF 4 NAPKIN CHARMS LEAVES   ,4,01-12-2010 12:43,2.55,14729,United Kingdom,10.2
536520,22642,SET OF 4 NAPKIN CHARMS STARS   ,4,01-12-2010 12:43,2.55,14729,United Kingdom,10.2
536520,22604,SET OF 4 NAPKIN CHARMS CUTLERY,3,01-12-2010 12:43,2.55,14729,United Kingdom,7.65
536520,22099,CARAVAN SQUARE TISSUE BOX,2,01-12-2010 12:43,1.25,14729,United Kingdom,2.5
536520,22653,BUTTON BOX ,1,01-12-2010 12:43,1.95,14729,United Kingdom,1.95
536520,22906,12 MESSAGE CARDS WITH ENVELOPES,6,01-12-2010 12:43,1.65,14729,United Kingdom,9.9
536520,22754,SMALL RED BABUSHKA NOTEBOOK ,1,01-12-2010 12:43,0.85,14729,United Kingdom,0.85
536520,22919,HERB MARKER MINT,2,01-12-2010 12:43,0.65,14729,United Kingdom,1.3
536520,22917,HERB MARKER ROSEMARY,1,01-12-2010 12:43,0.65,14729,United Kingdom,0.65
536520,22920,HERB MARKER BASIL,3,01-12-2010 12:43,0.65,14729,United Kingdom,1.95
536520,22921,HERB MARKER CHIVES ,2,01-12-2010 12:43,0.65,14729,United Kingdom,1.3
536520,22918,HERB MARKER PARSLEY,2,01-12-2010 12:43,0.65,14729,United Kingdom,1.3
536520,22916,HERB MARKER THYME,1,01-12-2010 12:43,0.65,14729,United Kingdom,0.65
536520,22575,METAL MERRY CHRISTMAS WREATH,1,01-12-2010 12:43,1.95,14729,United Kingdom,1.95
536520,21804,WHITE CHRISTMAS GARLAND STARS TREES,3,01-12-2010 12:43,3.75,14729,United Kingdom,11.25
536520,21588,RETROSPOT GIANT TUBE MATCHES,3,01-12-2010 12:43,2.55,14729,United Kingdom,7.65
536520,22955,36 FOIL STAR CAKE CASES ,2,01-12-2010 12:43,2.1,14729,United Kingdom,4.2
536520,22583,PACK OF 6 HANDBAG GIFT BOXES,3,01-12-2010 12:43,2.55,14729,United Kingdom,7.65
536520,22241,GARLAND WOODEN HAPPY EASTER,2,01-12-2010 12:43,1.25,14729,United Kingdom,2.5
536520,22904,CALENDAR PAPER CUT DESIGN,3,01-12-2010 12:43,2.95,14729,United Kingdom,8.85
536520,22905,CALENDAR IN SEASON DESIGN,2,01-12-2010 12:43,2.95,14729,United Kingdom,5.9
536520,22092,BLUE PAISLEY TISSUE BOX,1,01-12-2010 12:43,1.25,14729,United Kingdom,1.25
536520,22096,PINK PAISLEY SQUARE TISSUE BOX ,1,01-12-2010 12:43,1.25,14729,United Kingdom,1.25
536520,21358,TOAST ITS - HAPPY BIRTHDAY,2,01-12-2010 12:43,1.25,14729,United Kingdom,2.5
536520,21123,SET/10 IVORY POLKADOT PARTY CANDLES,1,01-12-2010 12:43,1.25,14729,United Kingdom,1.25
536520,21427,SKULLS STORAGE BOX SMALL,2,01-12-2010 12:43,2.1,14729,United Kingdom,4.2
536520,21930,JUMBO STORAGE BAG SKULLS,1,01-12-2010 12:43,1.95,14729,United Kingdom,1.95
536520,20772,GARDEN PATH JOURNAL,1,01-12-2010 12:43,2.55,14729,United Kingdom,2.55
536520,71406C,BLACK ORANGE SQUEEZER,12,01-12-2010 12:43,0.42,14729,United Kingdom,5.04
536520,84985A,SET OF 72 GREEN PAPER DOILIES,1,01-12-2010 12:43,1.45,14729,United Kingdom,1.45
536520,20754,RETROSPOT RED WASHING UP GLOVES,1,01-12-2010 12:43,2.1,14729,United Kingdom,2.1
536520,84596E,SMALL LICORICE DES PINK BOWL,1,01-12-2010 12:43,1.25,14729,United Kingdom,1.25
536520,21111,"SWISS ROLL TOWEL, CHOCOLATE  SPOTS",1,01-12-2010 12:43,2.95,14729,United Kingdom,2.95
536520,22501,PICNIC BASKET WICKER LARGE,1,01-12-2010 12:43,9.95,14729,United Kingdom,9.95
536521,22854,CREAM SWEETHEART EGG HOLDER,1,01-12-2010 12:48,4.95,12748,United Kingdom,4.95
536522,84997D,PINK 3 PIECE POLKADOT CUTLERY SET,1,01-12-2010 12:49,3.75,15012,United Kingdom,3.75
536522,47599A,PINK PARTY BAGS,1,01-12-2010 12:49,2.1,15012,United Kingdom,2.1
536522,47599B,BLUE PARTY BAGS ,1,01-12-2010 12:49,2.1,15012,United Kingdom,2.1
536522,20972,PINK CREAM FELT CRAFT TRINKET BOX ,1,01-12-2010 12:49,1.25,15012,United Kingdom,1.25
536522,21041,RED RETROSPOT OVEN GLOVE DOUBLE,1,01-12-2010 12:49,2.95,15012,United Kingdom,2.95
536522,21664,RIDGED GLASS STORAGE JAR CREAM LID,2,01-12-2010 12:49,3.75,15012,United Kingdom,7.5
536522,22907,PACK OF 20 NAPKINS PANTRY DESIGN,1,01-12-2010 12:49,0.85,15012,United Kingdom,0.85
536522,22776,SWEETHEART CAKESTAND 3 TIER,1,01-12-2010 12:49,9.95,15012,United Kingdom,9.95
536522,21810,CHRISTMAS HANGING STAR WITH BELL,2,01-12-2010 12:49,1.25,15012,United Kingdom,2.5
536522,21197,MULTICOLOUR  CONFETTI IN TUBE,1,01-12-2010 12:49,1.65,15012,United Kingdom,1.65
536522,85035B,CHOCOLATE 3 WICK MORRIS BOX CANDLE,1,01-12-2010 12:49,4.25,15012,United Kingdom,4.25
536522,84968C,SET OF 16 VINTAGE PISTACHIO CUTLERY,1,01-12-2010 12:49,12.75,15012,United Kingdom,12.75
536522,21098,CHRISTMAS TOILET ROLL,2,01-12-2010 12:49,1.25,15012,United Kingdom,2.5
536522,21192,WHITE BELL HONEYCOMB PAPER ,3,01-12-2010 12:49,1.65,15012,United Kingdom,4.95
536522,72800B, 4 PURPLE FLOCK DINNER CANDLES,2,01-12-2010 12:49,2.55,15012,United Kingdom,5.1
536522,84563A,PINK & WHITE BREAKFAST TRAY,1,01-12-2010 12:49,5.95,15012,United Kingdom,5.95
536522,47504H,ENGLISH ROSE SPIRIT LEVEL ,1,01-12-2010 12:49,1.95,15012,United Kingdom,1.95
536522,21742,LARGE ROUND WICKER PLATTER ,1,01-12-2010 12:49,5.95,15012,United Kingdom,5.95
536522,22481,BLACK TEA TOWEL CLASSIC DESIGN,3,01-12-2010 12:49,1.25,15012,United Kingdom,3.75
536523,22943,CHRISTMAS LIGHTS 10 VINTAGE BAUBLES,6,01-12-2010 12:50,4.95,12868,United Kingdom,29.7
536523,22699,ROSES REGENCY TEACUP AND SAUCER ,6,01-12-2010 12:50,2.95,12868,United Kingdom,17.7
536523,22217,T-LIGHT HOLDER HANGING LACE,12,01-12-2010 12:50,1.25,12868,United Kingdom,15
536523,22227,HANGING HEART MIRROR DECORATION ,24,01-12-2010 12:50,0.65,12868,United Kingdom,15.6
536524,21106,CREAM SLICE FLANNEL CHOCOLATE SPOT ,6,01-12-2010 12:51,2.95,17572,United Kingdom,17.7
536524,21107,CREAM SLICE FLANNEL PINK SPOT ,6,01-12-2010 12:51,2.95,17572,United Kingdom,17.7
536524,22697,GREEN REGENCY TEACUP AND SAUCER,6,01-12-2010 12:51,2.95,17572,United Kingdom,17.7
536525,21826,EIGHT PIECE DINOSAUR SET,2,01-12-2010 12:54,1.25,14078,United Kingdom,2.5
536525,22548,HEADS AND TAILS SPORTING FUN,1,01-12-2010 12:54,1.25,14078,United Kingdom,1.25
536525,17164B,ASS COL SMALL SAND GECKO P'WEIGHT,2,01-12-2010 12:54,0.42,14078,United Kingdom,0.84
536525,22429,ENAMEL MEASURING JUG CREAM,1,01-12-2010 12:54,4.25,14078,United Kingdom,4.25
536525,20974,12 PENCILS SMALL TUBE SKULL,3,01-12-2010 12:54,0.65,14078,United Kingdom,1.95
536525,20973,12 PENCIL SMALL TUBE WOODLAND,2,01-12-2010 12:54,0.65,14078,United Kingdom,1.3
536525,15044B,BLUE PAPER PARASOL ,1,01-12-2010 12:54,2.95,14078,United Kingdom,2.95
536526,21135,VICTORIAN  METAL POSTCARD SPRING,16,01-12-2010 12:58,1.69,14001,United Kingdom,27.04
536526,22173,METAL 4 HOOK HANGER FRENCH CHATEAU,16,01-12-2010 12:58,2.95,14001,United Kingdom,47.2
536526,22626,BLACK KITCHEN SCALES,2,01-12-2010 12:58,8.5,14001,United Kingdom,17
536526,22625,RED KITCHEN SCALES,6,01-12-2010 12:58,8.5,14001,United Kingdom,51
536526,22624,IVORY KITCHEN SCALES,6,01-12-2010 12:58,8.5,14001,United Kingdom,51
536527,84945,MULTI COLOUR SILVER T-LIGHT HOLDER,12,01-12-2010 13:04,0.85,12662,Germany,10.2
536527,22244,3 HOOK HANGER MAGIC GARDEN,12,01-12-2010 13:04,1.95,12662,Germany,23.4
536527,47421,ASSORTED COLOUR LIZARD SUCTION HOOK,24,01-12-2010 13:04,0.42,12662,Germany,10.08
536527,20712,JUMBO BAG WOODLAND ANIMALS,10,01-12-2010 13:04,1.95,12662,Germany,19.5
536527,22973,CHILDREN'S CIRCUS PARADE MUG,12,01-12-2010 13:04,1.65,12662,Germany,19.8
536527,84569B,PACK 3 FIRE ENGINE/CAR PATCHES,12,01-12-2010 13:04,1.25,12662,Germany,15
536528,22815,CARD PSYCHEDELIC APPLES,12,01-12-2010 13:17,0.42,15525,United Kingdom,5.04
536528,85114B,IVORY ENCHANTED FOREST PLACEMAT,1,01-12-2010 13:17,1.65,15525,United Kingdom,1.65
536528,22584,PACK OF 6 PANNETONE GIFT BOXES,2,01-12-2010 13:17,2.55,15525,United Kingdom,5.1
536528,22454,MEASURING TAPE BABUSHKA RED,1,01-12-2010 13:17,2.95,15525,United Kingdom,2.95
536528,85114C,RED ENCHANTED FOREST PLACEMAT,1,01-12-2010 13:17,1.65,15525,United Kingdom,1.65
536528,22974,CHILDRENS DOLLY GIRL MUG,2,01-12-2010 13:17,1.65,15525,United Kingdom,3.3
536528,21452,TOADSTOOL MONEY BOX,2,01-12-2010 13:17,2.95,15525,United Kingdom,5.9
536528,22743,MAKE YOUR OWN FLOWERPOWER CARD KIT,1,01-12-2010 13:17,2.95,15525,United Kingdom,2.95
536528,22911,PAPER CHAIN KIT LONDON,1,01-12-2010 13:17,2.95,15525,United Kingdom,2.95
536528,22453,MEASURING TAPE BABUSHKA BLUE,1,01-12-2010 13:17,2.95,15525,United Kingdom,2.95
536528,22445,PENCIL CASE LIFE IS BEAUTIFUL,4,01-12-2010 13:17,2.95,15525,United Kingdom,11.8
536528,22607,WOODEN ROUNDERS GARDEN SET ,1,01-12-2010 13:17,9.95,15525,United Kingdom,9.95
536528,22635,CHILDS BREAKFAST SET DOLLY GIRL ,1,01-12-2010 13:17,9.95,15525,United Kingdom,9.95
536528,22634,CHILDS BREAKFAST SET SPACEBOY ,1,01-12-2010 13:17,9.95,15525,United Kingdom,9.95
536529,22222,CAKE PLATE LOVEBIRD WHITE,3,01-12-2010 13:20,4.95,14237,United Kingdom,14.85
536529,22947,WOODEN ADVENT CALENDAR RED,2,01-12-2010 13:20,16.95,14237,United Kingdom,33.9
536529,22187,GREEN CHRISTMAS TREE CARD HOLDER,4,01-12-2010 13:20,4.25,14237,United Kingdom,17
536529,22164,STRING OF STARS CARD HOLDER,6,01-12-2010 13:20,2.95,14237,United Kingdom,17.7
536529,72598,SET/12 TAPER CANDLES,12,01-12-2010 13:20,0.85,14237,United Kingdom,10.2
536529,22627,MINT KITCHEN SCALES,2,01-12-2010 13:20,8.5,14237,United Kingdom,17
536529,22487,WHITE WOOD GARDEN PLANT LADDER,2,01-12-2010 13:20,9.95,14237,United Kingdom,19.9
536530,22360,GLASS JAR ENGLISH CONFECTIONERY,2,01-12-2010 13:21,2.95,17905,United Kingdom,5.9
536530,22364,GLASS JAR DIGESTIVE BISCUITS,1,01-12-2010 13:21,2.95,17905,United Kingdom,2.95
536530,21657,MILK BOTTLE WITH GLASS STOPPER ,1,01-12-2010 13:21,6.95,17905,United Kingdom,6.95
536530,22120,WELCOME  WOODEN BLOCK LETTERS,1,01-12-2010 13:21,9.95,17905,United Kingdom,9.95
536530,21038,SET/4 MODERN VINTAGE COTTON NAPKINS,1,01-12-2010 13:21,2.95,17905,United Kingdom,2.95
536530,21625,VINTAGE UNION JACK APRON,1,01-12-2010 13:21,6.95,17905,United Kingdom,6.95
536530,22097,SWALLOW SQUARE TISSUE BOX,1,01-12-2010 13:21,1.25,17905,United Kingdom,1.25
536530,21179,NO JUNK MAIL METAL SIGN,1,01-12-2010 13:21,1.25,17905,United Kingdom,1.25
536530,22185,SLATE TILE NATURAL HANGING,4,01-12-2010 13:21,1.65,17905,United Kingdom,6.6
536530,21662,VINTAGE GLASS COFFEE CADDY,1,01-12-2010 13:21,5.95,17905,United Kingdom,5.95
536530,85104,SILVER GLASS T-LIGHT SET,8,01-12-2010 13:21,2.95,17905,United Kingdom,23.6
536530,21654,RIDGED GLASS FINGER BOWL,6,01-12-2010 13:21,1.45,17905,United Kingdom,8.7
536530,21658,GLASS  BEURRE DISH,1,01-12-2010 13:21,3.95,17905,United Kingdom,3.95
536531,21519,GIN & TONIC DIET GREETING CARD ,24,01-12-2010 13:23,0.42,15485,United Kingdom,10.08
536531,22819,"BIRTHDAY CARD, RETRO SPOT",24,01-12-2010 13:23,0.42,15485,United Kingdom,10.08
536531,22704,WRAP RED APPLES ,25,01-12-2010 13:23,0.42,15485,United Kingdom,10.5
536531,21498,RED RETROSPOT WRAP ,25,01-12-2010 13:23,0.42,15485,United Kingdom,10.5
536531,22049,WRAP CHRISTMAS SCREEN PRINT,25,01-12-2010 13:23,0.42,15485,United Kingdom,10.5
536531,21497,FANCY FONTS BIRTHDAY WRAP,25,01-12-2010 13:23,0.42,15485,United Kingdom,10.5
536531,21333,CLASSIC WHITE FRAME,12,01-12-2010 13:23,2.95,15485,United Kingdom,35.4
536531,22194,BLACK DINER WALL CLOCK,2,01-12-2010 13:23,8.5,15485,United Kingdom,17
536531,22688,DOORMAT PEACE ON EARTH BLUE,4,01-12-2010 13:23,7.95,15485,United Kingdom,31.8
536532,84692,BOX OF 24 COCKTAIL PARASOLS,50,01-12-2010 13:24,0.42,12433,Norway,21
536532,22444,GROW YOUR OWN PLANT IN A CAN ,96,01-12-2010 13:24,1.06,12433,Norway,101.76
536532,22555,PLASTERS IN TIN STRONGMAN,36,01-12-2010 13:24,1.65,12433,Norway,59.4
536532,22547,MINI JIGSAW DINOSAUR ,24,01-12-2010 13:24,0.42,12433,Norway,10.08
536532,22543,MINI JIGSAW BAKE A CAKE ,24,01-12-2010 13:24,0.42,12433,Norway,10.08
536532,22539,MINI JIGSAW DOLLY GIRL,24,01-12-2010 13:24,0.42,12433,Norway,10.08
536532,22561,WOODEN SCHOOL COLOURING SET,24,01-12-2010 13:24,1.65,12433,Norway,39.6
536532,22489,PACK OF 12 TRADITIONAL CRAYONS,24,01-12-2010 13:24,0.42,12433,Norway,10.08
536532,22814,CARD PARTY GAMES ,12,01-12-2010 13:24,0.42,12433,Norway,5.04
536532,21520,BOOZE & WOMEN GREETING CARD ,12,01-12-2010 13:24,0.42,12433,Norway,5.04
536532,21982,PACK OF 12 SUKI TISSUES ,48,01-12-2010 13:24,0.29,12433,Norway,13.92
536532,21981,PACK OF 12 WOODLAND TISSUES ,48,01-12-2010 13:24,0.29,12433,Norway,13.92
536532,21967,PACK OF 12 SKULL TISSUES,48,01-12-2010 13:24,0.29,12433,Norway,13.92
536532,22615,PACK OF 12 CIRCUS PARADE TISSUES ,48,01-12-2010 13:24,0.29,12433,Norway,13.92
536532,22614,PACK OF 12 SPACEBOY TISSUES,48,01-12-2010 13:24,0.29,12433,Norway,13.92
536532,22095,LADS ONLY TISSUE BOX,12,01-12-2010 13:24,1.25,12433,Norway,15
536532,22094,RED RETROSPOT TISSUE BOX,12,01-12-2010 13:24,1.25,12433,Norway,15
536532,22966,GINGERBREAD MAN COOKIE CUTTER,24,01-12-2010 13:24,1.25,12433,Norway,30
536532,21874,GIN AND TONIC MUG,24,01-12-2010 13:24,1.25,12433,Norway,30
536532,21873,IF YOU CAN'T STAND THE HEAT MUG,24,01-12-2010 13:24,1.25,12433,Norway,30
536532,21870,I CAN ONLY PLEASE ONE PERSON MUG,24,01-12-2010 13:24,1.25,12433,Norway,30
536532,84050,PINK HEART SHAPE EGG FRYING PAN,72,01-12-2010 13:24,1.25,12433,Norway,90
536532,22315,200 RED + WHITE BENDY STRAWS,12,01-12-2010 13:24,1.25,12433,Norway,15
536532,22667,RECIPE BOX RETROSPOT ,12,01-12-2010 13:24,2.95,12433,Norway,35.4
536532,22666,RECIPE BOX PANTRY YELLOW DESIGN,12,01-12-2010 13:24,2.95,12433,Norway,35.4
536532,22665,RECIPE BOX BLUE SKETCHBOOK DESIGN,12,01-12-2010 13:24,2.95,12433,Norway,35.4
536532,22567,20 DOLLY PEGS RETROSPOT,24,01-12-2010 13:24,1.25,12433,Norway,30
536532,82600,NO SINGING METAL SIGN,24,01-12-2010 13:24,2.1,12433,Norway,50.4
536532,22842,BISCUIT TIN VINTAGE RED,6,01-12-2010 13:24,6.75,12433,Norway,40.5
536532,22494,EMERGENCY FIRST AID TIN ,24,01-12-2010 13:24,1.25,12433,Norway,30
536533,22740,POLKADOT PEN,48,01-12-2010 13:31,0.85,16955,United Kingdom,40.8
536533,22825,DECORATIVE PLANT POT WITH FRIEZE,2,01-12-2010 13:31,7.95,16955,United Kingdom,15.9
536533,22680,FRENCH BLUE METAL DOOR SIGN 5,20,01-12-2010 13:31,1.25,16955,United Kingdom,25
536533,22797,CHEST OF DRAWERS GINGHAM HEART ,3,01-12-2010 13:31,16.95,16955,United Kingdom,50.85
536533,21843,RED RETROSPOT CAKE STAND,1,01-12-2010 13:31,10.95,16955,United Kingdom,10.95
536535,22118,JOY WOODEN BLOCK LETTERS,3,01-12-2010 13:38,4.95,15605,United Kingdom,14.85
536535,22121,NOEL WOODEN BLOCK LETTERS ,3,01-12-2010 13:38,5.95,15605,United Kingdom,17.85
536535,22119,PEACE WOODEN BLOCK LETTERS,3,01-12-2010 13:38,6.95,15605,United Kingdom,20.85
536535,22311,OFFICE MUG WARMER BLACK+SILVER ,6,01-12-2010 13:38,2.95,15605,United Kingdom,17.7
536536,72817,SET OF 2 CHRISTMAS DECOUPAGE CANDLE,12,01-12-2010 13:45,1.25,18144,United Kingdom,15
536537,22277,COSMETIC BAG VINTAGE ROSE PAISLEY,36,01-12-2010 13:51,2.1,15922,United Kingdom,75.6
536537,20867,PINK ROSE FABRIC MIRROR,36,01-12-2010 13:51,1.25,15922,United Kingdom,45
536537,21688,SILVER PLATE CANDLE BOWL SMALL,12,01-12-2010 13:51,2.95,15922,United Kingdom,35.4
536537,21694,SMALL REGAL  SILVER CANDLEPOT ,12,01-12-2010 13:51,2.95,15922,United Kingdom,35.4
536537,22800,ANTIQUE TALL SWIRLGLASS TRINKET POT,8,01-12-2010 13:51,3.75,15922,United Kingdom,30
536537,22801,ANTIQUE GLASS PEDESTAL BOWL,8,01-12-2010 13:51,3.75,15922,United Kingdom,30
536537,22781,GUMBALL MAGAZINE RACK,2,01-12-2010 13:51,7.65,15922,United Kingdom,15.3
536538,21466,RED FLOWER CROCHET FOOD COVER,1,01-12-2010 13:54,3.75,14594,United Kingdom,3.75
536538,21467,CHERRY CROCHET FOOD COVER,1,01-12-2010 13:54,3.75,14594,United Kingdom,3.75
536538,21471,STRAWBERRY RAFFIA FOOD COVER,1,01-12-2010 13:54,3.75,14594,United Kingdom,3.75
536538,21469,POLKA DOT RAFFIA FOOD COVER,1,01-12-2010 13:54,3.75,14594,United Kingdom,3.75
536538,21524,DOORMAT SPOTTY HOME SWEET HOME,1,01-12-2010 13:54,7.95,14594,United Kingdom,7.95
536538,22791,T-LIGHT GLASS FLUTED ANTIQUE,12,01-12-2010 13:54,1.25,14594,United Kingdom,15
536538,21690,SILVER  CANDLEPOT JARDIN ,4,01-12-2010 13:54,3.75,14594,United Kingdom,15
536538,37343,POLKADOT MUG PINK ,6,01-12-2010 13:54,1.65,14594,United Kingdom,9.9
536538,22088,PAPER BUNTING COLOURED LACE,1,01-12-2010 13:54,2.95,14594,United Kingdom,2.95
536538,21143,ANTIQUE GLASS HEART DECORATION ,3,01-12-2010 13:54,1.95,14594,United Kingdom,5.85
536538,84944,SET OF 6 KASHMIR FOLKART BAUBLES,2,01-12-2010 13:54,4.25,14594,United Kingdom,8.5
536538,22601,CHRISTMAS RETROSPOT ANGEL WOOD,10,01-12-2010 13:54,0.85,14594,United Kingdom,8.5
536538,22600,CHRISTMAS RETROSPOT STAR WOOD,10,01-12-2010 13:54,0.85,14594,United Kingdom,8.5
536538,22574,HEART WOODEN CHRISTMAS DECORATION,10,01-12-2010 13:54,0.85,14594,United Kingdom,8.5
536538,85199L,LARGE HANGING IVORY & RED WOOD BIRD,10,01-12-2010 13:54,0.65,14594,United Kingdom,6.5
536538,85199S,SMALL HANGING IVORY/RED WOOD BIRD,10,01-12-2010 13:54,0.42,14594,United Kingdom,4.2
536539,72741,GRAND CHOCOLATECANDLE,18,01-12-2010 14:03,1.45,15165,United Kingdom,26.1
536539,37495,FAIRY CAKE BIRTHDAY CANDLE SET,4,01-12-2010 14:03,3.75,15165,United Kingdom,15
536539,22171,3 HOOK PHOTO SHELF ANTIQUE WHITE,2,01-12-2010 14:03,8.5,15165,United Kingdom,17
536539,85067,CREAM SWEETHEART WALL CABINET,1,01-12-2010 14:03,18.95,15165,United Kingdom,18.95
536539,48184,DOORMAT ENGLISH ROSE ,2,01-12-2010 14:03,7.95,15165,United Kingdom,15.9
536539,48138,DOORMAT UNION FLAG,2,01-12-2010 14:03,7.95,15165,United Kingdom,15.9
536539,85019A,ROMANTIC IMAGES NOTEBOOK SET,4,01-12-2010 14:03,4.25,15165,United Kingdom,17
536539,85019C,CURIOUS  IMAGES NOTEBOOK SET,3,01-12-2010 14:03,4.25,15165,United Kingdom,12.75
536539,20902,VINTAGE KEEPSAKE BOX PARIS DAYS,2,01-12-2010 14:03,6.35,15165,United Kingdom,12.7
536539,21429,RED GINGHAM ROSE JEWELLERY BOX,8,01-12-2010 14:03,1.65,15165,United Kingdom,13.2
536540,85071A,BLUE CHARLIE+LOLA PERSONAL DOORSIGN,6,01-12-2010 14:05,2.95,14911,EIRE,17.7
536540,85071C,"CHARLIE+LOLA""EXTREMELY BUSY"" SIGN",6,01-12-2010 14:05,2.55,14911,EIRE,15.3
536540,22355,CHARLOTTE BAG SUKI DESIGN,50,01-12-2010 14:05,0.85,14911,EIRE,42.5
536540,21579,LOLITA  DESIGN  COTTON TOTE BAG,6,01-12-2010 14:05,2.25,14911,EIRE,13.5
536540,21576,LETS GO SHOPPING COTTON TOTE BAG,6,01-12-2010 14:05,2.25,14911,EIRE,13.5
536540,22493,PAINT YOUR OWN CANVAS SET,24,01-12-2010 14:05,1.65,14911,EIRE,39.6
536540,21833,CAMOUFLAGE LED TORCH,12,01-12-2010 14:05,1.69,14911,EIRE,20.28
536540,85135B,BLUE DRAGONFLY HELICOPTER,2,01-12-2010 14:05,7.95,14911,EIRE,15.9
536540,85136A,YELLOW SHARK HELICOPTER,2,01-12-2010 14:05,7.95,14911,EIRE,15.9
536540,85136C,RED SHARK HELICOPTER,2,01-12-2010 14:05,7.95,14911,EIRE,15.9
536540,21055,TOOL BOX SOFT TOY ,4,01-12-2010 14:05,8.95,14911,EIRE,35.8
536540,21056,DOCTOR'S BAG SOFT TOY,4,01-12-2010 14:05,8.95,14911,EIRE,35.8
536540,C2,CARRIAGE,1,01-12-2010 14:05,50,14911,EIRE,50
536542,21928,JUMBO BAG SCANDINAVIAN PAISLEY,20,01-12-2010 14:11,1.95,16456,United Kingdom,39
536542,20711,JUMBO BAG TOYS ,20,01-12-2010 14:11,1.95,16456,United Kingdom,39
536544,21773,DECORATIVE ROSE BATHROOM BOTTLE,1,01-12-2010 14:32,2.51,,United Kingdom,2.51
536544,21774,DECORATIVE CATS BATHROOM BOTTLE,2,01-12-2010 14:32,2.51,,United Kingdom,5.02
536544,21787,RAIN PONCHO RETROSPOT,2,01-12-2010 14:32,1.66,,United Kingdom,3.32
536544,21801,CHRISTMAS TREE DECORATION WITH BELL,10,01-12-2010 14:32,0.43,,United Kingdom,4.3
536544,21802,CHRISTMAS TREE HEART DECORATION,9,01-12-2010 14:32,0.43,,United Kingdom,3.87
536544,21803,CHRISTMAS TREE STAR DECORATION,11,01-12-2010 14:32,0.43,,United Kingdom,4.73
536544,21809,CHRISTMAS HANGING TREE WITH BELL,1,01-12-2010 14:32,2.51,,United Kingdom,2.51
536544,21821,GLITTER STAR GARLAND WITH BELLS ,1,01-12-2010 14:32,7.62,,United Kingdom,7.62
536544,21822,GLITTER CHRISTMAS TREE WITH BELLS,1,01-12-2010 14:32,4.21,,United Kingdom,4.21
536544,21851,LILAC DIAMANTE PEN IN GIFT BOX,1,01-12-2010 14:32,4.21,,United Kingdom,4.21
536544,21879,HEARTS GIFT TAPE,1,01-12-2010 14:32,1.66,,United Kingdom,1.66
536544,21884,CAKES AND BOWS GIFT  TAPE,1,01-12-2010 14:32,1.66,,United Kingdom,1.66
536544,21888,BINGO SET,1,01-12-2010 14:32,7.62,,United Kingdom,7.62
536544,21911,GARDEN METAL SIGN ,1,01-12-2010 14:32,3.36,,United Kingdom,3.36
536544,21922,UNION STRIPE WITH FRINGE  HAMMOCK,2,01-12-2010 14:32,16.98,,United Kingdom,33.96
536544,21935,SUKI  SHOULDER BAG,1,01-12-2010 14:32,3.36,,United Kingdom,3.36
536544,21942,SKULLS DESIGN FLANNEL,2,01-12-2010 14:32,1.66,,United Kingdom,3.32
536544,21944,KITTENS DESIGN FLANNEL,1,01-12-2010 14:32,1.66,,United Kingdom,1.66
536544,21949,SET OF 6 STRAWBERRY CHOPSTICKS,1,01-12-2010 14:32,2.51,,United Kingdom,2.51
536544,21990,MODERN FLORAL STATIONERY SET,2,01-12-2010 14:32,2.51,,United Kingdom,5.02
536544,21991,BOHEMIAN COLLAGE STATIONERY SET,1,01-12-2010 14:32,2.51,,United Kingdom,2.51
536544,21993,FLORAL FOLK STATIONERY SET,4,01-12-2010 14:32,2.51,,United Kingdom,10.04
536544,22037,ROBOT BIRTHDAY CARD,1,01-12-2010 14:32,0.85,,United Kingdom,0.85
536544,22043,CHRISTMAS CARD SCREEN PRINT ,1,01-12-2010 14:32,0.43,,United Kingdom,0.43
536544,22065,CHRISTMAS PUDDING TRINKET POT ,1,01-12-2010 14:32,3.36,,United Kingdom,3.36
536544,22067,CHOC TRUFFLE GOLD TRINKET POT ,1,01-12-2010 14:32,3.36,,United Kingdom,3.36
536544,22069,BROWN  PIRATE TREASURE CHEST ,1,01-12-2010 14:32,3.36,,United Kingdom,3.36
536544,22071,SMALL WHITE RETROSPOT MUG IN BOX ,1,01-12-2010 14:32,7.62,,United Kingdom,7.62
536544,22076,6 RIBBONS EMPIRE  ,1,01-12-2010 14:32,3.36,,United Kingdom,3.36
536544,22080,RIBBON REEL POLKADOTS ,1,01-12-2010 14:32,3.36,,United Kingdom,3.36
536544,22081,RIBBON REEL FLORA + FAUNA ,1,01-12-2010 14:32,3.36,,United Kingdom,3.36
536544,22090,PAPER BUNTING RETROSPOT,1,01-12-2010 14:32,5.91,,United Kingdom,5.91
536544,22134,LADLE LOVE HEART RED ,1,01-12-2010 14:32,0.85,,United Kingdom,0.85
536544,22135,LADLE LOVE HEART PINK,5,01-12-2010 14:32,0.85,,United Kingdom,4.25
536544,22154,ANGEL DECORATION 3 BUTTONS ,1,01-12-2010 14:32,0.85,,United Kingdom,0.85
536544,22155,STAR DECORATION RUSTIC,3,01-12-2010 14:32,0.85,,United Kingdom,2.55
536544,22156,HEART DECORATION WITH PEARLS ,3,01-12-2010 14:32,1.66,,United Kingdom,4.98
536544,22161,HEART DECORATION RUSTIC HANGING ,10,01-12-2010 14:32,0.81,,United Kingdom,8.1
536544,22162,HEART GARLAND RUSTIC PADDED,2,01-12-2010 14:32,3.36,,United Kingdom,6.72
536544,22169,FAMILY ALBUM WHITE PICTURE FRAME,1,01-12-2010 14:32,16.98,,United Kingdom,16.98
536544,22182,CAKE STAND VICTORIAN FILIGREE SMALL,1,01-12-2010 14:32,4.21,,United Kingdom,4.21
536544,22190,LOCAL CAFE MUG,3,01-12-2010 14:32,2.51,,United Kingdom,7.53
536544,22203,MILK PAN RED RETROSPOT,1,01-12-2010 14:32,7.62,,United Kingdom,7.62
536544,22207,FRYING PAN UNION FLAG,1,01-12-2010 14:32,8.47,,United Kingdom,8.47
536544,22265,EASTER DECORATION NATURAL CHICK,2,01-12-2010 14:32,1.28,,United Kingdom,2.56
536544,22276,WASH BAG VINTAGE ROSE PAISLEY,1,01-12-2010 14:32,5.91,,United Kingdom,5.91
536544,22299,PIG KEYRING WITH LIGHT & SOUND ,1,01-12-2010 14:32,2.51,,United Kingdom,2.51
536544,22300,COFFEE MUG DOG + BALL DESIGN,1,01-12-2010 14:32,5.06,,United Kingdom,5.06
536544,22301,COFFEE MUG CAT + BIRD DESIGN,2,01-12-2010 14:32,5.06,,United Kingdom,10.12
536544,22309,TEA COSY RED  STRIPE,1,01-12-2010 14:32,5.06,,United Kingdom,5.06
536544,22314,OFFICE MUG WARMER CHOC+BLUE,1,01-12-2010 14:32,5.91,,United Kingdom,5.91
536544,22335,HEART DECORATION PAINTED ZINC ,4,01-12-2010 14:32,1.28,,United Kingdom,5.12
536544,22336,DOVE DECORATION PAINTED ZINC ,4,01-12-2010 14:32,1.28,,United Kingdom,5.12
536544,22345,PARTY PIZZA DISH BLUE POLKADOT,1,01-12-2010 14:32,1.66,,United Kingdom,1.66
536544,22348,TEA BAG PLATE RED RETROSPOT,3,01-12-2010 14:32,1.66,,United Kingdom,4.98
536544,22356,CHARLOTTE BAG PINK POLKADOT,9,01-12-2010 14:32,1.66,,United Kingdom,14.94
536544,22359,GLASS JAR KINGS CHOICE,2,01-12-2010 14:32,5.91,,United Kingdom,11.82
536544,22361,GLASS JAR DAISY FRESH COTTON WOOL,2,01-12-2010 14:32,5.91,,United Kingdom,11.82
536544,22375,AIRLINE BAG VINTAGE JET SET BROWN,2,01-12-2010 14:32,8.47,,United Kingdom,16.94
536544,22378,WALL TIDY RETROSPOT ,2,01-12-2010 14:32,4.21,,United Kingdom,8.42
536544,22380,TOY TIDY SPACEBOY  ,1,01-12-2010 14:32,4.21,,United Kingdom,4.21
536544,22394,PAPERWEIGHT KINGS CHOICE ,1,01-12-2010 14:32,5.06,,United Kingdom,5.06
536544,22396,MAGNETS PACK OF 4 RETRO PHOTO,1,01-12-2010 14:32,2.51,,United Kingdom,2.51
536544,22419,LIPSTICK PEN RED,4,01-12-2010 14:32,0.85,,United Kingdom,3.4
536544,22422,TOOTHPASTE TUBE PEN,2,01-12-2010 14:32,1.28,,United Kingdom,2.56
536544,22430,ENAMEL WATERING CAN CREAM,1,01-12-2010 14:32,10.17,,United Kingdom,10.17
536544,22432,WATERING CAN PINK BUNNY,1,01-12-2010 14:32,4.21,,United Kingdom,4.21
536544,22437,SET OF 9 BLACK SKULL BALLOONS,1,01-12-2010 14:32,1.66,,United Kingdom,1.66
536544,22471,TV DINNER TRAY AIR HOSTESS ,1,01-12-2010 14:32,11.02,,United Kingdom,11.02
536544,22476,EMPIRE UNION JACK TV DINNER TRAY,1,01-12-2010 14:32,11.02,,United Kingdom,11.02
536544,22477,WATERING CAN GARDEN MARKER,2,01-12-2010 14:32,2.51,,United Kingdom,5.02
536544,22478,BIRDHOUSE GARDEN MARKER ,1,01-12-2010 14:32,2.51,,United Kingdom,2.51
536544,22479,DAISY GARDEN MARKER,1,01-12-2010 14:32,2.51,,United Kingdom,2.51
536544,22497,SET OF 2 TINS VINTAGE BATHROOM ,2,01-12-2010 14:32,8.47,,United Kingdom,16.94
536544,22515,CHILDS GARDEN SPADE PINK,1,01-12-2010 14:32,4.21,,United Kingdom,4.21
536544,22517,CHILDS GARDEN RAKE PINK,1,01-12-2010 14:32,4.21,,United Kingdom,4.21
536544,22519,CHILDS GARDEN BRUSH PINK,1,01-12-2010 14:32,4.21,,United Kingdom,4.21
536544,22545,MINI JIGSAW BUNNIES,1,01-12-2010 14:32,0.85,,United Kingdom,0.85
536544,22550,HOLIDAY FUN LUDO,2,01-12-2010 14:32,7.62,,United Kingdom,15.24
536544,22560,TRADITIONAL MODELLING CLAY,1,01-12-2010 14:32,2.51,,United Kingdom,2.51
536544,22589,CARDHOLDER GINGHAM STAR,1,01-12-2010 14:32,5.06,,United Kingdom,5.06
536544,22605,WOODEN CROQUET GARDEN SET,1,01-12-2010 14:32,25.49,,United Kingdom,25.49
536544,22639,SET OF 4 NAPKIN CHARMS HEARTS,1,01-12-2010 14:32,5.06,,United Kingdom,5.06
536544,22669,RED BABY BUNTING ,1,01-12-2010 14:32,5.91,,United Kingdom,5.91
536544,22675,FRENCH KITCHEN SIGN BLUE METAL,2,01-12-2010 14:32,2.51,,United Kingdom,5.02
536544,22734,SET OF 6 RIBBONS VINTAGE CHRISTMAS,3,01-12-2010 14:32,5.06,,United Kingdom,15.18
536544,22741,FUNKY DIVA PEN,8,01-12-2010 14:32,1.66,,United Kingdom,13.28
536544,22755,SMALL PURPLE BABUSHKA NOTEBOOK ,3,01-12-2010 14:32,1.66,,United Kingdom,4.98
536544,22757,LARGE RED BABUSHKA NOTEBOOK ,3,01-12-2010 14:32,2.51,,United Kingdom,7.53
536544,22758,LARGE PURPLE BABUSHKA NOTEBOOK  ,2,01-12-2010 14:32,2.51,,United Kingdom,5.02
536544,22769,CHALKBOARD KITCHEN ORGANISER,1,01-12-2010 14:32,51.02,,United Kingdom,51.02
536544,22792,FLUTED ANTIQUE CANDLE HOLDER,2,01-12-2010 14:32,1.66,,United Kingdom,3.32
536544,22816,CARD MOTORBIKE SANTA,4,01-12-2010 14:32,0.85,,United Kingdom,3.4
536544,22818,CARD CHRISTMAS VILLAGE,6,01-12-2010 14:32,0.85,,United Kingdom,5.1
536544,22822,CREAM WALL PLANTER HEART SHAPED,1,01-12-2010 14:32,12.72,,United Kingdom,12.72
536544,22844,VINTAGE CREAM DOG FOOD CONTAINER,1,01-12-2010 14:32,16.98,,United Kingdom,16.98
536544,22847,BREAD BIN DINER STYLE IVORY,1,01-12-2010 14:32,34,,United Kingdom,34
536544,22862,LOVE HEART NAPKIN BOX ,1,01-12-2010 14:32,8.47,,United Kingdom,8.47
536544,22876,NUMBER TILE COTTAGE GARDEN 8,1,01-12-2010 14:32,4.21,,United Kingdom,4.21
536544,22928,YELLOW GIANT GARDEN THERMOMETER,1,01-12-2010 14:32,11.87,,United Kingdom,11.87
536544,22948,METAL DECORATION NAUGHTY CHILDREN ,2,01-12-2010 14:32,6.77,,United Kingdom,13.54
536544,22949,36 DOILIES DOLLY GIRL,1,01-12-2010 14:32,2.98,,United Kingdom,2.98
536544,22976,CIRCUS PARADE CHILDRENS EGG CUP ,1,01-12-2010 14:32,2.51,,United Kingdom,2.51
536544,35095A,BLUE VICTORIAN FABRIC OVAL BOX,2,01-12-2010 14:32,0.84,,United Kingdom,1.68
536544,35095B,RED VICTORIAN FABRIC OVAL BOX,1,01-12-2010 14:32,0.84,,United Kingdom,0.84
536544,35471D,SET OF 3 BIRD LIGHT PINK FEATHER ,1,01-12-2010 14:32,2.51,,United Kingdom,2.51
536544,35598D,PINK/WHITE CHRISTMAS TREE 60CM,1,01-12-2010 14:32,2.51,,United Kingdom,2.51
536544,35599D,PINK AND WHITE CHRISTMAS TREE 120CM,1,01-12-2010 14:32,5.91,,United Kingdom,5.91
536544,35610A,PINK CHRISTMAS FLOCK DROPLET ,1,01-12-2010 14:32,2.51,,United Kingdom,2.51
536544,35818P,"ACRYLIC JEWEL ICICLE, PINK",1,01-12-2010 14:32,3.36,,United Kingdom,3.36
536544,35957,SMALLFOLKART BAUBLE CHRISTMAS DEC,2,01-12-2010 14:32,1.66,,United Kingdom,3.32
536544,35961,FOLKART ZINC HEART CHRISTMAS DEC,1,01-12-2010 14:32,1.66,,United Kingdom,1.66
536544,35971,ROSE FOLKART HEART DECORATIONS,1,01-12-2010 14:32,2.51,,United Kingdom,2.51
536544,37449,CERAMIC CAKE STAND + HANGING CAKES,1,01-12-2010 14:32,21.23,,United Kingdom,21.23
536544,37476,CONDIMENT TRAY 4 BOWLS AND 4 SPOONS,1,01-12-2010 14:32,18.68,,United Kingdom,18.68
536544,47559B,TEA TIME OVEN GLOVE,2,01-12-2010 14:32,2.51,,United Kingdom,5.02
536544,47591B,SCOTTIES CHILDRENS APRON,2,01-12-2010 14:32,1.66,,United Kingdom,3.32
536544,47591D,PINK FAIRY CAKE CHILDRENS APRON,1,01-12-2010 14:32,4.21,,United Kingdom,4.21
536544,47593B,SCOTTIE DOGS BABY BIB,2,01-12-2010 14:32,0.85,,United Kingdom,1.7
536544,48188,DOORMAT WELCOME PUPPIES,1,01-12-2010 14:32,14.43,,United Kingdom,14.43
536544,71459,HANGING JAM JAR T-LIGHT HOLDER,8,01-12-2010 14:32,1.69,,United Kingdom,13.52
536544,72586,SET OF 6 HALLOWEEN GHOST T-LIGHTS,1,01-12-2010 14:32,0.85,,United Kingdom,0.85
536544,72799E,IVORY PILLAR CANDLE SILVER FLOCK,2,01-12-2010 14:32,3.36,,United Kingdom,6.72
536544,72799F,IVORY PILLAR CANDLE GOLD FLOCK,2,01-12-2010 14:32,3.36,,United Kingdom,6.72
536544,72807A,SET/3 ROSE CANDLE IN JEWELLED BOX,1,01-12-2010 14:32,8.47,,United Kingdom,8.47
536544,72807B,SET/3 OCEAN SCENT CANDLE JEWEL BOX,1,01-12-2010 14:32,8.47,,United Kingdom,8.47
536544,72807C,SET/3 VANILLA SCENTED CANDLE IN BOX,1,01-12-2010 14:32,8.47,,United Kingdom,8.47
536544,72816,SET/3 CHRISTMAS DECOUPAGE CANDLES,1,01-12-2010 14:32,2.51,,United Kingdom,2.51
536544,79030D,"TUMBLER, BAROQUE",1,01-12-2010 14:32,12.72,,United Kingdom,12.72
536544,79030G,"TUMBLER, NEW ENGLAND",1,01-12-2010 14:32,12.72,,United Kingdom,12.72
536544,82551,LAUNDRY 15C METAL SIGN,1,01-12-2010 14:32,2.51,,United Kingdom,2.51
536544,82583,HOT BATHS METAL SIGN,1,01-12-2010 14:32,4.21,,United Kingdom,4.21
536544,82613B,"METAL SIGN,CUPCAKE SINGLE HOOK",1,01-12-2010 14:32,2.51,,United Kingdom,2.51
536544,82613C,"METAL SIGN,CUPCAKE SINGLE HOOK",1,01-12-2010 14:32,2.51,,United Kingdom,2.51
536544,82613D,METAL SIGN CUPCAKE SINGLE HOOK,1,01-12-2010 14:32,2.51,,United Kingdom,2.51
536544,84031A,CHARLIE+LOLA RED HOT WATER BOTTLE ,4,01-12-2010 14:32,4.21,,United Kingdom,16.84
536544,84031B,CHARLIE LOLA BLUE HOT WATER BOTTLE ,1,01-12-2010 14:32,4.21,,United Kingdom,4.21
536544,84032A,CHARLIE+LOLA PINK HOT WATER BOTTLE,8,01-12-2010 14:32,3.36,,United Kingdom,26.88
536544,84086C,PINK/PURPLE RETRO RADIO,1,01-12-2010 14:32,4.21,,United Kingdom,4.21
536544,84279P,CHERRY BLOSSOM  DECORATIVE FLASK,1,01-12-2010 14:32,8.47,,United Kingdom,8.47
536544,85015,SET OF 12  VINTAGE POSTCARD SET,1,01-12-2010 14:32,2.51,,United Kingdom,2.51
536544,85016,SET OF 6 VINTAGE NOTELETS KIT,2,01-12-2010 14:32,2.51,,United Kingdom,5.02
536544,85017A,ENVELOPE 50 ROMANTIC IMAGES,1,01-12-2010 14:32,0.85,,United Kingdom,0.85
536544,85017B,ENVELOPE 50 BLOSSOM IMAGES,1,01-12-2010 14:32,0.85,,United Kingdom,0.85
536544,85032D,YULETIDE IMAGES GIFT WRAP SET,2,01-12-2010 14:32,1.66,,United Kingdom,3.32
536544,85039A,SET/4 RED MINI ROSE CANDLE IN BOWL,3,01-12-2010 14:32,1.66,,United Kingdom,4.98
536544,85048,15CM CHRISTMAS GLASS BALL 20 LIGHTS,1,01-12-2010 14:32,16.98,,United Kingdom,16.98
536544,85064,CREAM SWEETHEART LETTER RACK,1,01-12-2010 14:32,11.02,,United Kingdom,11.02
536544,85127,SMALL SQUARE CUT GLASS CANDLESTICK,2,01-12-2010 14:32,10.17,,United Kingdom,20.34
536544,85129D,BEADED CRYSTAL HEART PINK SMALL,1,01-12-2010 14:32,2.51,,United Kingdom,2.51
536544,85131B,BEADED CRYSTAL HEART GREEN ON STICK,2,01-12-2010 14:32,0.85,,United Kingdom,1.7
536544,85132A,CHARLIE + LOLA BISCUITS TINS,2,01-12-2010 14:32,8.47,,United Kingdom,16.94
536544,85135C,RED DRAGONFLY HELICOPTER,1,01-12-2010 14:32,8.47,,United Kingdom,8.47
536544,85176,SEWING SUSAN 21 NEEDLE SET,5,01-12-2010 14:32,1.66,,United Kingdom,8.3
536544,85177,BASKET OF FLOWERS SEWING KIT,1,01-12-2010 14:32,1.66,,United Kingdom,1.66
536544,85178,VICTORIAN SEWING KIT,1,01-12-2010 14:32,2.51,,United Kingdom,2.51
536544,85186A,EASTER BUNNY GARLAND OF FLOWERS,1,01-12-2010 14:32,0.85,,United Kingdom,0.85
536544,85232B,SET OF 3 BABUSHKA STACKING TINS,1,01-12-2010 14:32,4.95,,United Kingdom,4.95
536544,90003C,MIDNIGHT BLUE PAIR HEART HAIR SLIDE,1,01-12-2010 14:32,3.81,,United Kingdom,3.81
536544,90018A,SILVER M.O.P ORBIT DROP EARRINGS,1,01-12-2010 14:32,4.24,,United Kingdom,4.24
536544,90022,EDWARDIAN DROP EARRINGS JET BLACK,1,01-12-2010 14:32,3.81,,United Kingdom,3.81
536544,90071,RUBY GLASS CLUSTER EARRINGS,1,01-12-2010 14:32,1.26,,United Kingdom,1.26
536544,90099,NECKLACE+BRACELET SET BLUE HIBISCUS,1,01-12-2010 14:32,5.06,,United Kingdom,5.06
536544,90116,FRUIT SALAD BAG CHARM,1,01-12-2010 14:32,2.51,,United Kingdom,2.51
536544,90120C,GREEN MURANO TWIST BRACELET,1,01-12-2010 14:32,4.24,,United Kingdom,4.24
536544,90129A,PINK GLASS TASSLE BAG CHARM ,2,01-12-2010 14:32,1.66,,United Kingdom,3.32
536544,90129B,TURQUOISE GLASS TASSLE BAG CHARM ,1,01-12-2010 14:32,1.66,,United Kingdom,1.66
536544,90161A,ANT COPPER RED BOUDICCA BRACELET,1,01-12-2010 14:32,5.09,,United Kingdom,5.09
536544,90190C,SILVER/AMETHYST DROP EARRINGS LEAF,1,01-12-2010 14:32,2.96,,United Kingdom,2.96
536544,90194,SILVER LARIAT BLACK STONE EARRINGS,1,01-12-2010 14:32,4.24,,United Kingdom,4.24
536544,90209B,GREEN ENAMEL+GLASS HAIR COMB,1,01-12-2010 14:32,2.11,,United Kingdom,2.11
536544,90214D,"LETTER ""D"" BLING KEY RING",1,01-12-2010 14:32,0.85,,United Kingdom,0.85
536544,90214G,"LETTER ""G"" BLING KEY RING",1,01-12-2010 14:32,0.85,,United Kingdom,0.85
536544,90214H,"LETTER ""H"" BLING KEY RING",1,01-12-2010 14:32,0.85,,United Kingdom,0.85
536544,90214J,"LETTER ""J"" BLING KEY RING",1,01-12-2010 14:32,0.85,,United Kingdom,0.85
536544,90214R,"LETTER ""R"" BLING KEY RING",1,01-12-2010 14:32,0.85,,United Kingdom,0.85
536544,DOT,DOTCOM POSTAGE,1,01-12-2010 14:32,569.77,,United Kingdom,569.77
536544,84534B,FAIRY CAKE NOTEBOOK A5 SIZE,2,01-12-2010 14:32,1.66,,United Kingdom,3.32
536544,84535B,FAIRY CAKES NOTEBOOK A6 SIZE,1,01-12-2010 14:32,1.49,,United Kingdom,1.49
536544,84536A,ENGLISH ROSE NOTEBOOK A7 SIZE,3,01-12-2010 14:32,0.85,,United Kingdom,2.55
536544,84536B,FAIRY CAKES NOTEBOOK A7 SIZE,3,01-12-2010 14:32,0.85,,United Kingdom,2.55
536544,84580,MOUSE TOY WITH PINK T-SHIRT,1,01-12-2010 14:32,4.21,,United Kingdom,4.21
536544,84581,DOG TOY WITH PINK CROCHET SKIRT,1,01-12-2010 14:32,4.21,,United Kingdom,4.21
536544,84598,BOYS ALPHABET IRON ON PATCHES,2,01-12-2010 14:32,0.43,,United Kingdom,0.86
536544,84912B,GREEN ROSE WASHBAG,2,01-12-2010 14:32,3.36,,United Kingdom,6.72
536544,84913A,SOFT PINK ROSE TOWEL ,1,01-12-2010 14:32,3.36,,United Kingdom,3.36
536544,84913B,MINT GREEN ROSE TOWEL,3,01-12-2010 14:32,3.36,,United Kingdom,10.08
536544,84923,PINK BUTTERFLY HANDBAG W BOBBLES,1,01-12-2010 14:32,4.21,,United Kingdom,4.21
536544,84946,ANTIQUE SILVER TEA GLASS ETCHED,30,01-12-2010 14:32,2.51,,United Kingdom,75.3
536544,84988,SET OF 72 PINK HEART PAPER DOILIES,1,01-12-2010 14:32,2.98,,United Kingdom,2.98
536544,20856,DENIM PATCH PURSE PINK BUTTERFLY,6,01-12-2010 14:32,1.65,,United Kingdom,9.9
536544,20854,BLUE PATCH PURSE PINK HEART,6,01-12-2010 14:32,1.65,,United Kingdom,9.9
536544,21218,RED SPOTTY BISCUIT TIN,2,01-12-2010 14:32,3.75,,United Kingdom,7.5
536544,22845,VINTAGE CREAM CAT FOOD CONTAINER,2,01-12-2010 14:32,6.35,,United Kingdom,12.7
536544,11001,ASSTD DESIGN RACING CAR PEN,3,01-12-2010 14:32,3.36,,United Kingdom,10.08
536544,16236,KITTY PENCIL ERASERS,1,01-12-2010 14:32,0.43,,United Kingdom,0.43
536544,17003,BROCADE RING PURSE ,3,01-12-2010 14:32,0.43,,United Kingdom,1.29
536544,17011F,ORIGAMI SANDLEWOOD INCENSE+FLOWER,1,01-12-2010 14:32,4.21,,United Kingdom,4.21
536544,17012A,ORIGAMI VANILLA INCENSE/CANDLE SET ,3,01-12-2010 14:32,2.51,,United Kingdom,7.53
536544,17012B,ORIGAMI JASMINE INCENSE/CANDLE SET,2,01-12-2010 14:32,2.51,,United Kingdom,5.02
536544,17012C,ORIGAMI LAVENDER INCENSE/CANDL SET ,1,01-12-2010 14:32,2.51,,United Kingdom,2.51
536544,17012D,ORIGAMI ROSE INCENSE/CANDLE SET ,1,01-12-2010 14:32,2.51,,United Kingdom,2.51
536544,17012E,ORIGAMI OPIUM INCENSE/CANDLE SET ,1,01-12-2010 14:32,2.51,,United Kingdom,2.51
536544,17012F,ORIGAMI SANDLEWOOD INCENSE/CAND SET,1,01-12-2010 14:32,2.51,,United Kingdom,2.51
536544,17129F,BLUE GLASS GEMS IN BAG,2,01-12-2010 14:32,1.66,,United Kingdom,3.32
536544,18098C,PORCELAIN BUTTERFLY OIL BURNER,2,01-12-2010 14:32,5.91,,United Kingdom,11.82
536544,20622,VIPPASSPORT COVER ,1,01-12-2010 14:32,4.21,,United Kingdom,4.21
536544,20658,RED RETROSPOT LUGGAGE TAG,1,01-12-2010 14:32,2.51,,United Kingdom,2.51
536544,20662,FIRST CLASS HOLIDAY PURSE ,1,01-12-2010 14:32,2.51,,United Kingdom,2.51
536544,20676,RED RETROSPOT BOWL,1,01-12-2010 14:32,2.51,,United Kingdom,2.51
536544,20684,STRAWBERRY DREAM CHILDS UMBRELLA,1,01-12-2010 14:32,6.77,,United Kingdom,6.77
536544,20719,WOODLAND CHARLOTTE BAG,2,01-12-2010 14:32,1.66,,United Kingdom,3.32
536544,20724,RED RETROSPOT CHARLOTTE BAG,3,01-12-2010 14:32,1.66,,United Kingdom,4.98
536544,20733,GOLD MINI TAPE MEASURE ,1,01-12-2010 14:32,0.85,,United Kingdom,0.85
536544,20735,BLACK MINI TAPE MEASURE ,1,01-12-2010 14:32,0.85,,United Kingdom,0.85
536544,20770,ABSTRACT CIRCLE JOURNAL ,4,01-12-2010 14:32,2.51,,United Kingdom,10.04
536544,20835,FRENCH LATTICE CUSHION COVER ,1,01-12-2010 14:32,11.02,,United Kingdom,11.02
536544,20839,FRENCH PAISLEY CUSHION COVER ,1,01-12-2010 14:32,9.32,,United Kingdom,9.32
536544,20840,FRENCH FLORAL CUSHION COVER ,1,01-12-2010 14:32,9.32,,United Kingdom,9.32
536544,20956,PORCELAIN T-LIGHT HOLDERS ASSORTED,1,01-12-2010 14:32,2.51,,United Kingdom,2.51
536544,20969,RED FLORAL FELTCRAFT SHOULDER BAG,2,01-12-2010 14:32,7.62,,United Kingdom,15.24
536544,20971,PINK BLUE FELT CRAFT TRINKET BOX,1,01-12-2010 14:32,2.51,,United Kingdom,2.51
536544,20975,12 PENCILS SMALL TUBE RED RETROSPOT,1,01-12-2010 14:32,1.28,,United Kingdom,1.28
536544,20981,12 PENCILS TALL TUBE WOODLAND,1,01-12-2010 14:32,1.66,,United Kingdom,1.66
536544,20996,JAZZ HEARTS ADDRESS BOOK,1,01-12-2010 14:32,0.84,,United Kingdom,0.84
536544,21000,ROSE DU SUD COSMETICS BAG,1,01-12-2010 14:32,3.36,,United Kingdom,3.36
536544,21012,ANTIQUE ALL GLASS CANDLESTICK,2,01-12-2010 14:32,2.51,,United Kingdom,5.02
536544,21069,VINTAGE BILLBOARD TEA MUG,1,01-12-2010 14:32,2.51,,United Kingdom,2.51
536544,21070,VINTAGE BILLBOARD MUG ,1,01-12-2010 14:32,2.51,,United Kingdom,2.51
536544,21147,JINGLE BELLS TREE DECORATION,2,01-12-2010 14:32,2.51,,United Kingdom,5.02
536544,21158,MOODY GIRL DOOR HANGER ,2,01-12-2010 14:32,3.36,,United Kingdom,6.72
536544,21165,BEWARE OF THE CAT METAL SIGN ,1,01-12-2010 14:32,4.21,,United Kingdom,4.21
536544,21174,POTTERING IN THE SHED METAL SIGN,1,01-12-2010 14:32,4.21,,United Kingdom,4.21
536544,21189,WHITE HONEYCOMB PAPER GARLAND ,4,01-12-2010 14:32,3.36,,United Kingdom,13.44
536544,21191,LARGE WHITE HONEYCOMB PAPER BELL  ,6,01-12-2010 14:32,4.21,,United Kingdom,25.26
536544,21195,PINK  HONEYCOMB PAPER BALL ,5,01-12-2010 14:32,4.21,,United Kingdom,21.05
536544,21207,SKULL AND CROSSBONES  GARLAND ,2,01-12-2010 14:32,3.36,,United Kingdom,6.72
536544,21216,"SET 3 RETROSPOT TEA,COFFEE,SUGAR",1,01-12-2010 14:32,11.02,,United Kingdom,11.02
536544,21217,RED RETROSPOT ROUND CAKE TINS,1,01-12-2010 14:32,21.23,,United Kingdom,21.23
536544,21231,SWEETHEART CERAMIC TRINKET BOX,4,01-12-2010 14:32,2.51,,United Kingdom,10.04
536544,21238,RED RETROSPOT CUP,4,01-12-2010 14:32,1.66,,United Kingdom,6.64
536544,21249,WOODLAND  HEIGHT CHART STICKERS ,1,01-12-2010 14:32,5.91,,United Kingdom,5.91
536544,21262,WHITE GOOSE FEATHER CHRISTMAS TREE ,2,01-12-2010 14:32,7.62,,United Kingdom,15.24
536544,21313,GLASS HEART T-LIGHT HOLDER ,2,01-12-2010 14:32,1.66,,United Kingdom,3.32
536544,21349,IVY HEART WREATH,1,01-12-2010 14:32,13.57,,United Kingdom,13.57
536544,21352,EUCALYPTUS & PINECONE  WREATH,2,01-12-2010 14:32,5.91,,United Kingdom,11.82
536544,21354,TOAST ITS - BEST MUM,1,01-12-2010 14:32,2.51,,United Kingdom,2.51
536544,21365,MIRRORED WALL ART STARS,1,01-12-2010 14:32,5.91,,United Kingdom,5.91
536544,21366,MIRRORED WALL ART PHOTO FRAMES,1,01-12-2010 14:32,8.47,,United Kingdom,8.47
536544,21369,MIRRORED WALL ART SPLODGES,1,01-12-2010 14:32,7.62,,United Kingdom,7.62
536544,21372,MIRRORED WALL ART TABLE LAMP,1,01-12-2010 14:32,5.91,,United Kingdom,5.91
536544,21385,IVORY HANGING DECORATION  HEART,2,01-12-2010 14:32,1.66,,United Kingdom,3.32
536544,21407,BROWN CHECK CAT DOORSTOP ,2,01-12-2010 14:32,8.47,,United Kingdom,16.94
536544,21408,SPOTTY PINK DUCK DOORSTOP,1,01-12-2010 14:32,8.47,,United Kingdom,8.47
536544,21507,"ELEPHANT, BIRTHDAY CARD, ",1,01-12-2010 14:32,0.85,,United Kingdom,0.85
536544,21563,RED HEART SHAPE LOVE BUCKET ,2,01-12-2010 14:32,5.91,,United Kingdom,11.82
536544,21564,PINK  HEART SHAPE LOVE BUCKET ,2,01-12-2010 14:32,5.91,,United Kingdom,11.82
536544,21634,ASSORTED MINI MADRAS NOTEBOOK,1,01-12-2010 14:32,2.51,,United Kingdom,2.51
536544,21641,ASSORTED TUTTI FRUTTI KEYRING BALL,1,01-12-2010 14:32,1.66,,United Kingdom,1.66
536544,21679,SKULLS  STICKERS,3,01-12-2010 14:32,1.66,,United Kingdom,4.98
536544,21703,BAG 125g SWIRLY MARBLES,1,01-12-2010 14:32,0.85,,United Kingdom,0.85
536544,21704,BAG 250g SWIRLY MARBLES,1,01-12-2010 14:32,1.66,,United Kingdom,1.66
536544,21721,CANDY SHOP  STICKER SHEET,1,01-12-2010 14:32,1.66,,United Kingdom,1.66
536544,21722,SWEET PUDDING STICKER SHEET,1,01-12-2010 14:32,1.66,,United Kingdom,1.66
536544,21758,VINTAGE SHELLS PRINT,1,01-12-2010 14:32,12.72,,United Kingdom,12.72
536545,21134,,1,01-12-2010 14:32,0,,United Kingdom,0
536546,22145,,1,01-12-2010 14:33,0,,United Kingdom,0
536547,37509,,1,01-12-2010 14:33,0,,United Kingdom,0
C536548,22892,SET OF SALT AND PEPPER TOADSTOOLS,-7,01-12-2010 14:33,1.25,12472,Germany,-8.75
C536548,22245,"HOOK, 1 HANGER ,MAGIC GARDEN",-2,01-12-2010 14:33,0.85,12472,Germany,-1.7
C536548,20957,PORCELAIN HANGING BELL SMALL,-1,01-12-2010 14:33,1.45,12472,Germany,-1.45
536549,85226A,,1,01-12-2010 14:34,0,,United Kingdom,0
536550,85044,,1,01-12-2010 14:34,0,,United Kingdom,0
536551,79144B,PAINTED LIGHTBULB STAR+ MOON,2,01-12-2010 14:34,0.42,17346,United Kingdom,0.84
536551,22482,BLUE TEA TOWEL CLASSIC DESIGN,2,01-12-2010 14:34,1.25,17346,United Kingdom,2.5
536551,21917,SET 12 KIDS  WHITE CHALK STICKS,1,01-12-2010 14:34,0.42,17346,United Kingdom,0.42
536552,20950,,1,01-12-2010 14:34,0,,United Kingdom,0
536553,37461,,3,01-12-2010 14:35,0,,United Kingdom,0
536554,84670,,23,01-12-2010 14:35,0,,United Kingdom,0
536555,20697,LITTLE GREEN MONSTER SOFT TOY,1,01-12-2010 14:37,2.55,,United Kingdom,2.55
536556,22599,CHRISTMAS MUSICAL ZINC STAR,12,01-12-2010 14:38,0.85,17643,United Kingdom,10.2
536556,22597,CHRISTMAS MUSICAL ZINC HEART ,12,01-12-2010 14:38,0.85,17643,United Kingdom,10.2
536557,21495,SKULLS AND CROSSBONES WRAP,25,01-12-2010 14:41,0.42,17841,United Kingdom,10.5
536557,46000R,POLYESTER FILLER PAD 45x30cm,2,01-12-2010 14:41,1.45,17841,United Kingdom,2.9
536557,46000S,POLYESTER FILLER PAD 40x40cm,1,01-12-2010 14:41,1.45,17841,United Kingdom,1.45
536557,84920,PINK FLOWER FABRIC PONY,1,01-12-2010 14:41,3.75,17841,United Kingdom,3.75
536557,22953,BIRTHDAY PARTY CORDON BARRIER TAPE,1,01-12-2010 14:41,1.25,17841,United Kingdom,1.25
536557,84508A,CAMOUFLAGE DESIGN TEDDY,1,01-12-2010 14:41,2.55,17841,United Kingdom,2.55
536557,21670,BLUE SPOT CERAMIC DRAWER KNOB,6,01-12-2010 14:41,1.25,17841,United Kingdom,7.5
536557,22786,CUSHION COVER PINK UNION JACK,2,01-12-2010 14:41,5.95,17841,United Kingdom,11.9
536557,22212,FOUR HOOK  WHITE LOVEBIRDS,1,01-12-2010 14:41,2.1,17841,United Kingdom,2.1
536557,22678,FRENCH BLUE METAL DOOR SIGN 3,3,01-12-2010 14:41,1.25,17841,United Kingdom,3.75
536557,22686,FRENCH BLUE METAL DOOR SIGN No,1,01-12-2010 14:41,1.25,17841,United Kingdom,1.25
536557,84685,BEACH HUT KEY CABINET,1,01-12-2010 14:41,3.75,17841,United Kingdom,3.75
536557,20616,CHERRY BLOSSOM PASSPORT COVER,2,01-12-2010 14:41,2.1,17841,United Kingdom,4.2
536557,22753,SMALL YELLOW BABUSHKA NOTEBOOK ,9,01-12-2010 14:41,0.85,17841,United Kingdom,7.65
536557,79066K,RETRO MOD TRAY,1,01-12-2010 14:41,0.85,17841,United Kingdom,0.85
536557,22794,SWEETHEART WIRE MAGAZINE RACK,1,01-12-2010 14:41,7.95,17841,United Kingdom,7.95
536557,22592,CARDHOLDER HOLLY WREATH METAL,1,01-12-2010 14:41,3.75,17841,United Kingdom,3.75
536557,84352,SILVER CHRISTMAS TREE BAUBLE STAND ,1,01-12-2010 14:41,16.95,17841,United Kingdom,16.95
536557,22795,SWEETHEART RECIPE BOOK STAND,2,01-12-2010 14:41,6.75,17841,United Kingdom,13.5
536557,22278,OVERNIGHT BAG VINTAGE ROSE PAISLEY,1,01-12-2010 14:41,4.95,17841,United Kingdom,4.95
536558,22802,FAUX FUR CHOCOLATE THROW,5,01-12-2010 14:48,19.95,,United Kingdom,99.75
536559,84884A,ANT WHITE WIRE HEART SPIRAL,10,01-12-2010 14:54,3.95,17873,United Kingdom,39.5
536559,51014C,"FEATHER PEN,COAL BLACK",24,01-12-2010 14:54,0.85,17873,United Kingdom,20.4
536559,51014L,"FEATHER PEN,LIGHT PINK",12,01-12-2010 14:54,0.85,17873,United Kingdom,10.2
536559,51014A,"FEATHER PEN,HOT PINK",12,01-12-2010 14:54,0.85,17873,United Kingdom,10.2
536559,22366,DOORMAT AIRMAIL ,10,01-12-2010 14:54,6.75,17873,United Kingdom,67.5
536560,48111,DOORMAT 3 SMILEY CATS,10,01-12-2010 15:00,6.75,13093,United Kingdom,67.5
536560,22846,BREAD BIN DINER STYLE RED ,4,01-12-2010 15:00,14.95,13093,United Kingdom,59.8
536560,22402,MAGNETS PACK OF 4 VINTAGE COLLAGE,12,01-12-2010 15:00,1.25,13093,United Kingdom,15
536560,22400,MAGNETS PACK OF 4 HOME SWEET HOME,12,01-12-2010 15:00,1.25,13093,United Kingdom,15
536560,22399,MAGNETS PACK OF 4 CHILDHOOD MEMORY,12,01-12-2010 15:00,1.25,13093,United Kingdom,15
536562,79302M,"ART LIGHTS,FUNK MONKEY",6,01-12-2010 15:08,2.95,13468,United Kingdom,17.7
536562,37446,MINI CAKE STAND WITH HANGING CAKES,8,01-12-2010 15:08,1.45,13468,United Kingdom,11.6
536562,84509B,SET OF 4 FAIRY CAKE PLACEMATS,4,01-12-2010 15:08,3.75,13468,United Kingdom,15
536562,22313,OFFICE MUG WARMER PINK,6,01-12-2010 15:08,2.95,13468,United Kingdom,17.7
536562,21181,PLEASE ONE PERSON METAL SIGN,12,01-12-2010 15:08,2.1,13468,United Kingdom,25.2
536563,21818,GLITTER CHRISTMAS HEART ,36,01-12-2010 15:08,0.85,17760,United Kingdom,30.6
536566,21668,RED STRIPE CERAMIC DRAWER KNOB,6,01-12-2010 15:21,1.25,16928,United Kingdom,7.5
536569,21462,"NURSERY A,B,C PAINTED LETTERS",1,01-12-2010 15:35,6.75,16274,United Kingdom,6.75
536569,22496,SET OF 2 ROUND TINS DUTCH CHEESE,1,01-12-2010 15:35,2.95,16274,United Kingdom,2.95
536569,84870C,GREEN GEISHA GIRL ,1,01-12-2010 15:35,3.75,16274,United Kingdom,3.75
536569,84870B,BLUE GEISHA GIRL ,1,01-12-2010 15:35,3.75,16274,United Kingdom,3.75
536569,22765,NEWSPAPER STAND,1,01-12-2010 15:35,14.95,16274,United Kingdom,14.95
536569,21351,CINAMMON & ORANGE WREATH,2,01-12-2010 15:35,6.75,16274,United Kingdom,13.5
536569,22581,WOOD STOCKING CHRISTMAS SCANDISPOT,3,01-12-2010 15:35,0.85,16274,United Kingdom,2.55
536569,22579,WOODEN TREE CHRISTMAS SCANDINAVIAN,1,01-12-2010 15:35,0.85,16274,United Kingdom,0.85
536569,22572,ROCKING HORSE GREEN CHRISTMAS ,1,01-12-2010 15:35,0.85,16274,United Kingdom,0.85
536569,22640,SET OF 4 NAPKIN CHARMS 3 KEYS ,1,01-12-2010 15:35,2.55,16274,United Kingdom,2.55
536569,22641,SET OF 4 NAPKIN CHARMS INSTRUMENT,2,01-12-2010 15:35,2.55,16274,United Kingdom,5.1
536569,22638,SET OF 4 NAPKIN CHARMS CROWNS ,1,01-12-2010 15:35,2.55,16274,United Kingdom,2.55
536569,22576,SWALLOW WOODEN CHRISTMAS DECORATION,3,01-12-2010 15:35,0.85,16274,United Kingdom,2.55
536569,21817,GLITTER CHRISTMAS TREE,1,01-12-2010 15:35,0.85,16274,United Kingdom,0.85
536569,21813,GARLAND WITH STARS AND BELLS,1,01-12-2010 15:35,4.95,16274,United Kingdom,4.95
536569,21808,"CHRISTMAS GARLAND STARS,TREES",1,01-12-2010 15:35,3.75,16274,United Kingdom,3.75
536569,21014,SWISS CHALET TREE DECORATION ,2,01-12-2010 15:35,0.85,16274,United Kingdom,1.7
536569,21018,BIRD BOX CHRISTMAS TREE DECORATION,2,01-12-2010 15:35,0.85,16274,United Kingdom,1.7
536569,22946,WOODEN ADVENT CALENDAR CREAM,1,01-12-2010 15:35,16.95,16274,United Kingdom,16.95
536569,M,Manual,1,01-12-2010 15:35,1.25,16274,United Kingdom,1.25
536569,22660,DOORMAT I LOVE LONDON,1,01-12-2010 15:35,7.95,16274,United Kingdom,7.95
536569,21761,WOOD AND GLASS MEDICINE CABINET,1,01-12-2010 15:35,29.95,16274,United Kingdom,29.95
536570,21781,MA CAMPAGNE CUTLERY BOX,2,01-12-2010 15:35,14.95,14496,United Kingdom,29.9
536571,22696,WICKER WREATH LARGE,6,01-12-2010 15:37,1.95,14696,United Kingdom,11.7
536571,84360,TABLE LAMP WHITE SHADE WOOD BASE,2,01-12-2010 15:37,5.95,14696,United Kingdom,11.9
536571,35954,SMALL FOLKART STAR CHRISTMAS DEC,48,01-12-2010 15:37,0.42,14696,United Kingdom,20.16
536571,84760S,SMALL HANGING GLASS+ZINC LANTERN,12,01-12-2010 15:37,1.45,14696,United Kingdom,17.4
536571,85045,GREEN CHRISTMAS TREE STRING 20LIGHT,4,01-12-2010 15:37,4.95,14696,United Kingdom,19.8
536571,35598B,BLACK CHRISTMAS TREE 60CM,24,01-12-2010 15:37,0.65,14696,United Kingdom,15.6
536572,22578,WOODEN STAR CHRISTMAS SCANDINAVIAN,24,01-12-2010 15:40,0.85,16539,United Kingdom,20.4
536572,22855,FINE WICKER HEART ,12,01-12-2010 15:40,1.25,16539,United Kingdom,15
536575,21864,UNION JACK FLAG PASSPORT COVER ,72,01-12-2010 16:01,1.69,13777,United Kingdom,121.68
536575,15056P,EDWARDIAN PARASOL PINK,48,01-12-2010 16:01,4.6,13777,United Kingdom,220.8
536576,85174,S/4 CACTI CANDLES,16,01-12-2010 16:11,4.25,13777,United Kingdom,68
536576,82615,PINK MARSHMALLOW SCARF KNITTING KIT,36,01-12-2010 16:11,2.55,13777,United Kingdom,91.8
536576,85038,6 CHOCOLATE LOVE HEART T-LIGHTS,72,01-12-2010 16:11,1.69,13777,United Kingdom,121.68
536580,22965,3 TRADITIONAL COOKIE CUTTERS  SET,6,01-12-2010 16:17,2.1,17690,United Kingdom,12.6
536582,21374,MIRRORED WALL ART SKULLS,4,01-12-2010 16:21,3.75,12947,United Kingdom,15
536582,21509,COWBOYS AND INDIANS BIRTHDAY CARD ,12,01-12-2010 16:21,0.42,12947,United Kingdom,5.04
536582,22025,RING OF ROSES BIRTHDAY CARD,12,01-12-2010 16:21,0.42,12947,United Kingdom,5.04
536586,22725,ALARM CLOCK BAKELIKE CHOCOLATE,4,01-12-2010 16:25,3.75,18229,United Kingdom,15
536587,37448,CERAMIC CAKE DESIGN SPOTTED MUG,12,01-12-2010 16:33,1.49,14142,United Kingdom,17.88
536587,22421,LIPSTICK PEN FUSCHIA,12,01-12-2010 16:33,0.42,14142,United Kingdom,5.04
536588,84997A,GREEN 3 PIECE POLKADOT CUTLERY SET,6,01-12-2010 16:49,3.75,17069,United Kingdom,22.5
536590,21136,PAINTED METAL PEARS ASSORTED,8,01-12-2010 16:52,1.69,13065,United Kingdom,13.52
536590,71477,COLOUR GLASS. STAR T-LIGHT HOLDER,4,01-12-2010 16:52,3.25,13065,United Kingdom,13
536590,22030,SWALLOWS GREETING CARD,12,01-12-2010 16:52,0.42,13065,United Kingdom,5.04
536591,90214M,"LETTER ""M"" BLING KEY RING",1,01-12-2010 16:57,1.25,14606,United Kingdom,1.25
536591,90214V,"LETTER ""V"" BLING KEY RING",1,01-12-2010 16:57,1.25,14606,United Kingdom,1.25
536591,90214S,"LETTER ""S"" BLING KEY RING",1,01-12-2010 16:57,1.25,14606,United Kingdom,1.25
536591,21789,KIDS RAIN MAC PINK,1,01-12-2010 16:57,0.85,14606,United Kingdom,0.85
536591,21629,SQUARE FLOOR CUSHION VINTAGE RED,1,01-12-2010 16:57,7.95,14606,United Kingdom,7.95
536591,21850,BLUE  DIAMANTE PEN IN GIFT BOX,1,01-12-2010 16:57,4.95,14606,United Kingdom,4.95
536591,20978,36 PENCILS TUBE SKULLS,2,01-12-2010 16:57,1.25,14606,United Kingdom,2.5
536591,20768,GREEN FERN JOURNAL ,1,01-12-2010 16:57,2.55,14606,United Kingdom,2.55
536591,20780,BLACK EAR MUFF HEADPHONES,1,01-12-2010 16:57,5.49,14606,United Kingdom,5.49
536591,21398,RED POLKADOT COFFEE  MUG,1,01-12-2010 16:57,2.1,14606,United Kingdom,2.1
536591,21643,ASSORTED TUTTI FRUTTI MIRROR,3,01-12-2010 16:57,1.25,14606,United Kingdom,3.75
536591,21620,SET OF 4 ROSE BOTANICAL CANDLES,1,01-12-2010 16:57,3.75,14606,United Kingdom,3.75
536591,22260,FELT EGG COSY BLUE RABBIT ,5,01-12-2010 16:57,0.85,14606,United Kingdom,4.25
536591,22136,LOVE HEART SOCK HANGER,1,01-12-2010 16:57,1.65,14606,United Kingdom,1.65
536592,10135,COLOURING PENCILS BROWN TUBE,1,01-12-2010 17:06,2.51,,United Kingdom,2.51
536592,16168M,FUNKY MONKEY GIFT BAG MEDIUM,2,01-12-2010 17:06,0.85,,United Kingdom,1.7
536592,17014A,ORIGAMI VANILLA INCENSE CONES,1,01-12-2010 17:06,3.36,,United Kingdom,3.36
536592,17084N,FAIRY DREAMS INCENSE ,2,01-12-2010 17:06,0.43,,United Kingdom,0.86
536592,17084P,DRAGONS BLOOD INCENSE,1,01-12-2010 17:06,0.43,,United Kingdom,0.43
536592,20617,FIRST CLASS PASSPORT COVER ,1,01-12-2010 17:06,4.21,,United Kingdom,4.21
536592,20619,TROPICAL PASSPORT COVER ,1,01-12-2010 17:06,4.21,,United Kingdom,4.21
536592,20653,CHERRY BLOSSOM LUGGAGE TAG,1,01-12-2010 17:06,2.51,,United Kingdom,2.51
536592,20681,PINK POLKADOT CHILDRENS UMBRELLA,1,01-12-2010 17:06,6.77,,United Kingdom,6.77
536592,20682,RED RETROSPOT CHILDRENS UMBRELLA,2,01-12-2010 17:06,6.77,,United Kingdom,13.54
536592,20696,FLORAL SOFT CAR TOY,1,01-12-2010 17:06,7.62,,United Kingdom,7.62
536592,20699,MOUSEY LONG LEGS SOFT TOY,2,01-12-2010 17:06,5.06,,United Kingdom,10.12
536592,20700,GREEN CAT FLORAL CUSHION COVER ,1,01-12-2010 17:06,10.17,,United Kingdom,10.17
536592,20718,RED RETROSPOT SHOPPER BAG,1,01-12-2010 17:06,2.51,,United Kingdom,2.51
536592,20752,BLUE POLKADOT WASHING UP GLOVES,1,01-12-2010 17:06,4.21,,United Kingdom,4.21
536592,20761,BLUE PAISLEY SKETCHBOOK,1,01-12-2010 17:06,7.62,,United Kingdom,7.62
536592,20846,ZINC HEART LATTICE T-LIGHT HOLDER,1,01-12-2010 17:06,2.51,,United Kingdom,2.51
536592,20931,BLUE POT PLANT CANDLE ,2,01-12-2010 17:06,7.62,,United Kingdom,15.24
536592,21002,ROSE DU SUD DRAWSTRING BAG,2,01-12-2010 17:06,3.36,,United Kingdom,6.72
536592,21015,DARK BIRD HOUSE TREE DECORATION,1,01-12-2010 17:06,1.28,,United Kingdom,1.28
536592,21067,VINTAGE RED TEATIME MUG,1,01-12-2010 17:06,2.51,,United Kingdom,2.51
536592,21109,"LARGE CAKE TOWEL, CHOCOLATE SPOTS",1,01-12-2010 17:06,13.57,,United Kingdom,13.57
536592,21110,LARGE CAKE TOWEL PINK SPOTS,2,01-12-2010 17:06,13.57,,United Kingdom,27.14
536592,21128,GOLD FISHING GNOME,1,01-12-2010 17:06,12.72,,United Kingdom,12.72
536592,21164,HOME SWEET HOME METAL SIGN ,1,01-12-2010 17:06,5.91,,United Kingdom,5.91
536592,21188,3D HEARTS  HONEYCOMB PAPER GARLAND,2,01-12-2010 17:06,5.91,,United Kingdom,11.82
536592,21208,PASTEL COLOUR HONEYCOMB FAN,1,01-12-2010 17:06,3.36,,United Kingdom,3.36
536592,21220,SET/4 BADGES DOGS,1,01-12-2010 17:06,2.51,,United Kingdom,2.51
536592,21272,SALLE DE BAIN HOOK,1,01-12-2010 17:06,2.51,,United Kingdom,2.51
536592,21279,VINTAGE KITCHEN PRINT FRUITS,1,01-12-2010 17:06,5.06,,United Kingdom,5.06
536592,21281,VINTAGE KITCHEN PRINT SEAFOOD,1,01-12-2010 17:06,5.06,,United Kingdom,5.06
536592,21288,STRIPEY CHOCOLATE NESTING BOXES,1,01-12-2010 17:06,5.91,,United Kingdom,5.91
536592,21356,TOAST ITS - FAIRY FLOWER,1,01-12-2010 17:06,2.51,,United Kingdom,2.51
536592,21439,BASKET OF TOADSTOOLS,1,01-12-2010 17:06,2.51,,United Kingdom,2.51
536592,21447,12 IVORY ROSE PEG PLACE SETTINGS,1,01-12-2010 17:06,2.51,,United Kingdom,2.51
536592,21537,RED RETROSPOT PUDDING BOWL,2,01-12-2010 17:06,8.47,,United Kingdom,16.94
536592,21547,CERAMIC BIRDHOUSE CRESTED TIT SMALL,1,01-12-2010 17:06,5.91,,United Kingdom,5.91
536592,21594,Dr. Jam's Arouzer Stress Ball,1,01-12-2010 17:06,4.21,,United Kingdom,4.21
536592,21638,ASSORTED TUTTI FRUTTI NOTEBOOK,1,01-12-2010 17:06,4.21,,United Kingdom,4.21
536592,21648,ASSORTED TUTTI FRUTTI SMALL PURSE,3,01-12-2010 17:06,2.51,,United Kingdom,7.53
536592,21656,RIDGED GLASS POSY VASE ,1,01-12-2010 17:06,3.36,,United Kingdom,3.36
536592,21671,RED SPOT CERAMIC DRAWER KNOB,2,01-12-2010 17:06,2.51,,United Kingdom,5.02
536592,21684,SMALL MEDINA STAMPED METAL BOWL ,1,01-12-2010 17:06,2.51,,United Kingdom,2.51
536592,21698,MOCK LOBSTER FRIDGE MAGNET,1,01-12-2010 17:06,1.66,,United Kingdom,1.66
536592,21700,BIG DOUGHNUT FRIDGE MAGNETS,1,01-12-2010 17:06,8.47,,United Kingdom,8.47
536592,21745,GAOLERS KEYS DECORATIVE GARDEN ,1,01-12-2010 17:06,8.47,,United Kingdom,8.47
536592,21775,DECORATIVE FLORE BATHROOM BOTTLE,3,01-12-2010 17:06,2.51,,United Kingdom,7.53
536592,21820,GLITTER HEART GARLAND WITH BELLS ,1,01-12-2010 17:06,7.62,,United Kingdom,7.62
536592,21830,ASSORTED CREEPY CRAWLIES,1,01-12-2010 17:06,0.85,,United Kingdom,0.85
536592,21846,PINK DIAMANTE PEN IN GIFT BOX,4,01-12-2010 17:06,4.21,,United Kingdom,16.84
536592,21868,POTTING SHED TEA MUG,2,01-12-2010 17:06,3.36,,United Kingdom,6.72
536592,21875,KINGS CHOICE MUG,1,01-12-2010 17:06,3.36,,United Kingdom,3.36
536592,21896,POTTING SHED TWINE,1,01-12-2010 17:06,4.21,,United Kingdom,4.21
536592,21899,"KEY FOB , GARAGE DESIGN",1,01-12-2010 17:06,1.66,,United Kingdom,1.66
536592,21906,PHARMACIE FIRST AID TIN,1,01-12-2010 17:06,13.57,,United Kingdom,13.57
536592,21908,CHOCOLATE THIS WAY METAL SIGN,1,01-12-2010 17:06,4.21,,United Kingdom,4.21
536592,21974,SET OF 36 PAISLEY FLOWER DOILIES,5,01-12-2010 17:06,2.98,,United Kingdom,14.9
536592,22078,RIBBON REEL LACE DESIGN ,1,01-12-2010 17:06,4.21,,United Kingdom,4.21
536592,22084,PAPER CHAIN KIT EMPIRE,1,01-12-2010 17:06,5.91,,United Kingdom,5.91
536592,22091,EMPIRE TISSUE BOX,2,01-12-2010 17:06,2.51,,United Kingdom,5.02
536592,22124,SET OF 2 TEA TOWELS PING MICROWAVE,2,01-12-2010 17:06,2.51,,United Kingdom,5.02
536592,22165,"DIAMANTE HEART SHAPED WALL MIRROR, ",1,01-12-2010 17:06,11.02,,United Kingdom,11.02
536592,22184,CAKE STAND VICTORIAN FILIGREE LARGE,1,01-12-2010 17:06,8.47,,United Kingdom,8.47
536592,22208,WOOD STAMP SET THANK YOU,1,01-12-2010 17:06,3.36,,United Kingdom,3.36
536592,22246,MAGIC GARDEN FELT GARLAND ,2,01-12-2010 17:06,4.21,,United Kingdom,8.42
536592,22283,6 EGG HOUSE PAINTED WOOD,1,01-12-2010 17:06,16.13,,United Kingdom,16.13
536592,22304,COFFEE MUG BLUE PAISLEY DESIGN,1,01-12-2010 17:06,5.06,,United Kingdom,5.06
536592,22308,TEA COSY BLUE STRIPE,1,01-12-2010 17:06,5.06,,United Kingdom,5.06
536592,22317,FIVE CATS HANGING DECORATION,2,01-12-2010 17:06,5.91,,United Kingdom,11.82
536592,22324,BLUE POLKADOT KIDS BAG,1,01-12-2010 17:06,4.21,,United Kingdom,4.21
536592,22325,MOBILE VINTAGE HEARTS ,1,01-12-2010 17:06,11.87,,United Kingdom,11.87
536592,22331,WOODLAND PARTY BAG + STICKER SET,1,01-12-2010 17:06,3.36,,United Kingdom,3.36
536592,22342,HOME GARLAND PAINTED ZINC ,1,01-12-2010 17:06,3.36,,United Kingdom,3.36
536592,22350,ILLUSTRATED CAT BOWL ,2,01-12-2010 17:06,5.06,,United Kingdom,10.12
536592,22393,PAPERWEIGHT VINTAGE COLLAGE,1,01-12-2010 17:06,5.06,,United Kingdom,5.06
536592,22405,MONEY BOX POCKET MONEY DESIGN,1,01-12-2010 17:06,2.51,,United Kingdom,2.51
536592,22409,MONEY BOX BISCUITS DESIGN,1,01-12-2010 17:06,2.51,,United Kingdom,2.51
536592,22420,LIPSTICK PEN BABY PINK,2,01-12-2010 17:06,0.85,,United Kingdom,1.7
536592,22425,ENAMEL COLANDER CREAM,1,01-12-2010 17:06,10.17,,United Kingdom,10.17
536592,22458,CAST IRON HOOK GARDEN FORK,1,01-12-2010 17:06,5.06,,United Kingdom,5.06
536592,22459,CAST IRON HOOK GARDEN TROWEL,1,01-12-2010 17:06,5.06,,United Kingdom,5.06
536592,22499,WOODEN UNION JACK BUNTING,1,01-12-2010 17:06,12.72,,United Kingdom,12.72
536592,22503,CABIN BAG VINTAGE PAISLEY,1,01-12-2010 17:06,59.53,,United Kingdom,59.53
536592,22536,MAGIC DRAWING SLATE PURDEY,1,01-12-2010 17:06,0.85,,United Kingdom,0.85
536592,22586,FELTCRAFT HAIRBAND PINK AND BLUE,1,01-12-2010 17:06,1.66,,United Kingdom,1.66
536592,22602,CHRISTMAS RETROSPOT HEART WOOD,1,01-12-2010 17:06,1.66,,United Kingdom,1.66
536592,22649,STRAWBERRY FAIRY CAKE TEAPOT,2,01-12-2010 17:06,11.02,,United Kingdom,22.04
536592,22668,PINK BABY BUNTING,1,01-12-2010 17:06,5.91,,United Kingdom,5.91
536592,22673,FRENCH GARDEN SIGN BLUE METAL,1,01-12-2010 17:06,2.51,,United Kingdom,2.51
536592,22692,DOORMAT WELCOME TO OUR HOME,1,01-12-2010 17:06,7.95,,United Kingdom,7.95
536592,22746,POPPY'S PLAYHOUSE LIVINGROOM ,2,01-12-2010 17:06,4.21,,United Kingdom,8.42
536592,22747,POPPY'S PLAYHOUSE BATHROOM,1,01-12-2010 17:06,4.21,,United Kingdom,4.21
536592,22756,LARGE YELLOW BABUSHKA NOTEBOOK ,1,01-12-2010 17:06,2.51,,United Kingdom,2.51
536592,22788,BROCANTE COAT RACK,1,01-12-2010 17:06,20.38,,United Kingdom,20.38
536592,22831,WHITE BROCANTE SOAP DISH,1,01-12-2010 17:06,5.91,,United Kingdom,5.91
536592,22841,ROUND CAKE TIN VINTAGE GREEN,1,01-12-2010 17:06,16.13,,United Kingdom,16.13
536592,22863,SOAP DISH BROCANTE,1,01-12-2010 17:06,5.91,,United Kingdom,5.91
536592,22870,NUMBER TILE COTTAGE GARDEN 2,1,01-12-2010 17:06,4.21,,United Kingdom,4.21
536592,22890,NOVELTY BISCUITS CAKE STAND 3 TIER,1,01-12-2010 17:06,20.38,,United Kingdom,20.38
536592,22897,OVEN MITT APPLES DESIGN,1,01-12-2010 17:06,2.98,,United Kingdom,2.98
536592,22898,CHILDRENS APRON APPLES DESIGN,2,01-12-2010 17:06,4.21,,United Kingdom,8.42
536592,22944,CHRISTMAS METAL POSTCARD WITH BELLS,1,01-12-2010 17:06,16.13,,United Kingdom,16.13
536592,22977,DOLLY GIRL CHILDRENS EGG CUP,1,01-12-2010 17:06,2.51,,United Kingdom,2.51
536592,35637A,IVORY STRING CURTAIN WITH POLE ,1,01-12-2010 17:06,19.53,,United Kingdom,19.53
536592,35916B,BLUE FELT HANGING HEART W FLOWER,1,01-12-2010 17:06,1.66,,United Kingdom,1.66
536592,35916C,PINK FELT HANGING HEART W FLOWER,1,01-12-2010 17:06,1.66,,United Kingdom,1.66
536592,35964,FOLKART CLIP ON STARS,1,01-12-2010 17:06,1.66,,United Kingdom,1.66
536592,35965,FOLKART HEART NAPKIN RINGS,4,01-12-2010 17:06,3.36,,United Kingdom,13.44
536592,35967,FOLK ART METAL STAR T-LIGHT HOLDER,3,01-12-2010 17:06,1.66,,United Kingdom,4.98
536592,37450,CERAMIC CAKE BOWL + HANGING CAKES,1,01-12-2010 17:06,5.91,,United Kingdom,5.91
536592,37491A,YELLOW/PINK CERAMIC CANDLE HOLDER,1,01-12-2010 17:06,3.36,,United Kingdom,3.36
536592,46775D,SUNSET COLOUR CHUNKY KNITTED THROW,1,01-12-2010 17:06,11.02,,United Kingdom,11.02
536592,46776B,WOVEN BERRIES CUSHION COVER ,1,01-12-2010 17:06,4.21,,United Kingdom,4.21
536592,47566B,TEA TIME PARTY BUNTING,1,01-12-2010 17:06,8.47,,United Kingdom,8.47
536592,47567B,TEA TIME KITCHEN APRON,1,01-12-2010 17:06,12.72,,United Kingdom,12.72
536592,47590A,BLUE HAPPY BIRTHDAY BUNTING,1,01-12-2010 17:06,11.02,,United Kingdom,11.02
536592,47590B,PINK HAPPY BIRTHDAY BUNTING,1,01-12-2010 17:06,11.02,,United Kingdom,11.02
536592,47594A,CAROUSEL DESIGN WASHBAG,1,01-12-2010 17:06,4.21,,United Kingdom,4.21
536592,70006,LOVE HEART POCKET WARMER,2,01-12-2010 17:06,3.36,,United Kingdom,6.72
536592,71496A,A4 WALL TIDY BLUE OFFICE,2,01-12-2010 17:06,1.49,,United Kingdom,2.98
536592,72134,COLUMBIAN  CUBE CANDLE ,1,01-12-2010 17:06,1.66,,United Kingdom,1.66
536592,79067,CORONA MEXICAN TRAY,1,01-12-2010 17:06,8.47,,United Kingdom,8.47
536592,82582,AREA PATROLLED METAL SIGN,1,01-12-2010 17:06,4.21,,United Kingdom,4.21
536592,82599,FANNY'S REST STOPMETAL SIGN,2,01-12-2010 17:06,4.21,,United Kingdom,8.42
536592,82616C,MIDNIGHT GLAMOUR SCARF KNITTING KIT,1,01-12-2010 17:06,2.51,,United Kingdom,2.51
536592,84459B,YELLOW METAL CHICKEN HEART ,1,01-12-2010 17:06,3.36,,United Kingdom,3.36
536592,84520B,PACK 20 ENGLISH ROSE PAPER NAPKINS,2,01-12-2010 17:06,1.66,,United Kingdom,3.32
536592,84559A,3D SHEET OF DOG STICKERS,1,01-12-2010 17:06,1.69,,United Kingdom,1.69
536592,84559B,3D SHEET OF CAT STICKERS,1,01-12-2010 17:06,1.69,,United Kingdom,1.69
536592,84596J,MIXED NUTS LIGHT GREEN BOWL,1,01-12-2010 17:06,2.51,,United Kingdom,2.51
536592,84609,TALL ROCOCO CANDLE HOLDER,1,01-12-2010 17:06,16.98,,United Kingdom,16.98
536592,84659A,WHITE TRAVEL ALARM CLOCK,3,01-12-2010 17:06,2.51,,United Kingdom,7.53
536592,84663A,GRASS HOPPER WOODEN WALL CLOCK ,1,01-12-2010 17:06,5.91,,United Kingdom,5.91
536592,84828,JUNGLE POPSICLES ICE LOLLY HOLDERS,2,01-12-2010 17:06,2.51,,United Kingdom,5.02
536592,84856L,LARGE TAHITI BEACH BAG,1,01-12-2010 17:06,11.87,,United Kingdom,11.87
536592,84915,HAND TOWEL PINK FLOWER AND DAISY,2,01-12-2010 17:06,4.21,,United Kingdom,8.42
536592,84950,ASSORTED COLOUR T-LIGHT HOLDER,18,01-12-2010 17:06,0.99,,United Kingdom,17.82
536592,84976,RECTANGULAR SHAPED MIRROR,1,01-12-2010 17:06,3.36,,United Kingdom,3.36
536592,85008,SET OF 3 CONEY ISLAND OVAL BOXES,1,01-12-2010 17:06,10.17,,United Kingdom,10.17
536592,85040B,SET/4 BLUE FLOWER CANDLES IN BOWL,2,01-12-2010 17:06,3.36,,United Kingdom,6.72
536592,85053,FRENCH ENAMEL CANDLEHOLDER,1,01-12-2010 17:06,4.21,,United Kingdom,4.21
536592,85114A,BLACK ENCHANTED FOREST PLACEMAT,4,01-12-2010 17:06,3.36,,United Kingdom,13.44
536592,85131D,BEADED CRYSTAL HEART PINK ON STICK,1,01-12-2010 17:06,0.85,,United Kingdom,0.85
536592,85170D,SET/6 PINK BIRD T-LIGHT CANDLES,1,01-12-2010 17:06,4.21,,United Kingdom,4.21
536592,85212,MINI PAINTED GARDEN DECORATION ,4,01-12-2010 17:06,1.66,,United Kingdom,6.64
536592,85227,SET OF 6 3D KIT CARDS FOR KIDS,2,01-12-2010 17:06,1.66,,United Kingdom,3.32
536592,85232D,SET/3 DECOUPAGE STACKING TINS,1,01-12-2010 17:06,10.17,,United Kingdom,10.17
536592,90013B,BLACK VINTAGE EARRINGS,1,01-12-2010 17:06,4.24,,United Kingdom,4.24
536592,90018B,GOLD M.O.P ORBIT DROP EARRINGS,1,01-12-2010 17:06,4.24,,United Kingdom,4.24
536592,90019B,GOLD M.O.P ORBIT BRACELET,1,01-12-2010 17:06,5.51,,United Kingdom,5.51
536592,90024C,NEW BAROQUE B'FLY NECKLACE GREEN,1,01-12-2010 17:06,8.49,,United Kingdom,8.49
536592,90036F,"FLOWER GLASS GARLD NECKL36""TURQUOIS",1,01-12-2010 17:06,8.07,,United Kingdom,8.07
536592,90040B,MURANO STYLE GLASS BRACELET BLACK,1,01-12-2010 17:06,3.81,,United Kingdom,3.81
536592,90051,CRACKED GLAZE NECKLACE RED,1,01-12-2010 17:06,7.22,,United Kingdom,7.22
536592,90054,CRACKED GLAZE EARRINGS RED,1,01-12-2010 17:06,2.54,,United Kingdom,2.54
536592,90077,BLACK DIAMOND CLUSTER EARRINGS,1,01-12-2010 17:06,2.96,,United Kingdom,2.96
536592,90124B,BLUE MURANO TWIST NECKLACE,1,01-12-2010 17:06,10.17,,United Kingdom,10.17
536592,90134,OLD ROSE COMBO BEAD NECKLACE,1,01-12-2010 17:06,2.96,,United Kingdom,2.96
536592,90138,WHITE/PINK MINI CRYSTALS NECKLACE,1,01-12-2010 17:06,5.51,,United Kingdom,5.51
536592,90161B,ANT COPPER TURQ BOUDICCA BRACELET,2,01-12-2010 17:06,5.09,,United Kingdom,10.18
536592,90166,PINK & WHITE ROSEBUD RING,1,01-12-2010 17:06,4.24,,United Kingdom,4.24
536592,90173,PAIR BUTTERFLY HAIR CLIPS,1,01-12-2010 17:06,3.81,,United Kingdom,3.81
536592,90177C,DROP DIAMANTE EARRINGS CRYSTAL,1,01-12-2010 17:06,2.96,,United Kingdom,2.96
536592,90177E,DROP DIAMANTE EARRINGS GREEN,1,01-12-2010 17:06,2.96,,United Kingdom,2.96
536592,90181B,AMETHYST GLASS/SHELL/PEARL NECKLACE,1,01-12-2010 17:06,9.34,,United Kingdom,9.34
536592,90192,JADE DROP EARRINGS W FILIGREE,1,01-12-2010 17:06,5.09,,United Kingdom,5.09
536592,90206C,CRYSTAL DIAMANTE STAR BROOCH,1,01-12-2010 17:06,5.09,,United Kingdom,5.09
536592,90209C,PINK ENAMEL+GLASS HAIR COMB,1,01-12-2010 17:06,2.11,,United Kingdom,2.11
536592,90211A,DIAMOND LAS VEGAS NECKLACE 45CM,1,01-12-2010 17:06,5.94,,United Kingdom,5.94
536592,90214A,"LETTER ""A"" BLING KEY RING",2,01-12-2010 17:06,0.85,,United Kingdom,1.7
536592,90214E,"LETTER ""E"" BLING KEY RING",1,01-12-2010 17:06,0.85,,United Kingdom,0.85
536592,20970,PINK FLORAL FELTCRAFT SHOULDER BAG,3,01-12-2010 17:06,3.75,,United Kingdom,11.25
536592,84658,WHITE STITCHED CUSHION COVER,3,01-12-2010 17:06,6.95,,United Kingdom,20.85
536592,22448,PIN CUSHION BABUSHKA RED,3,01-12-2010 17:06,3.35,,United Kingdom,10.05
536592,22447,PIN CUSHION BABUSHKA BLUE,3,01-12-2010 17:06,3.35,,United Kingdom,10.05
536592,22446,PIN CUSHION BABUSHKA PINK,3,01-12-2010 17:06,3.35,,United Kingdom,10.05
536592,20665,RED RETROSPOT PURSE ,3,01-12-2010 17:06,2.95,,United Kingdom,8.85
536593,21472,LADYBIRD + BEE RAFFIA FOOD COVER,6,01-12-2010 17:15,3.75,16835,United Kingdom,22.5
536595,21877,HOME SWEET HOME MUG,1,01-12-2010 17:24,1.25,13576,United Kingdom,1.25
536595,22524,CHILDRENS GARDEN GLOVES BLUE,1,01-12-2010 17:24,1.25,13576,United Kingdom,1.25
536595,20765,CHRYSANTHEMUM SKETCHBOOK ,2,01-12-2010 17:24,3.75,13576,United Kingdom,7.5
536596,21624,VINTAGE UNION JACK DOORSTOP,1,01-12-2010 17:29,5.95,,United Kingdom,5.95
536596,84926A,WAKE UP COCKEREL TILE COASTER,4,01-12-2010 17:29,1.25,,United Kingdom,5
536597,85035C,ROSE 3 WICK MORRIS BOX CANDLE,1,01-12-2010 17:35,4.25,18011,United Kingdom,4.25
536597,72803A,ROSE SCENT CANDLE JEWELLED DRAWER,1,01-12-2010 17:35,4.25,18011,United Kingdom,4.25
536597,40001,WHITE BAMBOO RIBS LAMPSHADE,4,01-12-2010 17:35,0.85,18011,United Kingdom,3.4
536597,21709,FOLDING UMBRELLA CHOCOLATE POLKADOT,1,01-12-2010 17:35,4.95,18011,United Kingdom,4.95
536597,22220,CAKE STAND LOVEBIRD 2 TIER WHITE,1,01-12-2010 17:35,9.95,18011,United Kingdom,9.95
536597,85034A,3 GARDENIA MORRIS BOXED CANDLES,1,01-12-2010 17:35,4.25,18011,United Kingdom,4.25
536597,72798C,SET/4 GARDEN ROSE DINNER CANDLE,1,01-12-2010 17:35,1.65,18011,United Kingdom,1.65
536597,35271S,GOLD PRINT PAPER BAG,14,01-12-2010 17:35,0.19,18011,United Kingdom,2.66
536597,21380,WOODEN HAPPY BIRTHDAY GARLAND,1,01-12-2010 17:35,2.95,18011,United Kingdom,2.95
536597,21221,SET/4 BADGES CUTE CREATURES,5,01-12-2010 17:35,1.25,18011,United Kingdom,6.25
536597,20755,BLUE PAISLEY POCKET BOOK,6,01-12-2010 17:35,0.85,18011,United Kingdom,5.1
536598,21421,PORCELAIN ROSE LARGE ,12,02-12-2010 07:48,1.25,13090,United Kingdom,15
536598,21422,PORCELAIN ROSE SMALL,16,02-12-2010 07:48,0.85,13090,United Kingdom,13.6
536598,22617,BAKING SET SPACEBOY DESIGN,24,02-12-2010 07:48,4.25,13090,United Kingdom,102
536605,21364,PEACE SMALL WOOD LETTERS,2,02-12-2010 08:52,6.75,13715,United Kingdom,13.5
536605,21042,RED RETROSPOT APRON ,3,02-12-2010 08:52,5.95,13715,United Kingdom,17.85
536605,22272,FELTCRAFT DOLL MARIA,6,02-12-2010 08:52,2.95,13715,United Kingdom,17.7
536605,21172,PARTY METAL SIGN ,12,02-12-2010 08:52,1.45,13715,United Kingdom,17.4
536607,72760B,VINTAGE CREAM 3 BASKET CAKE STAND,2,02-12-2010 09:29,9.95,17732,United Kingdom,19.9
536607,22365,DOORMAT RESPECTABLE HOUSE,2,02-12-2010 09:29,7.95,17732,United Kingdom,15.9
536607,22507,MEMO BOARD RETROSPOT  DESIGN,4,02-12-2010 09:29,4.95,17732,United Kingdom,19.8
536611,62096A,PINK/YELLOW FLOWERS HANDBAG,6,02-12-2010 09:43,1.25,15752,United Kingdom,7.5
536611,85071D,CHARLIE+LOLA MY ROOM DOOR SIGN,6,02-12-2010 09:43,2.55,15752,United Kingdom,15.3
536613,22044,CHRISTMAS CARD STACK OF PRESENTS,12,02-12-2010 09:44,0.42,17855,United Kingdom,5.04
536613,21918,SET 12 KIDS COLOUR  CHALK STICKS,24,02-12-2010 09:44,0.42,17855,United Kingdom,10.08
536613,22029,SPACEBOY BIRTHDAY CARD,12,02-12-2010 09:44,0.42,17855,United Kingdom,5.04
536613,21360,JOY LARGE WOOD LETTERS,1,02-12-2010 09:44,9.95,17855,United Kingdom,9.95
536615,84077,WORLD WAR 2 GLIDERS ASSTD DESIGNS,48,02-12-2010 10:09,0.29,14047,United Kingdom,13.92
536615,84792,ENCHANTED BIRD COATHANGER 5 HOOK,8,02-12-2010 10:09,4.65,14047,United Kingdom,37.2
536617,85175,CACTI T-LIGHT CANDLES,96,02-12-2010 10:17,0.42,13941,United Kingdom,40.32
536617,20893,HANGING BAUBLE T-LIGHT HOLDER SMALL,108,02-12-2010 10:17,2.1,13941,United Kingdom,226.8
536618,22440,BALLOON WATER BOMB PACK OF 35,40,02-12-2010 10:17,0.42,17017,United Kingdom,16.8
536618,22434,BALLOON PUMP WITH 10 BALLOONS,16,02-12-2010 10:17,1.95,17017,United Kingdom,31.2
536618,22564,ALPHABET STENCIL CRAFT,12,02-12-2010 10:17,1.25,17017,United Kingdom,15
536620,21215,IVORY PAPER CUP CAKE CASES ,120,02-12-2010 10:27,0.42,14135,United Kingdom,50.4
536620,21058,PARTY INVITES WOODLAND,12,02-12-2010 10:27,0.85,14135,United Kingdom,10.2
536620,21060,PARTY INVITES BALLOON GIRL,12,02-12-2010 10:27,0.85,14135,United Kingdom,10.2
536620,21719,LOVELY BONBON STICKER SHEET,12,02-12-2010 10:27,0.85,14135,United Kingdom,10.2
536620,84826,ASSTD DESIGN 3D PAPER STICKERS,60,02-12-2010 10:27,0.85,14135,United Kingdom,51
536620,21881,CUTE CATS TAPE,12,02-12-2010 10:27,0.65,14135,United Kingdom,7.8
536621,22491,PACK OF 12 COLOURED PENCILS,24,02-12-2010 10:35,0.85,13108,United Kingdom,20.4
536623,21355,TOAST ITS - I LOVE YOU ,24,02-12-2010 10:39,1.25,15601,United Kingdom,30
536623,21518,BANK ACCOUNT  GREETING  CARD ,12,02-12-2010 10:39,0.42,15601,United Kingdom,5.04
536623,22023,EMPIRE BIRTHDAY CARD,12,02-12-2010 10:39,0.42,15601,United Kingdom,5.04
536623,22027,TEA PARTY BIRTHDAY CARD,12,02-12-2010 10:39,0.42,15601,United Kingdom,5.04
536623,22718,CARD CAT AND TREE ,24,02-12-2010 10:39,0.42,15601,United Kingdom,10.08
536623,22717,CARD DOG AND BALL ,12,02-12-2010 10:39,0.42,15601,United Kingdom,5.04
536623,22028,PENNY FARTHING BIRTHDAY CARD,12,02-12-2010 10:39,0.42,15601,United Kingdom,5.04
536623,21669,BLUE STRIPE CERAMIC DRAWER KNOB,12,02-12-2010 10:39,1.25,15601,United Kingdom,15
536623,21673,WHITE SPOT BLUE CERAMIC DRAWER KNOB,12,02-12-2010 10:39,1.25,15601,United Kingdom,15
536623,22460,EMBOSSED GLASS TEALIGHT HOLDER,24,02-12-2010 10:39,1.25,15601,United Kingdom,30
536623,22433,WATERING CAN GREEN DINOSAUR,6,02-12-2010 10:39,1.95,15601,United Kingdom,11.7
536623,22431,WATERING CAN BLUE ELEPHANT,6,02-12-2010 10:39,1.95,15601,United Kingdom,11.7
536623,84674,FLYING PIG WATERING CAN,6,02-12-2010 10:39,2.95,15601,United Kingdom,17.7
536624,22676,FRENCH BLUE METAL DOOR SIGN 1,10,02-12-2010 10:45,1.25,13418,United Kingdom,12.5
536624,22672,FRENCH BATHROOM SIGN BLUE METAL,12,02-12-2010 10:45,1.65,13418,United Kingdom,19.8
536627,22777,GLASS BELL JAR LARGE,2,02-12-2010 10:53,8.5,15658,United Kingdom,17
536632,22924,FRIDGE MAGNETS LA VIE EN ROSE,12,02-12-2010 11:02,0.85,14388,United Kingdom,10.2
536633,22832,BROCANTE SHELF WITH HOOKS,4,02-12-2010 11:20,10.75,14901,United Kingdom,43
536634,20674,GREEN POLKADOT BOWL,12,02-12-2010 11:21,1.25,18041,United Kingdom,15
536634,22170,PICTURE FRAME WOOD TRIPLE PORTRAIT,3,02-12-2010 11:21,6.75,18041,United Kingdom,20.25
536635,21428,SET3 BOOK BOX GREEN GINGHAM FLOWER ,8,02-12-2010 11:22,4.25,15955,United Kingdom,34
536635,22840,ROUND CAKE TIN VINTAGE RED,4,02-12-2010 11:22,7.95,15955,United Kingdom,31.8
536637,79191C,RETRO PLASTIC ELEPHANT TRAY,1,02-12-2010 11:35,0.85,18041,United Kingdom,0.85
536637,47471,RAINBOW PEGS PHOTO CLIP STRING,1,02-12-2010 11:35,0.65,18041,United Kingdom,0.65
536637,16046,TEATIME PEN CASE & PENS,1,02-12-2010 11:35,0.85,18041,United Kingdom,0.85
536637,22796,PHOTO FRAME 3 CLASSIC HANGING,2,02-12-2010 11:35,9.95,18041,United Kingdom,19.9
536637,22733,3D TRADITIONAL CHRISTMAS STICKERS,4,02-12-2010 11:35,1.25,18041,United Kingdom,5
536637,22559,SEASIDE FLYING DISC,1,02-12-2010 11:35,1.25,18041,United Kingdom,1.25
536637,22896,PEG BAG APPLES DESIGN,1,02-12-2010 11:35,2.55,18041,United Kingdom,2.55
536637,20967,GREY FLORAL FELTCRAFT SHOULDER BAG,1,02-12-2010 11:35,3.75,18041,United Kingdom,3.75
536638,21430,SET/3 RED GINGHAM ROSE STORAGE BOX,4,02-12-2010 11:41,3.75,16244,United Kingdom,15
536638,22070,SMALL RED RETROSPOT MUG IN BOX ,6,02-12-2010 11:41,3.75,16244,United Kingdom,22.5
536638,20983,12 PENCILS TALL TUBE RED RETROSPOT,12,02-12-2010 11:41,0.85,16244,United Kingdom,10.2
536638,21527,RED RETROSPOT TRADITIONAL TEAPOT ,2,02-12-2010 11:41,7.95,16244,United Kingdom,15.9
536638,21538,DAIRY MAID  PUDDING BOWL,4,02-12-2010 11:41,3.75,16244,United Kingdom,15
536638,85216,ASSORTED CAKES FRIDGE MAGNETS,12,02-12-2010 11:41,0.65,16244,United Kingdom,7.8
536638,22131,FOOD CONTAINER SET 3 LOVE HEART ,6,02-12-2010 11:41,1.95,16244,United Kingdom,11.7
536638,21163,DO NOT TOUCH MY STUFF DOOR HANGER ,12,02-12-2010 11:41,1.45,16244,United Kingdom,17.4
536638,21161,KEEP OUT BOYS DOOR HANGER ,12,02-12-2010 11:41,1.45,16244,United Kingdom,17.4
536638,21159,MOODY BOY  DOOR HANGER ,12,02-12-2010 11:41,1.45,16244,United Kingdom,17.4
536638,21390,FILIGRIS HEART WITH BUTTERFLY,24,02-12-2010 11:41,1.25,16244,United Kingdom,30
536638,22285,"DECORATION HEN ON NEST, HANGING",12,02-12-2010 11:41,1.65,16244,United Kingdom,19.8
536638,22284,HEN HOUSE DECORATION,12,02-12-2010 11:41,1.65,16244,United Kingdom,19.8
536638,21383,PACK OF 12 STICKY BUNNIES,12,02-12-2010 11:41,0.65,16244,United Kingdom,7.8
536638,21381,MINI WOODEN HAPPY BIRTHDAY GARLAND,12,02-12-2010 11:41,1.69,16244,United Kingdom,20.28
536638,22210,WOOD STAMP SET BEST WISHES,12,02-12-2010 11:41,1.65,16244,United Kingdom,19.8
536638,22209,WOOD STAMP SET HAPPY BIRTHDAY,12,02-12-2010 11:41,1.65,16244,United Kingdom,19.8
536639,21872,GLAMOROUS  MUG,12,02-12-2010 11:45,1.25,15111,United Kingdom,15
536640,85035A,GARDENIA 3 WICK MORRIS BOXED CANDLE,1,02-12-2010 11:45,4.25,,United Kingdom,4.25
536640,22761,CHEST 7 DRAWER MA CAMPAGNE,1,02-12-2010 11:45,24.95,,United Kingdom,24.95
536643,22385,JUMBO BAG SPACEBOY DESIGN,4,02-12-2010 11:57,1.95,14390,United Kingdom,7.8
536643,22374,AIRLINE BAG VINTAGE JET SET RED,2,02-12-2010 11:57,4.25,14390,United Kingdom,8.5
536667,21741,COSY SLIPPER SHOES LARGE GREEN,6,02-12-2010 12:09,2.95,15260,United Kingdom,17.7
536671,85061W,WHITE JEWELLED HEART DECORATION,24,02-12-2010 12:10,0.85,13305,United Kingdom,20.4
536673,40016,CHINESE DRAGON PAPER LANTERNS,144,02-12-2010 12:11,0.42,14060,United Kingdom,60.48
536674,22202,MILK PAN PINK POLKADOT,2,02-12-2010 12:16,3.75,15923,United Kingdom,7.5
536674,21064,BOOM BOX SPEAKER BOYS,1,02-12-2010 12:16,5.95,15923,United Kingdom,5.95
536674,84341B,SMALL PINK MAGIC CHRISTMAS TREE,1,02-12-2010 12:16,0.85,15923,United Kingdom,0.85
536674,84509G,SET OF 4 FAIRY CAKE PLACEMATS ,2,02-12-2010 12:16,3.75,15923,United Kingdom,7.5
536674,16235,RECYCLED PENCIL WITH RABBIT ERASER,48,02-12-2010 12:16,0.21,15923,United Kingdom,10.08
536674,20986,BLUE CALCULATOR RULER,4,02-12-2010 12:16,1.25,15923,United Kingdom,5
536674,20832,RED FLOCK LOVE HEART PHOTO FRAME,4,02-12-2010 12:16,0.85,15923,United Kingdom,3.4
536676,84846A,SCENTED CANDLE IN DIGITALIS TIN,6,02-12-2010 12:18,2.1,16752,United Kingdom,12.6
536676,22442,GROW YOUR OWN FLOWERS SET OF 3,2,02-12-2010 12:18,7.95,16752,United Kingdom,15.9
536676,21769,VINTAGE POST OFFICE CABINET,1,02-12-2010 12:18,79.95,16752,United Kingdom,79.95
536698,20798,CLEAR MILKSHAKE GLASS,12,02-12-2010 12:28,2.1,15363,United Kingdom,25.2
536698,22320,BIRDS MOBILE VINTAGE DESIGN,3,02-12-2010 12:28,5.95,15363,United Kingdom,17.85
536698,21561,DINOSAUR LUNCH BOX WITH CUTLERY,6,02-12-2010 12:28,2.55,15363,United Kingdom,15.3
536707,85132B,CHARLIE AND LOLA TABLE TINS,1,02-12-2010 12:33,9.95,12915,United Kingdom,9.95
536707,85132C,CHARLIE AND LOLA FIGURES TINS,1,02-12-2010 12:33,9.95,12915,United Kingdom,9.95
536707,22215,CAKE STAND WHITE TWO TIER LACE,2,02-12-2010 12:33,8.5,12915,United Kingdom,17
536732,20675,BLUE POLKADOT BOWL,8,02-12-2010 12:47,1.25,15544,United Kingdom,10
536732,21239,PINK  POLKADOT CUP,8,02-12-2010 12:47,0.85,15544,United Kingdom,6.8
536732,21987,PACK OF 6 SKULL PAPER CUPS,12,02-12-2010 12:47,0.65,15544,United Kingdom,7.8
536732,21988,PACK OF 6 SKULL PAPER PLATES,12,02-12-2010 12:47,0.85,15544,United Kingdom,10.2
536732,21989,PACK OF 20 SKULL PAPER NAPKINS,12,02-12-2010 12:47,0.85,15544,United Kingdom,10.2
536732,22316,200 BENDY SKULL STRAWS,12,02-12-2010 12:47,1.25,15544,United Kingdom,15
536732,22332,SKULLS PARTY BAG + STICKER SET,8,02-12-2010 12:47,1.65,15544,United Kingdom,13.2
536733,21206,STRAWBERRY HONEYCOMB  GARLAND ,12,02-12-2010 12:50,1.65,15738,United Kingdom,19.8
536733,20677,PINK POLKADOT BOWL,8,02-12-2010 12:50,1.25,15738,United Kingdom,10
536738,22806,SET OF 6 T-LIGHTS WEDDING CAKE ,6,02-12-2010 13:06,2.95,15827,United Kingdom,17.7
536738,22893,MINI CAKE STAND T-LIGHT HOLDER,24,02-12-2010 13:06,0.42,15827,United Kingdom,10.08
536739,85159A,"BLACK TEA,COFFEE,SUGAR JARS",2,02-12-2010 13:08,6.35,14180,United Kingdom,12.7
536739,21784,SHOE SHINE BOX ,2,02-12-2010 13:08,9.95,14180,United Kingdom,19.9
536739,22849,BREAD BIN DINER STYLE MINT,1,02-12-2010 13:08,16.95,14180,United Kingdom,16.95
536741,17090D,VANILLA INCENSE 40 CONES IN TIN,6,02-12-2010 13:11,1.25,13117,United Kingdom,7.5
536741,17090A,LAVENDER INCENSE 40 CONES IN TIN,6,02-12-2010 13:11,1.25,13117,United Kingdom,7.5
536741,72127,COLUMBIAN CANDLE ROUND ,6,02-12-2010 13:11,1.25,13117,United Kingdom,7.5
536741,72133,COLUMBIAN CANDLE RECTANGLE,6,02-12-2010 13:11,1.25,13117,United Kingdom,7.5
536741,84763,ZINC FINISH 15CM PLANTER POTS,12,02-12-2010 13:11,1.25,13117,United Kingdom,15
536742,22450,SILK PURSE BABUSHKA BLUE,1,02-12-2010 13:14,3.35,16916,United Kingdom,3.35
536742,10124G,ARMY CAMO BOOKCOVER TAPE,5,02-12-2010 13:14,0.42,16916,United Kingdom,2.1
536742,84519B,CARROT CHARLIE+LOLA COASTER SET,2,02-12-2010 13:14,2.95,16916,United Kingdom,5.9
536742,22505,MEMO BOARD COTTAGE DESIGN,1,02-12-2010 13:14,4.95,16916,United Kingdom,4.95
536742,22514,CHILDS GARDEN SPADE BLUE,3,02-12-2010 13:14,2.1,16916,United Kingdom,6.3
536742,21504,SKULLS GREETING CARD,12,02-12-2010 13:14,0.42,16916,United Kingdom,5.04
536742,22292,HANGING CHICK  YELLOW DECORATION,1,02-12-2010 13:14,1.45,16916,United Kingdom,1.45
536742,21211,SET OF 72 SKULL PAPER  DOILIES,1,02-12-2010 13:14,1.45,16916,United Kingdom,1.45
536743,22045,SPACEBOY GIFT WRAP,25,02-12-2010 13:32,0.42,17964,United Kingdom,10.5
536743,90175C,BLUE GLASS CHUNKY CHARM BRACELET,1,02-12-2010 13:32,8.95,17964,United Kingdom,8.95
536743,90180A,BLACK+WHITE NECKLACE W TASSEL,1,02-12-2010 13:32,9.95,17964,United Kingdom,9.95
536743,90178A,AMBER CHUNKY GLASS+BEAD NECKLACE,1,02-12-2010 13:32,11.95,17964,United Kingdom,11.95
536743,22986,GINGHAM ROSE WRAP,25,02-12-2010 13:32,0.42,17964,United Kingdom,10.5
536743,20984,12 PENCILS TALL TUBE POSY,2,02-12-2010 13:32,0.85,17964,United Kingdom,1.7
536743,22436,12 COLOURED PARTY BALLOONS,10,02-12-2010 13:32,0.65,17964,United Kingdom,6.5
536743,21465,PINK FLOWER CROCHET FOOD COVER,1,02-12-2010 13:32,3.75,17964,United Kingdom,3.75
536743,21470,FLOWER VINE RAFFIA FOOD COVER,1,02-12-2010 13:32,3.75,17964,United Kingdom,3.75
536743,16012,FOOD/DRINK SPONGE STICKERS,24,02-12-2010 13:32,0.21,17964,United Kingdom,5.04
536743,85025C,PINK HEART SHAPE PHOTO FRAME,2,02-12-2010 13:32,1.65,17964,United Kingdom,3.3
536743,21849,SILVER DIAMANTE PEN IN GIFT BOX,1,02-12-2010 13:32,4.95,17964,United Kingdom,4.95
536743,85124B,BLUE JUICY FRUIT PHOTO FRAME,1,02-12-2010 13:32,2.55,17964,United Kingdom,2.55
536743,85124C,GREEN JUICY FRUIT PHOTO FRAME,1,02-12-2010 13:32,2.55,17964,United Kingdom,2.55
536743,20828,GLITTER BUTTERFLY CLIPS,2,02-12-2010 13:32,2.55,17964,United Kingdom,5.1
536743,21623,VINTAGE UNION JACK MEMOBOARD,2,02-12-2010 13:32,9.95,17964,United Kingdom,19.9
536747,16156S,WRAP PINK FAIRY CAKES ,25,02-12-2010 13:44,0.42,17802,United Kingdom,10.5
536747,85049F,BABY BOOM RIBBONS ,3,02-12-2010 13:44,1.25,17802,United Kingdom,3.75
536748,22426,ENAMEL WASH BOWL CREAM,4,02-12-2010 13:45,3.75,15107,United Kingdom,15
536749,90082D,DIAMANTE BOW BROOCH BLACK COLOUR,4,02-12-2010 13:49,6.35,17976,United Kingdom,25.4
536749,90082A,DIAMANTE BOW BROOCH GREEN COLOUR,5,02-12-2010 13:49,6.35,17976,United Kingdom,31.75
536749,90082B,DIAMANTE BOW BROOCH RED COLOUR,5,02-12-2010 13:49,6.35,17976,United Kingdom,31.75
536749,90081A,LILY BROOCH AMETHYST COLOUR,1,02-12-2010 13:49,4.95,17976,United Kingdom,4.95
536749,90204,PAIR OF ENAMEL BUTTERFLY HAIRCLIP,1,02-12-2010 13:49,3.35,17976,United Kingdom,3.35
536749,90185B,AMETHYST DIAMANTE EXPANDABLE RING,1,02-12-2010 13:49,4.25,17976,United Kingdom,4.25
536749,90195A,PURPLE GEMSTONE BRACELET,1,02-12-2010 13:49,8.95,17976,United Kingdom,8.95
536749,90195B,BLACK GEMSTONE BRACELET,1,02-12-2010 13:49,8.95,17976,United Kingdom,8.95
536749,90196A,PURPLE GEMSTONE NECKLACE 45CM,1,02-12-2010 13:49,12.75,17976,United Kingdom,12.75
536749,90199A,5 STRAND GLASS NECKLACE BLACK,2,02-12-2010 13:49,6.35,17976,United Kingdom,12.7
536749,90186A,AMETHYST HOOP EARRING FLORAL LEAF,1,02-12-2010 13:49,2.95,17976,United Kingdom,2.95
536749,20894,HANGING BAUBLE T-LIGHT HOLDER LARGE,3,02-12-2010 13:49,2.95,17976,United Kingdom,8.85
536749,85106,CUT GLASS HEXAGON T-LIGHT HOLDER,2,02-12-2010 13:49,2.55,17976,United Kingdom,5.1
536749,21415,CLAM SHELL SMALL ,2,02-12-2010 13:49,2.1,17976,United Kingdom,4.2
536749,21416,CLAM SHELL LARGE,1,02-12-2010 13:49,3.75,17976,United Kingdom,3.75
536749,21417,COCKLE SHELL DISH,1,02-12-2010 13:49,2.1,17976,United Kingdom,2.1
536749,22343,PARTY PIZZA DISH RED RETROSPOT,6,02-12-2010 13:49,0.85,17976,United Kingdom,5.1
536749,22474,SPACEBOY TV DINNER TRAY,1,02-12-2010 13:49,4.95,17976,United Kingdom,4.95
536749,18097A,PINK TALL PORCELAIN T-LIGHT HOLDER ,1,02-12-2010 13:49,2.55,17976,United Kingdom,2.55
536749,18097C,WHITE TALL PORCELAIN T-LIGHT HOLDER,1,02-12-2010 13:49,2.55,17976,United Kingdom,2.55
536754,21902,"KEY FOB , FRONT  DOOR ",4,02-12-2010 14:09,0.65,14449,United Kingdom,2.6
536754,21901,"KEY FOB , BACK DOOR ",4,02-12-2010 14:09,0.65,14449,United Kingdom,2.6
536754,21948,SET OF 6 CAKE CHOPSTICKS,1,02-12-2010 14:09,1.25,14449,United Kingdom,1.25
536754,20759,CHRYSANTHEMUM POCKET BOOK ,1,02-12-2010 14:09,0.85,14449,United Kingdom,0.85
536754,20760,GARDEN PATH POCKET BOOK,1,02-12-2010 14:09,0.85,14449,United Kingdom,0.85
536754,20757,RED DAISY POCKET BOOK ,1,02-12-2010 14:09,0.85,14449,United Kingdom,0.85
536754,85185D,FROG SOCK PUPPET,1,02-12-2010 14:09,2.95,14449,United Kingdom,2.95
536754,85185B,PINK HORSE SOCK PUPPET,1,02-12-2010 14:09,2.95,14449,United Kingdom,2.95
536756,22439,6 ROCKET BALLOONS ,2,02-12-2010 14:23,0.65,,United Kingdom,1.3
536759,79164,BLACK WINE GLASS,12,02-12-2010 14:26,1.65,16781,United Kingdom,19.8
536759,84683,CLASSICAL ROSE CANDLESTAND,24,02-12-2010 14:26,1.25,16781,United Kingdom,30
536759,79163,BLACK CHAMPAGNE GLASS,12,02-12-2010 14:26,1.65,16781,United Kingdom,19.8
C536760,22175,PINK OWL SOFT TOY,-1,02-12-2010 14:29,2.95,17547,United Kingdom,-2.95
536761,21155,RED RETROSPOT PEG BAG,6,02-12-2010 14:30,2.1,13491,United Kingdom,12.6
536761,15060B,FAIRY CAKE DESIGN UMBRELLA,4,02-12-2010 14:30,3.75,13491,United Kingdom,15
536762,22985,"WRAP, BILLBOARD FONTS DESIGN",25,02-12-2010 14:40,0.42,16186,United Kingdom,10.5
536762,22821,GIFT BAG PSYCHEDELIC APPLES,12,02-12-2010 14:40,0.65,16186,United Kingdom,7.8
536763,22705,WRAP GREEN PEARS ,25,02-12-2010 14:42,0.42,17685,United Kingdom,10.5
536764,84952C,,-38,02-12-2010 14:42,0,,United Kingdom,0
536769,72801C,4 ROSE PINK DINNER CANDLES,12,02-12-2010 14:47,1.25,17581,United Kingdom,15
536769,72801D,4 SKY BLUE DINNER CANDLES,12,02-12-2010 14:47,1.25,17581,United Kingdom,15
536769,21735,TWO DOOR CURIO CABINET,2,02-12-2010 14:47,12.75,17581,United Kingdom,25.5
536777,21500,PINK POLKADOT WRAP ,25,02-12-2010 15:00,0.42,15732,United Kingdom,10.5
536778,15036,ASSORTED COLOURS SILK FAN,12,02-12-2010 15:03,0.75,13138,United Kingdom,9
536779,BANK CHARGES,Bank Charges,1,02-12-2010 15:08,15,15823,United Kingdom,15
536782,21539,RED RETROSPOT BUTTER DISH,3,02-12-2010 15:18,4.95,17567,United Kingdom,14.85
536782,22341,LOVE GARLAND PAINTED ZINC ,12,02-12-2010 15:18,1.65,17567,United Kingdom,19.8
536783,22452,MEASURING TAPE BABUSHKA PINK,48,02-12-2010 15:19,2.55,15061,United Kingdom,122.4
536783,21508,VINTAGE KID DOLLY CARD ,24,02-12-2010 15:19,0.36,15061,United Kingdom,8.64
536783,21499,BLUE POLKADOT WRAP,200,02-12-2010 15:19,0.34,15061,United Kingdom,68
536783,84952B,BLACK LOVE BIRD T-LIGHT HOLDER,48,02-12-2010 15:19,1.25,15061,United Kingdom,60
536783,35001G,HAND OPEN SHAPE GOLD,42,02-12-2010 15:19,3.39,15061,United Kingdom,142.38
536793,22264,FELT FARM ANIMAL WHITE BUNNY ,12,02-12-2010 15:39,0.85,16203,United Kingdom,10.2
536796,22181,SNOWSTORM PHOTO FRAME FRIDGE MAGNET,2,02-12-2010 15:46,0.85,15574,United Kingdom,1.7
536796,21392,RED POLKADOT PUDDING BOWL,1,02-12-2010 15:46,2.1,15574,United Kingdom,2.1
536796,21393,BLUE POLKADOT PUDDING BOWL,1,02-12-2010 15:46,2.1,15574,United Kingdom,2.1
536796,21268,VINTAGE BLUE TINSEL REEL,2,02-12-2010 15:46,0.42,15574,United Kingdom,0.84
536796,85144,JARDIN ETCHED GLASS BUTTER DISH,1,02-12-2010 15:46,7.25,15574,United Kingdom,7.25
536796,21025,SPACE FROG,1,02-12-2010 15:46,1.25,15574,United Kingdom,1.25
536796,21031,SPACE CADET BLACK,1,02-12-2010 15:46,1.25,15574,United Kingdom,1.25
536796,21030,SPACE CADET RED,1,02-12-2010 15:46,1.25,15574,United Kingdom,1.25
536796,21026,SPACE OWL,1,02-12-2010 15:46,1.25,15574,United Kingdom,1.25
536796,21032,SPACE CADET WHITE,2,02-12-2010 15:46,1.25,15574,United Kingdom,2.5
536796,21578,WOODLAND DESIGN  COTTON TOTE BAG,1,02-12-2010 15:46,2.25,15574,United Kingdom,2.25
536796,21357,TOAST ITS - DINOSAUR,1,02-12-2010 15:46,1.25,15574,United Kingdom,1.25
536796,20766,GARDEN PATH SKETCHBOOK,1,02-12-2010 15:46,3.75,15574,United Kingdom,3.75
536796,21399,BLUE POLKADOT COFFEE MUG,2,02-12-2010 15:46,2.1,15574,United Kingdom,4.2
536796,22562,MONSTERS STENCIL CRAFT,1,02-12-2010 15:46,1.25,15574,United Kingdom,1.25
536796,21714,CITRONELLA CANDLE GARDEN POT,1,02-12-2010 15:46,1.25,15574,United Kingdom,1.25
536796,20751,FUNKY WASHING UP GLOVES ASSORTED,1,02-12-2010 15:46,2.1,15574,United Kingdom,2.1
536796,22636,CHILDS BREAKFAST SET CIRCUS PARADE,3,02-12-2010 15:46,8.5,15574,United Kingdom,25.5
536796,21426,WOODLAND STORAGE BOX SMALL,1,02-12-2010 15:46,2.1,15574,United Kingdom,2.1
536796,21581,SKULLS  DESIGN  COTTON TOTE BAG,1,02-12-2010 15:46,2.25,15574,United Kingdom,2.25
536797,90002D,FLOWER BURST SILVER RING CRYSTAL,4,02-12-2010 15:49,3.75,16770,United Kingdom,15
536798,21900,"KEY FOB , SHED",48,02-12-2010 15:55,0.65,17838,United Kingdom,31.2
536800,22031,BOTANICAL LAVENDER BIRTHDAY CARD,12,02-12-2010 16:12,0.42,14829,United Kingdom,5.04
536805,21788,KIDS RAIN MAC BLUE,24,02-12-2010 16:38,0.85,14775,United Kingdom,20.4
536805,22408,MONEY BOX CONFECTIONERY DESIGN,12,02-12-2010 16:38,1.25,14775,United Kingdom,15
536805,22406,MONEY BOX KINGS CHOICE DESIGN,12,02-12-2010 16:38,1.25,14775,United Kingdom,15
536811,22275,WEEKEND BAG VINTAGE ROSE PAISLEY,69,02-12-2010 16:51,7.65,15299,United Kingdom,527.85
536813,22042,CHRISTMAS CARD SINGING ANGEL,12,02-12-2010 16:59,0.42,15646,United Kingdom,5.04
536813,22089,PAPER BUNTING VINTAGE PAISLEY,6,02-12-2010 16:59,2.95,15646,United Kingdom,17.7
C536814,85066,CREAM SWEETHEART MINI CHEST,-2,02-12-2010 17:03,12.75,13958,United Kingdom,-25.5
C536816,21129,SILVER FISHING GNOME ,-2,02-12-2010 17:06,6.95,14443,United Kingdom,-13.9
536819,21059,PARTY INVITES DINOSAURS,12,02-12-2010 17:12,0.85,13402,United Kingdom,10.2
C536820,22877,NUMBER TILE COTTAGE GARDEN 9,-1,02-12-2010 17:14,1.95,18168,United Kingdom,-1.95
C536820,22869,NUMBER TILE COTTAGE GARDEN 1,-1,02-12-2010 17:14,1.95,18168,United Kingdom,-1.95
C536820,22878,NUMBER TILE COTTAGE GARDEN No,-1,02-12-2010 17:14,2.1,18168,United Kingdom,-2.1
536821,21240,BLUE POLKADOT CUP,8,02-12-2010 17:17,0.85,17757,United Kingdom,6.8
536832,21927,BLUE/CREAM STRIPE CUSHION COVER ,24,02-12-2010 17:41,1.25,16634,United Kingdom,30
536832,21925,UNION STRIPE CUSHION COVER ,12,02-12-2010 17:41,1.25,16634,United Kingdom,15
536832,22763,KEY CABINET MA CAMPAGNE,2,02-12-2010 17:41,9.95,16634,United Kingdom,19.9
536833,22334,DINOSAUR PARTY BAG + STICKER SET,8,02-12-2010 17:48,1.65,18239,United Kingdom,13.2
536835,22655,VINTAGE RED KITCHEN CABINET,1,02-12-2010 18:06,295,13145,United Kingdom,295
536836,22060,LARGE CAKE STAND HANGING HEARTS,2,02-12-2010 18:08,9.95,18168,United Kingdom,19.9
536836,22061,LARGE CAKE STAND  HANGING STRAWBERY,2,02-12-2010 18:08,9.95,18168,United Kingdom,19.9
536836,21531,RED RETROSPOT SUGAR JAM BOWL,2,02-12-2010 18:08,2.55,18168,United Kingdom,5.1
536836,21039,RED RETROSPOT SHOPPING BAG,1,02-12-2010 18:08,2.55,18168,United Kingdom,2.55
536836,21157,RED RETROSPOT WASHBAG,1,02-12-2010 18:08,2.1,18168,United Kingdom,2.1
536836,16161P,WRAP ENGLISH ROSE ,25,02-12-2010 18:08,0.42,18168,United Kingdom,10.5
536837,16161M,WRAP  PINK FLOCK,25,02-12-2010 18:15,0.42,14395,United Kingdom,10.5
536837,85214,TUB 24 PINK FLOWER PEGS,1,02-12-2010 18:15,1.65,14395,United Kingdom,1.65
536838,72232,FENG SHUI PILLAR CANDLE,48,02-12-2010 18:23,0.19,14865,United Kingdom,9.12
536839,84247G,"DECOUPAGE,GREETING CARD,",48,02-12-2010 18:25,0.42,15093,United Kingdom,20.16
536845,21530,DAIRY MAID TOASTRACK,1,02-12-2010 19:18,2.95,17961,United Kingdom,2.95
536845,21528,DAIRY MAID TRADITIONAL TEAPOT ,1,02-12-2010 19:18,6.95,17961,United Kingdom,6.95
536845,21114,LAVENDER SCENTED FABRIC HEART,1,02-12-2010 19:18,1.25,17961,United Kingdom,1.25
536845,20615,BLUE POLKADOT PASSPORT COVER,1,02-12-2010 19:18,2.1,17961,United Kingdom,2.1
536846,47021G,SET/6 BEAD COASTERS GAUZE BAG GOLD,2,02-12-2010 19:59,1.25,14573,United Kingdom,2.5
536846,22443,GROW YOUR OWN HERBS SET OF 3,1,02-12-2010 19:59,7.95,14573,United Kingdom,7.95
536847,21807,WHITE CHRISTMAS STAR DECORATION,36,03-12-2010 09:31,0.42,17135,United Kingdom,15.12
C536850,22689,DOORMAT MERRY CHRISTMAS RED ,-50,03-12-2010 09:47,6.75,14213,United Kingdom,-337.5
C536850,22591,CARDHOLDER GINGHAM CHRISTMAS TREE,-50,03-12-2010 09:47,2.55,14213,United Kingdom,-127.5
536851,22504,CABIN BAG VINTAGE RETROSPOT,6,03-12-2010 09:49,29.95,12967,United Kingdom,179.7
C536854,22158,3 HEARTS HANGING DECORATION RUSTIC,-1,03-12-2010 10:09,2.95,15240,United Kingdom,-2.95
536856,22621,TRADITIONAL KNITTING NANCY,12,03-12-2010 10:26,1.45,13370,United Kingdom,17.4
536856,79000,MOROCCAN TEA GLASS,12,03-12-2010 10:26,0.85,13370,United Kingdom,10.2
536857,85049B,LUSH GREENS RIBBONS,4,03-12-2010 10:33,1.25,16883,United Kingdom,5
536859,21878,PACK OF 6 SANDCASTLE FLAGS ASSORTED,3,03-12-2010 10:43,0.85,12841,United Kingdom,2.55
536860,85131A,BEADED PEARL HEART WHITE ON STICK,24,03-12-2010 10:43,1.25,16905,United Kingdom,30
536862,20941,FROG CANDLE,1,03-12-2010 11:13,2.51,,United Kingdom,2.51
536862,21066,VINTAGE RED MUG,1,03-12-2010 11:13,2.51,,United Kingdom,2.51
536862,21205,MULTICOLOUR 3D BALLS GARLAND,2,03-12-2010 11:13,5.06,,United Kingdom,10.12
536862,21361,LOVE LARGE WOOD LETTERS ,1,03-12-2010 11:13,25.49,,United Kingdom,25.49
536862,21876,POTTERING MUG,1,03-12-2010 11:13,3.36,,United Kingdom,3.36
536862,22167, OVAL WALL MIRROR DIAMANTE ,1,03-12-2010 11:13,20.38,,United Kingdom,20.38
536862,22200,FRYING PAN PINK POLKADOT,1,03-12-2010 11:13,8.47,,United Kingdom,8.47
536862,22412,METAL SIGN NEIGHBOURHOOD WITCH ,1,03-12-2010 11:13,4.21,,United Kingdom,4.21
536862,22525,CHILDRENS GARDEN GLOVES PINK,1,03-12-2010 11:13,3.36,,United Kingdom,3.36
536862,72349b,SET/6 PURPLE BUTTERFLY T-LIGHTS,1,03-12-2010 11:13,4.21,,United Kingdom,4.21
536862,84872a,TEATIME FUNKY FLOWER BACKPACK FOR 2,2,03-12-2010 11:13,11.02,,United Kingdom,22.04
536863,10123C,HEARTS WRAPPING TAPE ,1,03-12-2010 11:19,0.65,17967,United Kingdom,0.65
536863,10120,DOGGY RUBBER,1,03-12-2010 11:19,0.21,17967,United Kingdom,0.21
536863,84006,MAGIC TREE -PAPER FLOWERS,1,03-12-2010 11:19,0.85,17967,United Kingdom,0.85
536863,20767,BLUE PAISLEY JOURNAL ,1,03-12-2010 11:19,2.55,17967,United Kingdom,2.55
536863,90094,NECKLACE+BRACELET SET FRUIT SALAD ,1,03-12-2010 11:19,2.55,17967,United Kingdom,2.55
536863,21882,SKULLS TAPE,1,03-12-2010 11:19,0.65,17967,United Kingdom,0.65
536864,20886,BOX OF 9 PEBBLE CANDLES,1,03-12-2010 11:27,4.21,,United Kingdom,4.21
536864,21945,STRAWBERRIES  DESIGN FLANNEL ,1,03-12-2010 11:27,1.66,,United Kingdom,1.66
536864,22133,PINK LOVE HEART SHAPE CUP,1,03-12-2010 11:27,1.66,,United Kingdom,1.66
536864,22456,NATURAL SLATE CHALKBOARD LARGE ,2,03-12-2010 11:27,10.17,,United Kingdom,20.34
536864,22891,TEA FOR ONE POLKADOT,1,03-12-2010 11:27,8.47,,United Kingdom,8.47
536864,47566,PARTY BUNTING,1,03-12-2010 11:27,9.32,,United Kingdom,9.32
536865,20655,QUEEN OF SKIES LUGGAGE TAG,1,03-12-2010 11:28,2.51,,United Kingdom,2.51
536865,21100,CHARLIE AND LOLA CHARLOTTE BAG,1,03-12-2010 11:28,4.21,,United Kingdom,4.21
536865,21201,TROPICAL  HONEYCOMB PAPER GARLAND ,1,03-12-2010 11:28,5.06,,United Kingdom,5.06
536865,21558,SKULL LUNCH BOX WITH CUTLERY ,3,03-12-2010 11:28,5.06,,United Kingdom,15.18
536865,21865,PINK UNION JACK  PASSPORT COVER ,1,03-12-2010 11:28,4.21,,United Kingdom,4.21
536865,22132,RED LOVE HEART SHAPE CUP,1,03-12-2010 11:28,1.66,,United Kingdom,1.66
536865,22166,WALL MIRROR RECTANGLE DIAMANTE PINK,2,03-12-2010 11:28,16.13,,United Kingdom,32.26
536865,22518,CHILDS GARDEN BRUSH BLUE,1,03-12-2010 11:28,4.21,,United Kingdom,4.21
536865,22628,PICNIC BOXES SET OF 3 RETROSPOT ,1,03-12-2010 11:28,10.17,,United Kingdom,10.17
536865,84509c,SET OF 4 POLKADOT PLACEMATS ,2,03-12-2010 11:28,7.62,,United Kingdom,15.24
536865,85036b,CHOCOLATE 1 WICK MORRIS BOX CANDLE,1,03-12-2010 11:28,8.47,,United Kingdom,8.47
536866,72803b,OCEAN SCENT CANDLE JEWELLED DRAWER,1,03-12-2010 11:28,8.47,,United Kingdom,8.47
536874,84993A,75 GREEN PETIT FOUR CASES,1,03-12-2010 11:35,0.42,16891,United Kingdom,0.42
536874,84987,SET OF 36 TEATIME PAPER DOILIES,1,03-12-2010 11:35,1.45,16891,United Kingdom,1.45
536874,20998,ROSE DU SUD OVEN GLOVE,2,03-12-2010 11:35,2.95,16891,United Kingdom,5.9
536874,22702,BLACK AND WHITE CAT BOWL,1,03-12-2010 11:35,2.1,16891,United Kingdom,2.1
536874,84925D,LA PALMIERA WALL THERMOMETER,1,03-12-2010 11:35,2.55,16891,United Kingdom,2.55
536874,21078,SET/20 STRAWBERRY PAPER NAPKINS ,1,03-12-2010 11:35,0.85,16891,United Kingdom,0.85
536876,22105,MIRROR MOSAIC GOBLET CANDLE HOLDER,1,03-12-2010 11:36,4.21,,United Kingdom,4.21
536876,22163,HEART STRING MEMO HOLDER HANGING,2,03-12-2010 11:36,3.36,,United Kingdom,6.72
536876,22216,T-LIGHT HOLDER WHITE LACE,10,03-12-2010 11:36,1.66,,United Kingdom,16.6
536876,22248,DECORATION  PINK CHICK MAGIC GARDEN,1,03-12-2010 11:36,1.66,,United Kingdom,1.66
536876,22250,DECORATION  BUTTERFLY  MAGIC GARDEN,3,03-12-2010 11:36,1.66,,United Kingdom,4.98
536876,22251,BIRDHOUSE DECORATION MAGIC GARDEN,1,03-12-2010 11:36,2.51,,United Kingdom,2.51
536876,22255,FELT TOADSTOOL  SMALL,1,03-12-2010 11:36,1.66,,United Kingdom,1.66
536876,22288,HANGING METAL RABBIT DECORATION,1,03-12-2010 11:36,2.51,,United Kingdom,2.51
536876,22363,GLASS JAR MARMALADE ,1,03-12-2010 11:36,5.91,,United Kingdom,5.91
536876,22395,PAPERWEIGHT VINTAGE PAISLEY,1,03-12-2010 11:36,5.06,,United Kingdom,5.06
536876,22483,RED GINGHAM TEDDY BEAR ,1,03-12-2010 11:36,5.91,,United Kingdom,5.91
536876,22546,MINI JIGSAW PURDEY,1,03-12-2010 11:36,0.85,,United Kingdom,0.85
536876,22609,PENS ASSORTED SPACEBALL,3,03-12-2010 11:36,1.66,,United Kingdom,4.98
536876,22762,CUPBOARD 3 DRAWER MA CAMPAGNE,1,03-12-2010 11:36,29.79,,United Kingdom,29.79
536876,22811,SET OF 6 T-LIGHTS CACTI ,1,03-12-2010 11:36,5.91,,United Kingdom,5.91
536876,22882,NUMBER TILE VINTAGE FONT 3,1,03-12-2010 11:36,4.21,,United Kingdom,4.21
536876,22884,NUMBER TILE VINTAGE FONT 5,1,03-12-2010 11:36,4.21,,United Kingdom,4.21
536876,22908,PACK OF 20 NAPKINS RED APPLES,1,03-12-2010 11:36,1.66,,United Kingdom,1.66
536876,35599B,BLACK CHRISTMAS TREE 120CM,2,03-12-2010 11:36,5.91,,United Kingdom,11.82
536876,44234,ASSORTED CIRCULAR MOBILE,2,03-12-2010 11:36,1.66,,United Kingdom,3.32
536876,71143,SILVER BOOK MARK WITH BEADS,1,03-12-2010 11:36,2.51,,United Kingdom,2.51
536876,72351A,SET/6 TURQUOISE BUTTERFLY T-LIGHTS,1,03-12-2010 11:36,4.21,,United Kingdom,4.21
536876,75049L,LARGE CIRCULAR MIRROR MOBILE,1,03-12-2010 11:36,2.51,,United Kingdom,2.51
536876,75131,METAL TUBE CHIME ON BAMBOO,1,03-12-2010 11:36,3.36,,United Kingdom,3.36
536876,79191B,RETRO PLASTIC POLKA TRAY,1,03-12-2010 11:36,1.66,,United Kingdom,1.66
536876,82001S,VINYL RECORD FRAME SILVER,1,03-12-2010 11:36,7.62,,United Kingdom,7.62
536876,84270,ASSTD DESIGN BUBBLE GUM RING,3,03-12-2010 11:36,0.21,,United Kingdom,0.63
536876,84660C,PINK STITCHED WALL CLOCK,1,03-12-2010 11:36,7.62,,United Kingdom,7.62
536876,84661B,BLACK SQUARE TABLE CLOCK,1,03-12-2010 11:36,5.06,,United Kingdom,5.06
536876,84673B,BLUE FLY SWAT,1,03-12-2010 11:36,1.28,,United Kingdom,1.28
536876,84927A,WAKE UP COCKEREL TILE HOOK,1,03-12-2010 11:36,4.21,,United Kingdom,4.21
536876,84927F,PSYCHEDELIC TILE HOOK,1,03-12-2010 11:36,4.21,,United Kingdom,4.21
536876,85025B,EAU DE NILE HEART SHAPE PHOTO FRAME,1,03-12-2010 11:36,3.36,,United Kingdom,3.36
536876,85054,FRENCH ENAMEL POT W LID,1,03-12-2010 11:36,5.91,,United Kingdom,5.91
536876,85055,FRENCH ENAMEL UTENSIL HOLDER,1,03-12-2010 11:36,7.62,,United Kingdom,7.62
536876,85167B,BLACK GRAND BAROQUE PHOTO FRAME,2,03-12-2010 11:36,8.47,,United Kingdom,16.94
536876,85169A,IVORY LOVE BIRD CANDLE,1,03-12-2010 11:36,2.51,,United Kingdom,2.51
536876,85169C,EAU DE NIL LOVE BIRD CANDLE,1,03-12-2010 11:36,2.51,,United Kingdom,2.51
536876,85169D,PINK LOVE BIRD CANDLE,1,03-12-2010 11:36,2.51,,United Kingdom,2.51
536876,85203,HANGING WOOD AND FELT BUTTERFLY ,1,03-12-2010 11:36,0.84,,United Kingdom,0.84
536876,90000D,COPPER/OLIVE GREEN FLOWER NECKLACE,1,03-12-2010 11:36,6.37,,United Kingdom,6.37
536876,90003E,GREEN PAIR HEART HAIR SLIDES,1,03-12-2010 11:36,3.81,,United Kingdom,3.81
536876,90028,NEW BAROQUE LARGE NECKLACE BLK/WHIT,1,03-12-2010 11:36,8.49,,United Kingdom,8.49
536876,90060F,FIRE POLISHED GLASS NECKL GREEN,1,03-12-2010 11:36,5.94,,United Kingdom,5.94
536876,90114,SUMMER DAISIES BAG CHARM,1,03-12-2010 11:36,2.51,,United Kingdom,2.51
536876,90115,SUMMER BUTTERFLIES BAG CHARM,5,03-12-2010 11:36,2.51,,United Kingdom,12.55
536876,90120B,BLUE MURANO TWIST BRACELET,1,03-12-2010 11:36,4.24,,United Kingdom,4.24
536876,90141A,GREEN PENDANT TRIPLE SHELL NECKLACE,1,03-12-2010 11:36,5.51,,United Kingdom,5.51
536876,90199B,5 STRAND GLASS NECKLACE AMETHYST,1,03-12-2010 11:36,6.37,,United Kingdom,6.37
536876,90205A,LARGE MINT DIAMANTE HAIRSLIDE,1,03-12-2010 11:36,1.69,,United Kingdom,1.69
536876,90214B,"LETTER ""B"" BLING KEY RING",3,03-12-2010 11:36,0.85,,United Kingdom,2.55
536876,90214C,"LETTER ""C"" BLING KEY RING",3,03-12-2010 11:36,0.85,,United Kingdom,2.55
536876,90214F,"LETTER ""F"" BLING KEY RING",1,03-12-2010 11:36,0.85,,United Kingdom,0.85
536876,90214I,"LETTER ""I"" BLING KEY RING",1,03-12-2010 11:36,0.85,,United Kingdom,0.85
536876,90214L,"LETTER ""L"" BLING KEY RING",2,03-12-2010 11:36,0.85,,United Kingdom,1.7
536876,90214N,"LETTER ""N"" BLING KEY RING",2,03-12-2010 11:36,0.85,,United Kingdom,1.7
536876,90214Y,"LETTER ""Y"" BLING KEY RING",1,03-12-2010 11:36,0.85,,United Kingdom,0.85
536876,16218,CARTOON  PENCIL SHARPENERS,1,03-12-2010 11:36,2.13,,United Kingdom,2.13
536876,16225,RATTLE SNAKE EGGS,1,03-12-2010 11:36,3.36,,United Kingdom,3.36
536876,20686,DOLLY MIXTURE CHILDREN'S UMBRELLA,3,03-12-2010 11:36,6.77,,United Kingdom,20.31
536876,21200,MULTICOLOUR HONEYCOMB PAPER GARLAND,3,03-12-2010 11:36,1.65,,United Kingdom,4.95
536876,21051,RIBBONS PURSE ,2,03-12-2010 11:36,4.21,,United Kingdom,8.42
536876,21112,"SWISS ROLL TOWEL, PINK  SPOTS",1,03-12-2010 11:36,5.91,,United Kingdom,5.91
536876,21219,SET/4 BADGES BALLOON GIRL,2,03-12-2010 11:36,2.51,,United Kingdom,5.02
536876,21224,SET/4 SKULL BADGES,2,03-12-2010 11:36,2.51,,United Kingdom,5.02
536876,21261,GREEN GOOSE FEATHER CHRISTMAS TREE ,1,03-12-2010 11:36,7.62,,United Kingdom,7.62
536876,21263,GREEN GOOSE FEATHER TREE 60CM,1,03-12-2010 11:36,5.91,,United Kingdom,5.91
536876,21286,RETROSPOT CANDLE  LARGE,2,03-12-2010 11:36,5.06,,United Kingdom,10.12
536876,21446,12 RED ROSE PEG PLACE SETTINGS,1,03-12-2010 11:36,2.51,,United Kingdom,2.51
536876,21619,4 VANILLA BOTANICAL CANDLES,1,03-12-2010 11:36,7.62,,United Kingdom,7.62
536876,21640,ASSORTED TUTTI FRUTTI  FOB NOTEBOOK,1,03-12-2010 11:36,1.66,,United Kingdom,1.66
536876,21675,BUTTERFLIES STICKERS,1,03-12-2010 11:36,1.66,,United Kingdom,1.66
536876,21725,SWEETIES  STICKERS,2,03-12-2010 11:36,1.66,,United Kingdom,3.32
536876,21828,EIGHT PIECE SNAKE  SET,1,03-12-2010 11:36,2.51,,United Kingdom,2.51
536876,21829,DINOSAUR KEYRINGS ASSORTED,5,03-12-2010 11:36,0.43,,United Kingdom,2.15
536876,21903,MAN FLU METAL SIGN,2,03-12-2010 11:36,4.21,,United Kingdom,8.42
536876,21936,RED RETROSPOT PICNIC BAG,1,03-12-2010 11:36,5.91,,United Kingdom,5.91
536883,22959,WRAP CHRISTMAS VILLAGE,13,03-12-2010 11:41,0.42,,United Kingdom,5.46
536890,17084R,ASSORTED INCENSE PACK,1440,03-12-2010 11:48,0.16,14156,EIRE,230.4
536890,17091J,VANILLA INCENSE IN TIN,72,03-12-2010 11:48,0.85,14156,EIRE,61.2
536920,21027,NINJA RABBIT PINK,1,03-12-2010 12:01,1.25,,United Kingdom,1.25
536920,84539,KNITTED RABBIT DOLL ,10,03-12-2010 12:01,1.65,,United Kingdom,16.5
536920,90096,NECKLACE+BRACELET SET BLUE BLOSSOM,6,03-12-2010 12:01,2.55,,United Kingdom,15.3
536920,21095,SET/6 POSIES PAPER PLATES,8,03-12-2010 12:01,0.85,,United Kingdom,6.8
536943,85018D,YULETIDE IMAGES S/6 PAPER BOXES,1,03-12-2010 12:11,2.55,17884,United Kingdom,2.55
536943,22732,3D VINTAGE CHRISTMAS STICKERS ,1,03-12-2010 12:11,1.25,17884,United Kingdom,1.25
536945,47503J,SET/3 FLORAL GARDEN TOOLS IN BAG,1,03-12-2010 12:24,7.95,14083,United Kingdom,7.95
536945,37464,ROBOT MUG IN DISPLAY BOX,1,03-12-2010 12:24,1.25,14083,United Kingdom,1.25
536945,84247N,PACK/12 BLUE FOLKART CARDS,1,03-12-2010 12:24,2.95,14083,United Kingdom,2.95
536945,84247K,"FOLK ART GREETING CARD,pack/12",1,03-12-2010 12:24,2.95,14083,United Kingdom,2.95
536945,22035,VINTAGE CARAVAN GREETING CARD ,12,03-12-2010 12:24,0.42,14083,United Kingdom,5.04
536945,21250,SET OF SKULL WALL STICKERS,2,03-12-2010 12:24,2.95,14083,United Kingdom,5.9
536945,21677,HEARTS  STICKERS,6,03-12-2010 12:24,0.85,14083,United Kingdom,5.1
536945,47504K,ENGLISH ROSE GARDEN SECATEURS,2,03-12-2010 12:24,1.95,14083,United Kingdom,3.9
536945,84212,"ASSORTED FLOWER COLOUR ""LEIS""",1,03-12-2010 12:24,0.65,14083,United Kingdom,0.65
536945,21377,SMALL CAMPHOR WOOD FIELD  MUSHROOM,6,03-12-2010 12:24,1.65,14083,United Kingdom,9.9
536945,21379,CAMPHOR WOOD PORTOBELLO MUSHROOM,6,03-12-2010 12:24,1.25,14083,United Kingdom,7.5
536945,37489D,PINK/GREEN FLOWER DESIGN BIG MUG,1,03-12-2010 12:24,1.95,14083,United Kingdom,1.95
536945,17107D,"FLOWER FAIRY,5 SUMMER B'DRAW LINERS",3,03-12-2010 12:24,2.55,14083,United Kingdom,7.65
536945,37489B,BLUE/YELLOW FLOWER DESIGN BIG MUG,1,03-12-2010 12:24,1.95,14083,United Kingdom,1.95
536945,37489C,GREEN/BLUE FLOWER DESIGN BIG MUG,1,03-12-2010 12:24,1.95,14083,United Kingdom,1.95
536945,21932,SCANDINAVIAN PAISLEY PICNIC BAG,2,03-12-2010 12:24,2.95,14083,United Kingdom,5.9
536945,21933,PINK VINTAGE PAISLEY PICNIC BAG,2,03-12-2010 12:24,2.95,14083,United Kingdom,5.9
536945,37489A,YELLOW/PINK FLOWER DESIGN BIG MUG,1,03-12-2010 12:24,1.95,14083,United Kingdom,1.95
536947,22072,RED RETROSPOT TEA CUP AND SAUCER ,4,03-12-2010 12:29,3.75,13013,United Kingdom,15
536956,21905,MORE BUTTER METAL SIGN ,6,03-12-2010 12:43,2.1,14210,United Kingdom,12.6
536972,22414,DOORMAT NEIGHBOURHOOD WITCH ,2,03-12-2010 13:42,7.95,16926,United Kingdom,15.9
536973,22116,METAL SIGN HIS DINNER IS SERVED,4,03-12-2010 13:43,2.95,17787,United Kingdom,11.8
536973,85130A,BEADED PEARL HEART WHITE LARGE,24,03-12-2010 13:43,1.65,17787,United Kingdom,39.6
536973,85129C,BEADED CRYSTAL HEART BLUE SMALL,24,03-12-2010 13:43,1.25,17787,United Kingdom,30
536975,84849A,HELLO SAILOR BLUE SOAP HOLDER,12,03-12-2010 14:04,1.69,14911,EIRE,20.28
536977,22137,BATHROOM SET LOVE HEART DESIGN,1,03-12-2010 14:18,2.95,17954,United Kingdom,2.95
536980,85230B,CINNAMON SCENTED VOTIVE CANDLE,24,03-12-2010 14:26,0.29,17819,United Kingdom,6.96
536980,85230F,JASMINE VOTIVE CANDLE,24,03-12-2010 14:26,0.29,17819,United Kingdom,6.96
536980,22306,SILVER MUG BONE CHINA TREE OF LIFE,24,03-12-2010 14:26,1.95,17819,United Kingdom,46.8
536982,20734,SILVER MINI TAPE MEASURE ,2,03-12-2010 14:27,2.51,,United Kingdom,5.02
536982,20960,WATERMELON BATH SPONGE,4,03-12-2010 14:27,2.51,,United Kingdom,10.04
536982,35970,ZINC FOLKART SLEIGH BELLS,13,03-12-2010 14:27,4.21,,United Kingdom,54.73
536983,84849D,HOT BATHS SOAP HOLDER,12,03-12-2010 14:30,1.69,12712,Germany,20.28
536984,84507C,BLUE CIRCLES DESIGN MONKEY DOLL,1,03-12-2010 14:35,2.55,17841,United Kingdom,2.55
536984,20910,VINTAGE PHOTO ALBUM PARIS DAYS,2,03-12-2010 14:35,6.35,17841,United Kingdom,12.7
536984,82616B,FRAPPUCINO SCARF KNITTING KIT,1,03-12-2010 14:35,2.95,17841,United Kingdom,2.95
536987,90128B,BLUE LEAVES AND BEADS PHONE CHARM,1,03-12-2010 14:54,1.25,17198,United Kingdom,1.25
536987,90196B,BLACK GEMSTONE NECKLACE 45CM,1,03-12-2010 14:54,12.75,17198,United Kingdom,12.75
536987,90198B,VINTAGE ROSE BEAD BRACELET BLACK,1,03-12-2010 14:54,4.25,17198,United Kingdom,4.25
536987,90152B,BLUE/GREEN SHELL NECKLACE W PENDANT,1,03-12-2010 14:54,5.95,17198,United Kingdom,5.95
536987,90151,SILVER/NATURAL SHELL NECKLACE,1,03-12-2010 14:54,8.5,17198,United Kingdom,8.5
536987,20661,BLUE POLKADOT PURSE ,1,03-12-2010 14:54,2.95,17198,United Kingdom,2.95
536987,20652,BLUE POLKADOT LUGGAGE TAG ,2,03-12-2010 14:54,1.25,17198,United Kingdom,2.5
536987,21845,DAIRY MAID STRIPE MUG,6,03-12-2010 14:54,2.95,17198,United Kingdom,17.7
536987,22398,MAGNETS PACK OF 4 SWALLOWS,1,03-12-2010 14:54,1.25,17198,United Kingdom,1.25
536987,84877D,BLUE ROUND COMPACT MIRROR,1,03-12-2010 14:54,3.75,17198,United Kingdom,3.75
536987,20657,TROPICAL LUGGAGE TAG,1,03-12-2010 14:54,1.25,17198,United Kingdom,1.25
536987,47422,ASSORTED MONKEY SUCTION CUP HOOK,1,03-12-2010 14:54,0.42,17198,United Kingdom,0.42
536987,21642,ASSORTED TUTTI FRUTTI PEN,2,03-12-2010 14:54,0.85,17198,United Kingdom,1.7
536987,47503H,ASS FLORAL PRINT SPIRIT LEVEL ,1,03-12-2010 14:54,1.95,17198,United Kingdom,1.95
536987,72130,COLUMBIAN CANDLE ROUND,1,03-12-2010 14:54,0.65,17198,United Kingdom,0.65
536987,72128,COLUMBIAN CANDLE ROUND,1,03-12-2010 14:54,0.85,17198,United Kingdom,0.85
536988,47343A,FUSCHIA FLOWER PURSE WITH BEADS,3,03-12-2010 15:05,1.49,17238,United Kingdom,4.47
536988,72802A,ROSE SCENT CANDLE IN JEWELLED BOX,1,03-12-2010 15:05,4.25,17238,United Kingdom,4.25
536989,72802B,OCEAN SCENT CANDLE IN JEWELLED BOX,2,03-12-2010 15:10,4.25,17238,United Kingdom,8.5
536989,21054,NURSE'S BAG SOFT TOY,1,03-12-2010 15:10,8.95,17238,United Kingdom,8.95
536991,22339,CHRISTMAS TREE PAINTED ZINC ,3,03-12-2010 15:16,0.65,,United Kingdom,1.95
536991,22337,ANGEL DECORATION PAINTED ZINC ,4,03-12-2010 15:16,0.65,,United Kingdom,2.6
536993,84562A,PINK/WHITE RIBBED MELAMINE JUG,1,03-12-2010 15:19,7.95,14396,United Kingdom,7.95
536993,21040,MODERN VINTAGE COTTON SHOPPING BAG,1,03-12-2010 15:19,2.55,14396,United Kingdom,2.55
536993,21937,STRAWBERRY   PICNIC BAG,1,03-12-2010 15:19,2.95,14396,United Kingdom,2.95
536993,22701,PINK DOG BOWL,1,03-12-2010 15:19,2.95,14396,United Kingdom,2.95
536993,22362,GLASS JAR PEACOCK BATH SALTS,1,03-12-2010 15:19,2.95,14396,United Kingdom,2.95
536993,82011C,BATHROOM SCALES FOOTPRINTS IN SAND,1,03-12-2010 15:19,3.75,14396,United Kingdom,3.75
536993,84865,NEW BAROQUE BLACK PHOTO ALBUM,1,03-12-2010 15:19,8.5,14396,United Kingdom,8.5
536995,35951,,57,03-12-2010 15:29,0,,United Kingdom,0
537000,21414,,-22,03-12-2010 15:32,0,,United Kingdom,0
537001,21653,,-6,03-12-2010 15:33,0,,United Kingdom,0
537003,85126,,-2,03-12-2010 15:33,0,,United Kingdom,0
537005,21692,,-70,03-12-2010 15:35,0,,United Kingdom,0
537012,21535,,-12,03-12-2010 15:39,0,,United Kingdom,0
537016,21836,,-15,03-12-2010 15:41,0,,United Kingdom,0
537017,47556B,,-69,03-12-2010 15:41,0,,United Kingdom,0
537019,37474,,-15,03-12-2010 15:43,0,,United Kingdom,0
537021,21011,,-20,03-12-2010 15:43,0,,United Kingdom,0
537022,21287,SCENTED VELVET LOUNGE CANDLE ,12,03-12-2010 15:45,1.25,12725,Italy,15
537022,79337,BLUE FLOCK GLASS CANDLEHOLDER,6,03-12-2010 15:45,1.65,12725,Italy,9.9
537022,85111,SILVER GLITTER FLOWER VOTIVE HOLDER,12,03-12-2010 15:45,1.25,12725,Italy,15
537022,22307,GOLD MUG BONE CHINA TREE OF LIFE,6,03-12-2010 15:45,1.95,12725,Italy,11.7
537022,85078,SCANDINAVIAN 3 HEARTS NAPKIN RING,24,03-12-2010 15:45,0.65,12725,Italy,15.6
537022,85034C,3 ROSE MORRIS BOXED CANDLES,4,03-12-2010 15:45,4.25,12725,Italy,17
537022,84614A,PINK BAROQUE FLOCK CANDLE HOLDER,2,03-12-2010 15:45,5.95,12725,Italy,11.9
537023,22509,SEWING BOX RETROSPOT DESIGN ,1,03-12-2010 16:02,16.95,16725,United Kingdom,16.95
537025,90145,SILVER HOOP EARRINGS WITH FLOWER,1,03-12-2010 16:21,5.95,,United Kingdom,5.95
537025,90143,SILVER BRACELET W PASTEL FLOWER,1,03-12-2010 16:21,7.5,,United Kingdom,7.5
537025,90010A,MIDNIGHT BLUE GLASS/SILVER BRACELET,1,03-12-2010 16:21,8.95,,United Kingdom,8.95
537025,90010B,BLACK/WHITE GLASS/SILVER BRACELET,1,03-12-2010 16:21,8.95,,United Kingdom,8.95
537025,90050,CRACKED GLAZE NECKLACE IVORY,1,03-12-2010 16:21,6.95,,United Kingdom,6.95
537025,90053,CRACKED GLAZE EARRINGS IVORY,1,03-12-2010 16:21,2.55,,United Kingdom,2.55
537028,21696,,-320,03-12-2010 16:36,0,,United Kingdom,0
537032,21275,?,-30,03-12-2010 16:50,0,,United Kingdom,0
537034,20829,GLITTER HANGING BUTTERFLY STRING,8,03-12-2010 17:20,2.1,13081,United Kingdom,16.8
537034,21947,SET OF 6 HEART CHOPSTICKS,12,03-12-2010 17:20,1.25,13081,United Kingdom,15
537034,21726,MULTI HEARTS  STICKERS,12,03-12-2010 17:20,0.85,13081,United Kingdom,10.2
537036,22671,FRENCH LAUNDRY SIGN BLUE METAL,1,03-12-2010 17:28,1.65,15545,United Kingdom,1.65
C537039,20936,FORKED CACTUS CANDLE,-1,05-12-2010 10:25,2.95,15708,United Kingdom,-2.95
537041,84924A,WAKE UP COCKEREL CALENDAR SIGN ,1,05-12-2010 10:36,3.75,16033,United Kingdom,3.75
537041,35810B,ENAMEL BLUE RIM COFFEE CONTAINER,1,05-12-2010 10:36,2.1,16033,United Kingdom,2.1
537041,35241,ENAMEL BLUE RIM BISCUIT BIN,1,05-12-2010 10:36,4.95,16033,United Kingdom,4.95
537042,17109D,FLOWER FAIRY INCENSE BOUQUET,2,05-12-2010 10:45,1.69,13838,United Kingdom,3.38
537042,22853,CAT BOWL VINTAGE CREAM,1,05-12-2010 10:45,3.25,13838,United Kingdom,3.25
537044,85034B,3 WHITE CHOC MORRIS BOXED CANDLES,4,05-12-2010 10:52,4.25,18055,United Kingdom,17
537044,72800D,4 BLUE DINNER CANDLES SILVER FLOCK,12,05-12-2010 10:52,2.55,18055,United Kingdom,30.6
537044,84819,DANISH ROSE ROUND SEWING BOX,3,05-12-2010 10:52,4.25,18055,United Kingdom,12.75
537045,90185D,CRYSTAL DIAMANTE EXPANDABLE RING,1,05-12-2010 10:54,4.25,15038,United Kingdom,4.25
537045,90175A,WHITE GLASS CHUNKY CHARM BRACELET,1,05-12-2010 10:54,8.95,15038,United Kingdom,8.95
537047,22079,RIBBON REEL HEARTS DESIGN ,1,05-12-2010 11:02,1.65,13069,United Kingdom,1.65
537048,90162B,ANT SILVER LIME GREEN BOUDICCA RING,1,05-12-2010 11:03,2.95,13069,United Kingdom,2.95
537048,90162D,ANT SILVER PURPLE BOUDICCA RING,1,05-12-2010 11:03,2.95,13069,United Kingdom,2.95
537049,21626,VINTAGE UNION JACK PENNANT,12,05-12-2010 11:04,1.95,16241,United Kingdom,23.4
537050,90167,BEADED LOVE HEART JEWELLERY SET,10,05-12-2010 11:10,0.85,14800,United Kingdom,8.5
537050,22403,MAGNETS PACK OF 4 VINTAGE LABELS ,12,05-12-2010 11:10,1.25,14800,United Kingdom,15
537050,22563,HAPPY STENCIL CRAFT,5,05-12-2010 11:10,1.25,14800,United Kingdom,6.25
537050,84827,ASS DES PHONE SPONGE CRAFT STICKER,60,05-12-2010 11:10,0.65,14800,United Kingdom,39
537051,22799,SWEETHEART WIRE FRUIT BOWL,1,05-12-2010 11:12,8.5,15708,United Kingdom,8.5
537051,22305,COFFEE MUG PINK PAISLEY DESIGN,6,05-12-2010 11:12,2.55,15708,United Kingdom,15.3
537054,84898F,YELLOW FLOWERS FELT HANDBAG KIT,2,05-12-2010 11:40,2.1,16931,United Kingdom,4.2
537055,22415,WHITE TISSUE REAM,1,05-12-2010 11:45,7.95,16814,United Kingdom,7.95
537057,22256,FELT FARM ANIMAL CHICKEN,3,05-12-2010 11:49,1.25,15351,United Kingdom,3.75
537057,47310M,"SMALL POP BOX,FUNKY MONKEY",1,05-12-2010 11:49,1.25,15351,United Kingdom,1.25
537059,84508B,STRIPES DESIGN TEDDY,1,05-12-2010 11:54,2.55,14813,United Kingdom,2.55
537065,21555,CERAMIC STRAWBERRY TRINKET TRAY,6,05-12-2010 11:57,2.55,12567,France,15.3
537065,22390,PAPERWEIGHT CHILDHOOD MEMORIES,6,05-12-2010 11:57,2.55,12567,France,15.3
537065,84963A,PINK PAINTED KASHMIRI CHAIR,4,05-12-2010 11:57,42.95,12567,France,171.8
537077,84993B,75 BLACK PETIT FOUR CASES,12,05-12-2010 11:59,0.42,17062,United Kingdom,5.04
537086,85206A,CREAM FELT EASTER EGG BASKET,24,05-12-2010 12:01,1.65,15332,Lithuania,39.6
537086,22021,BLUE FELT EASTER EGG BASKET,24,05-12-2010 12:01,1.65,15332,Lithuania,39.6
537126,84596G,SMALL CHOCOLATES PINK BOWL,1,05-12-2010 12:13,1.25,18118,United Kingdom,1.25
537128,21445,12 PINK ROSE PEG PLACE SETTINGS,4,05-12-2010 12:15,1.25,12841,United Kingdom,5
537128,77101A,UNION FLAG WINDSOCK,4,05-12-2010 12:15,1.25,12841,United Kingdom,5
537129,84358,FLOOR LAMP SHADE WOOD BASE,1,05-12-2010 12:15,9.95,13506,United Kingdom,9.95
537131,21294,ETCHED GLASS COASTER,48,05-12-2010 12:26,1.25,15716,United Kingdom,60
537133,21468,BUTTERFLY CROCHET FOOD COVER,1,05-12-2010 12:29,3.75,18156,United Kingdom,3.75
537133,22123,PING MICROWAVE APRON,1,05-12-2010 12:29,5.95,18156,United Kingdom,5.95
537133,22939,APRON APPLE DELIGHT,2,05-12-2010 12:29,4.95,18156,United Kingdom,9.9
C537132,71279,PINK GLASS CANDLEHOLDER,-2,05-12-2010 12:29,2.95,15221,United Kingdom,-5.9
537135,22598,CHRISTMAS MUSICAL ZINC TREE,4,05-12-2010 12:35,0.85,17059,United Kingdom,3.4
537135,22532,MAGIC DRAWING SLATE LEAP FROG ,1,05-12-2010 12:35,0.42,17059,United Kingdom,0.42
537136,21413,PERIWINKLE T-LIGHT HOLDER,1,05-12-2010 12:42,1.25,12748,United Kingdom,1.25
537136,79149B,SILICON STAR BULB  BLUE,1,05-12-2010 12:42,0.42,12748,United Kingdom,0.42
537136,21682,LARGE MEDINA STAMPED METAL BOWL ,4,05-12-2010 12:42,4.95,12748,United Kingdom,19.8
537136,78034B,BLUE NETTING STORAGE HANGER,1,05-12-2010 12:42,1.95,12748,United Kingdom,1.95
537136,22894,TABLECLOTH RED APPLES DESIGN ,1,05-12-2010 12:42,8.5,12748,United Kingdom,8.5
537136,79151B,"SILICON CUBE 25W, BLUE",1,05-12-2010 12:42,0.42,12748,United Kingdom,0.42
537136,21090,SET/6 COLLAGE PAPER PLATES,2,05-12-2010 12:42,0.85,12748,United Kingdom,1.7
537136,21209,MULTICOLOUR HONEYCOMB FAN,1,05-12-2010 12:42,1.65,12748,United Kingdom,1.65
537136,22354,RETROSPOT PADDED SEAT CUSHION,4,05-12-2010 12:42,3.75,12748,United Kingdom,15
537136,21635,MADRAS NOTEBOOK LARGE ,1,05-12-2010 12:42,3.75,12748,United Kingdom,3.75
537137,35653,VINTAGE BEAD NOTEBOOK,5,05-12-2010 12:43,2.95,16327,United Kingdom,14.75
537137,85130D,BEADED CRYSTAL HEART PINK LARGE,5,05-12-2010 12:43,1.65,16327,United Kingdom,8.25
537137,15039,SANDALWOOD FAN,3,05-12-2010 12:43,0.85,16327,United Kingdom,2.55
537137,84978,HANGING HEART JAR T-LIGHT HOLDER,6,05-12-2010 12:43,1.25,16327,United Kingdom,7.5
537137,84569D,PACK 6 HEART/ICE-CREAM PATCHES,6,05-12-2010 12:43,1.25,16327,United Kingdom,7.5
537137,84921,CREAM AND PINK FLOWERS PONY ,1,05-12-2010 12:43,3.75,16327,United Kingdom,3.75
537138,84508C,BLUE CIRCLES DESIGN TEDDY,4,05-12-2010 12:44,2.55,17211,United Kingdom,10.2
537140,90086,CRYSTAL FROG PHONE CHARM,1,05-12-2010 12:53,0.85,12748,United Kingdom,0.85
537140,62018,SOMBRERO ,1,05-12-2010 12:53,1.95,12748,United Kingdom,1.95
537140,16011,ANIMAL STICKERS,5,05-12-2010 12:53,0.21,12748,United Kingdom,1.05
537140,85179A,GREEN BITTY LIGHT CHAIN,1,05-12-2010 12:53,4.65,12748,United Kingdom,4.65
537140,21785,RAIN PONCHO ,1,05-12-2010 12:53,0.85,12748,United Kingdom,0.85
537140,21650,ASSORTED TUTTI FRUTTI BRACELET,2,05-12-2010 12:53,0.65,12748,United Kingdom,1.3
537140,84874B,BLUE TRAVEL FIRST AID KIT,1,05-12-2010 12:53,1.65,12748,United Kingdom,1.65
537142,22674,FRENCH TOILET SIGN BLUE METAL,1,05-12-2010 12:57,1.25,12748,United Kingdom,1.25
537144,72051S,BAG OF SILVER STONES,4,05-12-2010 13:00,0.42,15880,United Kingdom,1.68
537144,20764,ABSTRACT CIRCLES SKETCHBOOK ,1,05-12-2010 13:00,3.75,15880,United Kingdom,3.75
537144,47579,TEA TIME BREAKFAST BASKET,1,05-12-2010 13:00,2.1,15880,United Kingdom,2.1
537144,21723,ALPHABET HEARTS STICKER SHEET,1,05-12-2010 13:00,0.85,15880,United Kingdom,0.85
537144,35953,FOLKART STAR CHRISTMAS DECORATIONS,24,05-12-2010 13:00,1.25,15880,United Kingdom,30
537144,84051,ASS COLOUR GLOWING TIARAS,4,05-12-2010 13:00,0.85,15880,United Kingdom,3.4
537144,21187,WHITE BELL HONEYCOMB PAPER GARLAND ,2,05-12-2010 13:00,1.65,15880,United Kingdom,3.3
537153,22034,ROBIN CHRISTMAS CARD,3,05-12-2010 13:03,0.42,16718,United Kingdom,1.26
537155,20980,36 PENCILS TUBE POSY,1,05-12-2010 13:05,1.25,12748,United Kingdom,1.25
537155,35958,FOLKART ZINC STAR CHRISTMAS DEC,4,05-12-2010 13:05,0.85,12748,United Kingdom,3.4
537156,75013B,"STRING OF 8 BUTTERFLIES,PINK",4,05-12-2010 13:08,1.65,17858,United Kingdom,6.6
537156,22830,UTILTY CABINET WITH HOOKS,1,05-12-2010 13:08,26.95,17858,United Kingdom,26.95
537159,22684,FRENCH BLUE METAL DOOR SIGN 9,1,05-12-2010 13:17,1.25,14527,United Kingdom,1.25
537159,82011B,BATHROOM SCALES RUBBER DUCKS,1,05-12-2010 13:17,3.75,14527,United Kingdom,3.75
537159,21630,FLOOR CUSHION ELEPHANT CARNIVAL,1,05-12-2010 13:17,8.95,14527,United Kingdom,8.95
537163,21580,RABBIT  DESIGN  COTTON TOTE BAG,6,05-12-2010 13:21,2.25,17863,United Kingdom,13.5
537176,22231,JIGSAW TREE WITH BIRDHOUSE,1,05-12-2010 13:26,1.45,16411,United Kingdom,1.45
537192,22859,EASTER TIN BUNNY BOUQUET,2,05-12-2010 13:42,1.65,16402,United Kingdom,3.3
537192,22860,EASTER TIN CHICKS PINK DAISY,2,05-12-2010 13:42,1.65,16402,United Kingdom,3.3
537192,22093,MOTORING TISSUE BOX,1,05-12-2010 13:42,1.25,16402,United Kingdom,1.25
537192,20748,KENSINGTON COFFEE SET,1,05-12-2010 13:42,12.75,16402,United Kingdom,12.75
537192,85208,SET/12 FUNKY FELT FLOWER PEG IN BAG,1,05-12-2010 13:42,2.1,16402,United Kingdom,2.1
537192,22129,PARTY CONES CANDY TREE DECORATION,6,05-12-2010 13:42,0.85,16402,United Kingdom,5.1
537192,22808,SET OF 6 T-LIGHTS EASTER CHICKS,1,05-12-2010 13:42,2.95,16402,United Kingdom,2.95
537192,20702,PINK PADDED MOBILE,1,05-12-2010 13:42,4.25,16402,United Kingdom,4.25
537192,85187,S/12 MINI RABBIT EASTER,1,05-12-2010 13:42,1.65,16402,United Kingdom,1.65
537193,21683,MEDIUM MEDINA STAMPED METAL BOWL ,1,05-12-2010 13:49,2.95,15023,United Kingdom,2.95
537193,22770,MIRROR CORNICE,1,05-12-2010 13:49,14.95,15023,United Kingdom,14.95
537195,84563B,BLUE & WHITE BREAKFAST TRAY,1,05-12-2010 13:55,5.95,15311,United Kingdom,5.95
537196,79190A,RETRO PLASTIC 70'S TRAY,1,05-12-2010 13:55,0.42,15426,United Kingdom,0.42
537196,15034,PAPER POCKET TRAVELING FAN ,1,05-12-2010 13:55,0.14,15426,United Kingdom,0.14
537196,85129B,BEADED CRYSTAL HEART GREEN SMALL,2,05-12-2010 13:55,1.25,15426,United Kingdom,2.5
537196,35924,HANGING FAIRY CAKE DECORATION,2,05-12-2010 13:55,2.1,15426,United Kingdom,4.2
537196,20671,BLUE TEATIME PRINT BOWL ,2,05-12-2010 13:55,1.25,15426,United Kingdom,2.5
537196,21904,HOUSE WRECKING METAL SIGN ,1,05-12-2010 13:55,2.1,15426,United Kingdom,2.1
537197,22843,BISCUIT TIN VINTAGE GREEN,2,05-12-2010 14:02,6.75,12647,Germany,13.5
537197,22199,FRYING PAN RED RETROSPOT,4,05-12-2010 14:02,4.25,12647,Germany,17
537197,84968A,SET OF 16 VINTAGE ROSE CUTLERY,1,05-12-2010 14:02,12.75,12647,Germany,12.75
537200,47369A,PINK GREEN EMBROIDERY COSMETIC BAG,1,05-12-2010 14:17,2.95,15867,United Kingdom,2.95
537200,47369B,BLUE GREEN EMBROIDERY COSMETIC BAG,1,05-12-2010 14:17,2.95,15867,United Kingdom,2.95
537200,47367B,PAIR PADDED HANGERS PINK CHECK,2,05-12-2010 14:17,3.75,15867,United Kingdom,7.5
537202,21695,SMALL SILVER FLOWER CANDLE POT,6,05-12-2010 14:25,2.95,14506,United Kingdom,17.7
537202,84773,RED ROSE AND LACE C/COVER,3,05-12-2010 14:25,2.95,14506,United Kingdom,8.85
C537203,21424,WOODLAND STORAGE BOX LARGE ,-1,05-12-2010 14:44,2.95,14606,United Kingdom,-2.95
537204,21819,GLITTER CHRISTMAS STAR ,6,05-12-2010 14:45,0.85,15555,United Kingdom,5.1
537204,22817,CARD SUKI BIRTHDAY,12,05-12-2010 14:45,0.42,15555,United Kingdom,5.04
537204,16161U,WRAP SUKI AND FRIENDS,25,05-12-2010 14:45,0.42,15555,United Kingdom,10.5
537205,22252,BIRDCAGE DECORATION TEALIGHT HOLDER,12,05-12-2010 14:52,1.25,13034,United Kingdom,15
537208,21401,BLUE PUDDING SPOON,1,05-12-2010 15:12,0.42,15889,United Kingdom,0.42
537208,84597C,RETRO PINK BALL ASHTRAY ,1,05-12-2010 15:12,1.25,15889,United Kingdom,1.25
537208,51020A,SUMMER FUN DESIGN SHOWER CAP,1,05-12-2010 15:12,1.25,15889,United Kingdom,1.25
537208,51020B,STRIPY DESIGN SHOWER CAP,2,05-12-2010 15:12,1.25,15889,United Kingdom,2.5
537208,21306,SET/4 DAISY MIRROR MAGNETS,1,05-12-2010 15:12,2.1,15889,United Kingdom,2.1
537208,21311,SET/4 BIRD MIRROR MAGNETS ,1,05-12-2010 15:12,2.1,15889,United Kingdom,2.1
537208,21307,SET/4 BUTTERFLY MIRROR MAGNETS,1,05-12-2010 15:12,2.1,15889,United Kingdom,2.1
537208,21277,FRENCH STYLE EMBOSSED HEART CABINET,1,05-12-2010 15:12,21.95,15889,United Kingdom,21.95
537208,22475,SKULL DESIGN TV DINNER TRAY,2,05-12-2010 15:12,4.95,15889,United Kingdom,9.9
537208,90200E,GREEN SWEETHEART BRACELET,2,05-12-2010 15:12,4.25,15889,United Kingdom,8.5
537208,90062,CARNIVAL BRACELET,1,05-12-2010 15:12,12.75,15889,United Kingdom,12.75
537209,21616,4 PEAR BOTANICAL DINNER CANDLES,4,05-12-2010 15:12,3.75,14606,United Kingdom,15
537209,20659,ECONOMY LUGGAGE TAG,1,05-12-2010 15:12,1.25,14606,United Kingdom,1.25
537209,20985,HEART CALCULATOR,1,05-12-2010 15:12,1.25,14606,United Kingdom,1.25
537210,84596L,BISCUITS SMALL BOWL LIGHT BLUE,1,05-12-2010 15:15,1.25,15953,United Kingdom,1.25
537210,84596F,SMALL MARSHMALLOWS PINK BOWL,1,05-12-2010 15:15,1.25,15953,United Kingdom,1.25
537212,22346,PARTY PIZZA DISH GREEN POLKADOT,12,05-12-2010 15:21,0.85,12720,Germany,10.2
537212,22344,PARTY PIZZA DISH PINK POLKADOT,12,05-12-2010 15:21,0.85,12720,Germany,10.2
537213,85215,ASSORTED CHEESE FRIDGE MAGNETS,1,05-12-2010 15:26,0.65,12748,United Kingdom,0.65
537215,85062,PEARL CRYSTAL PUMPKIN T-LIGHT HLDR,24,05-12-2010 15:38,1.65,12747,United Kingdom,39.6
537218,22984,CARD GINGHAM ROSE ,12,05-12-2010 15:46,0.42,12763,Japan,5.04
537219,85036C,ROSE 1 WICK MORRIS BOXED CANDLE,1,05-12-2010 15:47,4.25,14081,United Kingdom,4.25
537224,21202,DOLLY HONEYCOMB GARLAND,1,05-12-2010 16:24,1.65,13174,United Kingdom,1.65
537224,84531A,PINK KNITTED EGG COSY,1,05-12-2010 16:24,1.95,13174,United Kingdom,1.95
537224,84531B,BLUE KNITTED EGG COSY,1,05-12-2010 16:24,1.95,13174,United Kingdom,1.95
537224,21910,WAY OUT METAL SIGN ,1,05-12-2010 16:24,1.65,13174,United Kingdom,1.65
537224,22461,SAVOY ART DECO CLOCK,2,05-12-2010 16:24,12.75,13174,United Kingdom,25.5
537224,22833,HALL CABINET WITH 3 DRAWERS,1,05-12-2010 16:24,49.95,13174,United Kingdom,49.95
537224,22690,DOORMAT HOME SWEET HOME BLUE ,1,05-12-2010 16:24,7.95,13174,United Kingdom,7.95
537224,84881,BLUE WIRE SPIRAL CANDLE HOLDER,2,05-12-2010 16:24,6.35,13174,United Kingdom,12.7
537224,21613,S/12 VANILLA  BOTANICAL T-LIGHTS,4,05-12-2010 16:24,2.95,13174,United Kingdom,11.8
537224,21693,SMALL HAMMERED SILVER CANDLEPOT ,6,05-12-2010 16:24,2.95,13174,United Kingdom,17.7
537224,84809A,WHITE CHRYSANTHEMUMS ART FLOWER,6,05-12-2010 16:24,2.1,13174,United Kingdom,12.6
537224,79190D,RETRO PLASTIC DAISY TRAY,1,05-12-2010 16:24,0.42,13174,United Kingdom,0.42
537224,22157,ANGEL DECORATION WITH LACE PADDED,24,05-12-2010 16:24,0.85,13174,United Kingdom,20.4
537225,84795B,SUNSET CHECK HAMMOCK,4,05-12-2010 16:41,7.95,12748,United Kingdom,31.8
537225,20771,CHRYSANTHEMUM  JOURNAL,2,05-12-2010 16:41,2.55,12748,United Kingdom,5.1
537225,37327,ASSTD MULTICOLOUR CIRCLES MUG,6,05-12-2010 16:41,1.69,12748,United Kingdom,10.14
537225,85027L,FRENCH CHATEAU LARGE PLATTER ,1,05-12-2010 16:41,7.95,12748,United Kingdom,7.95
537225,85017C,ENVELOPE 50 CURIOUS IMAGES,5,05-12-2010 16:41,0.85,12748,United Kingdom,4.25
537225,16010,FOLDING CAMPING SCISSOR W/KNIF & S,12,05-12-2010 16:41,0.12,12748,United Kingdom,1.44
537225,35001W,HAND OPEN SHAPE DECO.WHITE,1,05-12-2010 16:41,3.49,12748,United Kingdom,3.49
537225,84707B,PINK JEWELLED MIRROR TRINKET TRAY,1,05-12-2010 16:41,9.95,12748,United Kingdom,9.95
537225,21167,WHITE SAGE INCENSE,50,05-12-2010 16:41,0.21,12748,United Kingdom,10.5
537225,51008,AFGHAN SLIPPER SOCK PAIR,10,05-12-2010 16:41,3.45,12748,United Kingdom,34.5
537226,21713,CITRONELLA CANDLE FLOWERPOT,8,06-12-2010 08:34,2.1,15987,United Kingdom,16.8
537226,20802,SMALL GLASS SUNDAE DISH CLEAR,6,06-12-2010 08:34,1.65,15987,United Kingdom,9.9
537226,22052,VINTAGE CARAVAN GIFT WRAP,25,06-12-2010 08:34,0.42,15987,United Kingdom,10.5
537226,20781,GOLD EAR MUFF HEADPHONES,2,06-12-2010 08:34,5.49,15987,United Kingdom,10.98
537226,22389,PAPERWEIGHT SAVE THE PLANET,6,06-12-2010 08:34,2.55,15987,United Kingdom,15.3
C537232,84840,SWEETHEART CARRY-ALL BASKET,-2,06-12-2010 09:31,8.5,12586,Italy,-17
537236,22073,RED RETROSPOT STORAGE JAR,16,06-12-2010 09:52,3.39,16858,United Kingdom,54.24
537237,20716,PARTY FOOD SHOPPER BAG,1,06-12-2010 09:58,2.51,,United Kingdom,2.51
537237,20782,CAMOUFLAGE EAR MUFF HEADPHONES,4,06-12-2010 09:58,11.02,,United Kingdom,44.08
537237,20847,ZINC HEART LATTICE CHARGER LARGE,1,06-12-2010 09:58,7.62,,United Kingdom,7.62
537237,21291,SMALL POLKADOT CHOCOLATE GIFT BAG ,2,06-12-2010 09:58,1.66,,United Kingdom,3.32
537237,21319,GLASS CHALICE GREEN  SMALL ,2,06-12-2010 09:58,3.36,,United Kingdom,6.72
537237,21359,RELAX LARGE WOOD LETTERS,1,06-12-2010 09:58,34,,United Kingdom,34
537237,21397,BLUE POLKADOT EGG CUP ,1,06-12-2010 09:58,3.36,,United Kingdom,3.36
537237,21627,ELEPHANT CARNIVAL POUFFE,1,06-12-2010 09:58,29.79,,United Kingdom,29.79
537237,21632,VINTAGE PINK DECORATIVE PARASOL,1,06-12-2010 09:58,25.49,,United Kingdom,25.49
537237,22106,MIRROR MOSAIC HURRICANE LAMP ,1,06-12-2010 09:58,5.06,,United Kingdom,5.06
537237,22108,PING! MICROWAVE PLATE,1,06-12-2010 09:58,3.36,,United Kingdom,3.36
537237,22221,CAKE STAND LOVEBIRD 2 TIER PINK,1,06-12-2010 09:58,20.38,,United Kingdom,20.38
537237,22223,CAKE PLATE LOVEBIRD PINK,1,06-12-2010 09:58,10.17,,United Kingdom,10.17
537237,22282,12 EGG HOUSE PAINTED WOOD,2,06-12-2010 09:58,25.49,,United Kingdom,50.98
537237,22329,ROUND CONTAINER SET OF 5 RETROSPOT,2,06-12-2010 09:58,3.36,,United Kingdom,6.72
537237,22416,SET OF 36 DOILIES SPACEBOY DESIGN ,1,06-12-2010 09:58,2.98,,United Kingdom,2.98
537237,22613,PACK OF 20 SPACEBOY NAPKINS,1,06-12-2010 09:58,1.66,,United Kingdom,1.66
537237,35648,VINTAGE BEAD PINK PURSE ,1,06-12-2010 09:58,5.91,,United Kingdom,5.91
537237,35651,VINTAGE BEAD PINK SCARF ,1,06-12-2010 09:58,16.13,,United Kingdom,16.13
537237,37447,CERAMIC CAKE DESIGN SPOTTED PLATE,2,06-12-2010 09:58,3.36,,United Kingdom,6.72
537237,46118,FUNKY MONKEY CUSHION COVER,1,06-12-2010 09:58,8.47,,United Kingdom,8.47
537237,46776C,WOVEN FROST CUSHION COVER,1,06-12-2010 09:58,4.21,,United Kingdom,4.21
537237,46776E,WOVEN CANDY CUSHION COVER ,1,06-12-2010 09:58,4.21,,United Kingdom,4.21
537237,62094B,TURQ ICE CREAM BUM BAG ,1,06-12-2010 09:58,5.06,,United Kingdom,5.06
537237,84078A,SET/4 WHITE RETRO STORAGE CUBES ,1,06-12-2010 09:58,76.55,,United Kingdom,76.55
537237,84228,HEN HOUSE W CHICK STANDING,1,06-12-2010 09:58,0.84,,United Kingdom,0.84
537237,84568,GIRLS ALPHABET IRON ON PATCHES ,37,06-12-2010 09:58,0.43,,United Kingdom,15.91
537237,84789,ENCHANTED BIRD PLANT CAGE,1,06-12-2010 09:58,7.62,,United Kingdom,7.62
537237,84813,SET OF 4 DIAMOND NAPKIN RINGS,1,06-12-2010 09:58,25.49,,United Kingdom,25.49
537237,85093,CANDY SPOT EGG WARMER HARE,1,06-12-2010 09:58,2.51,,United Kingdom,2.51
537237,85096,HILDA CANDY SPOT RABBIT,1,06-12-2010 09:58,7.62,,United Kingdom,7.62
537237,85202,HANGING WOOD AND FELT HEART,1,06-12-2010 09:58,0.84,,United Kingdom,0.84
537237,85204,HANGING WOOD AND FELT FLOWER,1,06-12-2010 09:58,0.84,,United Kingdom,0.84
537237,90001D,ANTIQUE OLIVE GREEN FLOWER EARRINGS,1,06-12-2010 09:58,4.24,,United Kingdom,4.24
537237,90013C,GREEN VINTAGE EARRINGS ,1,06-12-2010 09:58,4.24,,United Kingdom,4.24
537237,90014B,GOLD M PEARL  ORBIT NECKLACE,1,06-12-2010 09:58,10.62,,United Kingdom,10.62
537237,90085,CRYSTAL STILETTO PHONE CHARM,1,06-12-2010 09:58,1.66,,United Kingdom,1.66
537237,90132,LIGHT TOPAZ TEAL/AQUA COL NECKLACE,1,06-12-2010 09:58,5.09,,United Kingdom,5.09
537237,90140,PINK SWEETIE NECKLACE,1,06-12-2010 09:58,7.64,,United Kingdom,7.64
537237,90141B,IVORY PENDANT TRIPLE SHELL NECKLACE,1,06-12-2010 09:58,5.09,,United Kingdom,5.09
537237,90158,ST TROPEZ NECKLACE,1,06-12-2010 09:58,5.09,,United Kingdom,5.09
537237,90183A,AMBER DROP EARRINGS W LONG BEADS,1,06-12-2010 09:58,2.96,,United Kingdom,2.96
537237,90183B,AMETHYST DROP EARRINGS W LONG BEADS,1,06-12-2010 09:58,2.96,,United Kingdom,2.96
537237,90201B,BLACK ENAMEL FLOWER RING,1,06-12-2010 09:58,2.96,,United Kingdom,2.96
537237,90212B,JET BLACK LAS VEGAS BRACELET ROUND,1,06-12-2010 09:58,3.81,,United Kingdom,3.81
537237,84712B,PINK JEWELLED PHOTO FRAME,3,06-12-2010 09:58,7.95,,United Kingdom,23.85
537238,22279,POCKET BAG BLUE PAISLEY RED SPOT,3,06-12-2010 10:03,1.25,16161,United Kingdom,3.75
537238,22280,POCKET BAG PINK PAISELY BROWN SPOT,3,06-12-2010 10:03,1.25,16161,United Kingdom,3.75
537240,22377,BOTTLE BAG RETROSPOT ,1,06-12-2010 10:08,4.21,,United Kingdom,4.21
537240,22495,SET OF 2 ROUND TINS CAMEMBERT ,1,06-12-2010 10:08,5.91,,United Kingdom,5.91
537240,22521,CHILDS GARDEN TROWEL PINK,1,06-12-2010 10:08,1.66,,United Kingdom,1.66
537240,22523,CHILDS GARDEN FORK PINK,1,06-12-2010 10:08,1.66,,United Kingdom,1.66
537240,22677,FRENCH BLUE METAL DOOR SIGN 2,1,06-12-2010 10:08,2.51,,United Kingdom,2.51
537240,22682,FRENCH BLUE METAL DOOR SIGN 7,1,06-12-2010 10:08,2.51,,United Kingdom,2.51
537240,22715,CARD WEDDING DAY,1,06-12-2010 10:08,0.85,,United Kingdom,0.85
537240,21253,SET OF PICTURE FRAME  STICKERS,1,06-12-2010 10:08,5.91,,United Kingdom,5.91
537240,21265,PINK GOOSE FEATHER TREE 60CM,1,06-12-2010 10:08,5.91,,United Kingdom,5.91
537240,21389,IVORY HANGING DECORATION  BIRD,1,06-12-2010 10:08,1.66,,United Kingdom,1.66
537240,21391,FRENCH LAVENDER SCENT HEART,1,06-12-2010 10:08,4.21,,United Kingdom,4.21
537240,21403,BLUE EGG  SPOON,2,06-12-2010 10:08,0.85,,United Kingdom,1.7
537240,21534,DAIRY MAID LARGE MILK JUG,1,06-12-2010 10:08,10.17,,United Kingdom,10.17
537240,21618,4 WILDFLOWER BOTANICAL CANDLES,1,06-12-2010 10:08,7.62,,United Kingdom,7.62
537240,21812,GARLAND WITH HEARTS AND BELLS,1,06-12-2010 10:08,10.17,,United Kingdom,10.17
537240,21847,GREEN  DIAMANTE PEN IN GIFT BOX,1,06-12-2010 10:08,4.21,,United Kingdom,4.21
537240,21943,CAKES AND RABBITS DESIGN FLANNEL ,1,06-12-2010 10:08,1.66,,United Kingdom,1.66
537240,22104,MIRROR MOSAIC CANDLE PLATE,1,06-12-2010 10:08,1.66,,United Kingdom,1.66
537240,22322,BIRD DECORATION GREEN POLKADOT,1,06-12-2010 10:08,1.66,,United Kingdom,1.66
537240,22340,NOEL GARLAND PAINTED ZINC ,1,06-12-2010 10:08,3.36,,United Kingdom,3.36
537240,35833G,4 GOLD FLOCK CHRISTMAS BALLS,2,06-12-2010 10:08,3.36,,United Kingdom,6.72
537240,35916A,YELLOW FELT HANGING HEART W FLOWER,5,06-12-2010 10:08,1.66,,United Kingdom,8.3
537240,46776A,WOVEN BUBBLE GUM CUSHION COVER,2,06-12-2010 10:08,4.21,,United Kingdom,8.42
537240,72351B,SET/6 PINK  BUTTERFLY T-LIGHTS,1,06-12-2010 10:08,4.21,,United Kingdom,4.21
537240,84459A,PINK METAL CHICKEN HEART ,1,06-12-2010 10:08,3.36,,United Kingdom,3.36
537240,84637,KITCHEN FLOWER POTS WALL PLAQUE,1,06-12-2010 10:08,12.72,,United Kingdom,12.72
537240,85039B,S/4 IVORY MINI ROSE CANDLE IN BOWL,1,06-12-2010 10:08,1.66,,United Kingdom,1.66
537240,85039C,S/4 BLACK MINI ROSE CANDLE IN BOWL,1,06-12-2010 10:08,1.66,,United Kingdom,1.66
537240,85131C,BEADED CRYSTAL HEART BLUE ON STICK,7,06-12-2010 10:08,0.85,,United Kingdom,5.95
537240,90010E,AMBER GLASS/SILVER BRACELET,4,06-12-2010 10:08,9.34,,United Kingdom,37.36
537240,90039C,FIRE POLISHED GLASS BRACELET BLACK,1,06-12-2010 10:08,3.81,,United Kingdom,3.81
537240,90056,CHUNKY CRACKED GLAZE NECKLACE IVORY,1,06-12-2010 10:08,11.05,,United Kingdom,11.05
537240,90081C,LILY BROOCH OLIVE COLOUR,1,06-12-2010 10:08,5.09,,United Kingdom,5.09
537240,90101,WHITE FRANGIPANI NECKLACE,1,06-12-2010 10:08,2.54,,United Kingdom,2.54
537240,90130B,TURQ STONE/CRYSTAL EARRINGS,1,06-12-2010 10:08,2.96,,United Kingdom,2.96
537240,90130C,GREEN STONE/CRYSTAL EARRINGS,1,06-12-2010 10:08,2.96,,United Kingdom,2.96
537240,15044C,PURPLE PAPER PARASOL,2,06-12-2010 10:08,5.91,,United Kingdom,11.82
537240,20762,GREEN FERN SKETCHBOOK ,1,06-12-2010 10:08,7.62,,United Kingdom,7.62
537240,20803,SMALL PINK GLASS SUNDAE DISH,4,06-12-2010 10:08,3.36,,United Kingdom,13.44
537241,18007,ESSENTIAL BALM 3.5g TIN IN ENVELOPE,24,06-12-2010 10:18,0.18,14293,United Kingdom,4.32
537242,21720,CAKE SHOP  STICKER SHEET,12,06-12-2010 10:19,0.85,14748,United Kingdom,10.2
537248,84968F,SET OF 16 VINTAGE SKY BLUE CUTLERY,1,06-12-2010 10:36,12.75,15899,United Kingdom,12.75
537248,21289,LARGE STRIPES CHOCOLATE GIFT BAG,16,06-12-2010 10:36,1.25,15899,United Kingdom,20
537254,22606,WOODEN SKITTLES GARDEN SET,1,06-12-2010 11:01,15.95,15898,United Kingdom,15.95
537254,37479B,CUBIC MUG FLOCK BLUE ON BROWN,1,06-12-2010 11:01,2.55,15898,United Kingdom,2.55
537254,37482P,CUBIC MUG PINK POLKADOT,1,06-12-2010 11:01,2.55,15898,United Kingdom,2.55
537257,20903,VINTAGE KEEPSAKE BOX TRAVELOGUE,2,06-12-2010 11:10,6.35,17691,United Kingdom,12.7
537257,20897,VINTAGE NOTEBOOK PARIS DAYS,6,06-12-2010 11:10,2.95,17691,United Kingdom,17.7
537258,71403,"PINK/WHITE ""KEEP CLEAN"" BULLET BIN",1,06-12-2010 11:16,2.95,17227,United Kingdom,2.95
537262,22683,FRENCH BLUE METAL DOOR SIGN 8,2,06-12-2010 11:26,1.25,15039,United Kingdom,2.5
537262,22685,FRENCH BLUE METAL DOOR SIGN 0,2,06-12-2010 11:26,1.25,15039,United Kingdom,2.5
537262,21973,SET OF 36 MUSHROOM PAPER DOILIES,6,06-12-2010 11:26,1.45,15039,United Kingdom,8.7
537262,22691,DOORMAT WELCOME SUNRISE,1,06-12-2010 11:26,7.95,15039,United Kingdom,7.95
537265,21162,TOXIC AREA  DOOR HANGER ,1,06-12-2010 11:26,1.45,15919,United Kingdom,1.45
537301,84926D,LA PALMIERA TILE COASTER,1,06-12-2010 11:38,1.25,15860,United Kingdom,1.25
537301,22233,JIGSAW RABBIT AND BIRDHOUSE,2,06-12-2010 11:38,1.65,15860,United Kingdom,3.3
C537320,35400,WOODEN BOX ADVENT CALENDAR ,-1,06-12-2010 11:47,8.95,14867,United Kingdom,-8.95
537334,22486,PLASMATRONIC LAMP,2,06-12-2010 12:06,12.75,16719,United Kingdom,25.5
537334,72801G,4 BURGUNDY WINE DINNER CANDLES,2,06-12-2010 12:06,1.25,16719,United Kingdom,2.5
537334,84711A,SILVER OVAL SHAPE TRINKET BOX,2,06-12-2010 12:06,9.95,16719,United Kingdom,19.9
537334,16169N,WRAP BLUE RUSSIAN FOLKART,25,06-12-2010 12:06,0.42,16719,United Kingdom,10.5
537334,20769,DAISY JOURNAL ,3,06-12-2010 12:06,2.55,16719,United Kingdom,7.65
537335,35597A,DUSTY PINK CHRISTMAS TREE 30CM,1,06-12-2010 12:15,1.25,15048,United Kingdom,1.25
537335,47480,HANGING PHOTO CLIP ROPE LADDER,1,06-12-2010 12:15,1.65,15048,United Kingdom,1.65
537335,84522,PINK PARTY SUNGLASSES,1,06-12-2010 12:15,1.95,15048,United Kingdom,1.95
537335,20731,POSY CANDY BAG,1,06-12-2010 12:15,1.25,15048,United Kingdom,1.25
537335,35597B,BLACKCHRISTMAS TREE 30CM,1,06-12-2010 12:15,1.25,15048,United Kingdom,1.25
537351,84596B,SMALL DOLLY MIX DESIGN ORANGE BOWL,1,06-12-2010 12:23,1.25,16898,United Kingdom,1.25
537351,21226,POCKET MIRROR WOODLAND,1,06-12-2010 12:23,1.25,16898,United Kingdom,1.25
537362,79160,HEART SHAPE WIRELESS DOORBELL,1,06-12-2010 12:34,2.1,17596,United Kingdom,2.1
537369,72131,COLUMBIAN CANDLE RECTANGLE,1,06-12-2010 12:41,1.95,17860,United Kingdom,1.95
537369,21089,SET/6 GREEN SPRING PAPER CUPS,2,06-12-2010 12:41,0.65,17860,United Kingdom,1.3
537369,21647,ASSORTED TUTTI FRUTTI LARGE PURSE,1,06-12-2010 12:41,2.1,17860,United Kingdom,2.1
537369,72122,COFFEE SCENT PILLAR CANDLE,1,06-12-2010 12:41,0.95,17860,United Kingdom,0.95
537369,84912A,PINK ROSE WASHBAG,1,06-12-2010 12:41,3.75,17860,United Kingdom,3.75
537369,85036A,GARDENIA 1 WICK MORRIS BOXED CANDLE,1,06-12-2010 12:41,4.25,17860,United Kingdom,4.25
537370,84569A,PACK 3 IRON ON DOG PATCHES,12,06-12-2010 12:44,1.25,13155,United Kingdom,15
537370,20775,DAISY NOTEBOOK ,1,06-12-2010 12:44,1.65,13155,United Kingdom,1.65
537371,90179C,BLACK FINE BEAD NECKLACE W TASSEL,1,06-12-2010 12:47,5.95,15028,United Kingdom,5.95
537371,90060D,FIRE POLISHED GLASS NECKL BRONZE,1,06-12-2010 12:47,5.95,15028,United Kingdom,5.95
537372,85020,ROUND PINK HEART MIRROR,8,06-12-2010 12:52,2.1,16919,United Kingdom,16.8
537374,20861,GOLD COSMETIC BAG PINK STAR,1,06-12-2010 12:55,2.1,17259,United Kingdom,2.1
537374,21827,EIGHT PIECE CREEPY CRAWLIE SET,1,06-12-2010 12:55,1.25,17259,United Kingdom,1.25
537374,79051A,SMOKEY GREY COLOUR D.O.F. GLASS,4,06-12-2010 12:55,0.65,17259,United Kingdom,2.6
537377,17007B,S/3 POT POURI CUSHIONS BLUE COLOURS,12,06-12-2010 13:01,2.1,15882,United Kingdom,25.2
537381,22700,BLACK AND WHITE DOG BOWL,6,06-12-2010 13:13,2.95,14667,United Kingdom,17.7
537382,10124A,SPOTS ON RED BOOKCOVER TAPE,4,06-12-2010 13:13,0.42,16710,United Kingdom,1.68
537382,21644,ASSORTED TUTTI FRUTTI HEART BOX,2,06-12-2010 13:13,1.25,16710,United Kingdom,2.5
537387,46000P,POLYESTER FILLER PAD 65CMx65CM,2,06-12-2010 13:34,4.25,13468,United Kingdom,8.5
537389,22681,FRENCH BLUE METAL DOOR SIGN 6,1,06-12-2010 13:41,1.25,17757,United Kingdom,1.25
537389,21746,SMALL RED RETROSPOT WINDMILL,1,06-12-2010 13:41,1.25,17757,United Kingdom,1.25
537389,84916,HAND TOWEL PALE BLUE W FLOWERS,1,06-12-2010 13:41,5.95,17757,United Kingdom,5.95
537390,40005B,BLUE ORGANDY ROUND LAMPSHADE W BEA,1,06-12-2010 13:47,0.85,16658,United Kingdom,0.85
537390,18094C,WHITE AND BLUE CERAMIC OIL BURNER,1,06-12-2010 13:47,1.25,16658,United Kingdom,1.25
537395,22085,PAPER CHAIN KIT SKULLS ,1,06-12-2010 14:05,2.95,15356,United Kingdom,2.95
537396,47586A,PINK FAIRY CAKE CUSHION COVER,2,06-12-2010 14:08,2.55,17223,United Kingdom,5.1
537400,46115B,GREEN POP ART MAO CUSHION COVER ,6,06-12-2010 14:36,0.19,17191,United Kingdom,1.14
537400,84975,HEART SHAPED MIRROR,3,06-12-2010 14:36,1.69,17191,United Kingdom,5.07
537404,21336,GOLD WASHBAG,1,06-12-2010 14:46,2.95,17191,United Kingdom,2.95
537409,22050,PINK PAISLEY ROSE GIFT WRAP,25,06-12-2010 15:00,0.42,15194,United Kingdom,10.5
537418,21680,WOODLAND  STICKERS,6,06-12-2010 15:13,0.85,17884,United Kingdom,5.1
537418,20819,SILVER TEDDY BEAR,1,06-12-2010 15:13,3.75,17884,United Kingdom,3.75
537418,84925F,PSYCHEDELIC WALL THERMOMETER,1,06-12-2010 15:13,2.55,17884,United Kingdom,2.55
537421,22535,MAGIC DRAWING SLATE BUNNIES ,2,06-12-2010 15:25,0.42,17218,United Kingdom,0.84
537426,84968E,check,-35,06-12-2010 15:36,0,,United Kingdom,0
537427,84968B,,-21,06-12-2010 15:37,0,,United Kingdom,0
537429,16169K,WRAP FOLK ART,25,06-12-2010 15:54,0.42,12748,United Kingdom,10.5
537434,21001,ROSE DU SUD WASHBAG ,3,06-12-2010 16:57,4.21,,United Kingdom,12.63
537434,21028,NINJA RABBIT BLACK,1,06-12-2010 16:57,2.51,,United Kingdom,2.51
537434,21171,BATHROOM METAL SIGN ,1,06-12-2010 16:57,3.36,,United Kingdom,3.36
537434,21204,DAISIES  HONEYCOMB GARLAND ,1,06-12-2010 16:57,3.36,,United Kingdom,3.36
537434,21222,SET/4 BADGES BEETLES,1,06-12-2010 16:57,2.51,,United Kingdom,2.51
537434,21251,DINOSAUR HEIGHT CHART STICKER SET,1,06-12-2010 16:57,5.91,,United Kingdom,5.91
537434,21375,LARGE CAMPHOR WOOD FIELD MUSHROOM ,2,06-12-2010 16:57,11.02,,United Kingdom,22.04
537434,21595,Dad's Cab Electronic Meter,1,06-12-2010 16:57,8.47,,United Kingdom,8.47
537434,22101,MIRROR MOSAIC VOTIVE HOLDER,10,06-12-2010 16:57,2.51,,United Kingdom,25.1
537434,35914,PINK CHICK EGG WARMER + EGG CUP,2,06-12-2010 16:57,4.21,,United Kingdom,8.42
537434,37462E,"PET MUG, GOLDFISH",2,06-12-2010 16:57,0.84,,United Kingdom,1.68
537434,47481,50CM METAL STRING WITH  7 CLIPS,1,06-12-2010 16:57,2.13,,United Kingdom,2.13
537434,84313B,BLUE TV TRAY TABLE ,1,06-12-2010 16:57,16.98,,United Kingdom,16.98
537434,84422,PINK/BLUE DISC/MIRROR STRING,1,06-12-2010 16:57,1.66,,United Kingdom,1.66
537434,84429A,MEDIUM PINK BUDDHA HEAD ,2,06-12-2010 16:57,5.91,,United Kingdom,11.82
537434,84510C,SET OF 4 POLKADOT COASTERS,1,06-12-2010 16:57,2.51,,United Kingdom,2.51
537434,84917,WHITE HAND TOWEL WITH BUTTERFLY,1,06-12-2010 16:57,4.21,,United Kingdom,4.21
537434,85087,CANDY SPOT CUSHION COVER,1,06-12-2010 16:57,8.47,,United Kingdom,8.47
537434,85094,CANDY SPOT EGG WARMER RABBIT,1,06-12-2010 16:57,2.51,,United Kingdom,2.51
537434,85125,SMALL ROUND CUT GLASS CANDLESTICK,2,06-12-2010 16:57,10.17,,United Kingdom,20.34
537434,90013A,MIDNIGHT BLUE VINTAGE EARRINGS,1,06-12-2010 16:57,3.81,,United Kingdom,3.81
537434,90059A,DIAMANTE HAIR GRIP PACK/2 CRYSTAL,1,06-12-2010 16:57,1.69,,United Kingdom,1.69
537434,90073,VINTAGE ENAMEL & CRYSTAL EARRINGS,1,06-12-2010 16:57,5.09,,United Kingdom,5.09
537434,90074,BLACK DIAMOND CLUSTER NECKLACE,1,06-12-2010 16:57,9.77,,United Kingdom,9.77
537434,90104,PURPLE FRANGIPANI HAIRCLIP,2,06-12-2010 16:57,0.83,,United Kingdom,1.66
537434,90129C,GREEN GLASS TASSLE BAG CHARM,3,06-12-2010 16:57,1.66,,United Kingdom,4.98
537434,90129D,AMBER GLASS TASSLE BAG CHARM,1,06-12-2010 16:57,1.66,,United Kingdom,1.66
537434,90129E,PURPLE GLASS TASSLE BAG CHARM,4,06-12-2010 16:57,1.66,,United Kingdom,6.64
537434,90160C,TURQ+RED BOUDICCA LARGE BRACELET,1,06-12-2010 16:57,7.22,,United Kingdom,7.22
537434,90161D,ANT COPPER PINK BOUDICCA BRACELET,2,06-12-2010 16:57,5.09,,United Kingdom,10.18
537434,90175B,PINK GLASS CHUNKY CHARM BRACELET,1,06-12-2010 16:57,9.34,,United Kingdom,9.34
537434,90177D,DROP DIAMANTE EARRINGS PURPLE,1,06-12-2010 16:57,2.96,,United Kingdom,2.96
537434,90184C,BLACK CHUNKY BEAD BRACELET W STRAP,1,06-12-2010 16:57,9.34,,United Kingdom,9.34
537434,90185A,AMBER DIAMANTE EXPANDABLE RING,1,06-12-2010 16:57,4.24,,United Kingdom,4.24
537434,90208,PAIR OF PINK FLOWER CLUSTER SLIDE,1,06-12-2010 16:57,2.54,,United Kingdom,2.54
537434,15044D,RED PAPER PARASOL,1,06-12-2010 16:57,5.91,,United Kingdom,5.91
537435,84707A,SILVER JEWELLED MIRROR TRINKET TRAY,4,06-12-2010 16:58,9.95,17920,United Kingdom,39.8
537440,21617,4 LILY  BOTANICAL DINNER CANDLES,12,06-12-2010 17:16,3.75,17869,United Kingdom,45
537441,22693,GROW A FLYTRAP OR SUNFLOWER IN TIN,24,06-12-2010 17:26,1.25,13564,United Kingdom,30
537446,35646,VINTAGE BEAD PINK EVENING BAG,4,07-12-2010 09:13,4.25,18055,United Kingdom,17
537446,47574A,ENGLISH ROSE SCENTED HANGING FLOWER,3,07-12-2010 09:13,4.25,18055,United Kingdom,12.75
537446,72819,CUPID DESIGN SCENTED CANDLES,6,07-12-2010 09:13,2.55,18055,United Kingdom,15.3
537447,84665,SQUARE CHERRY BLOSSOM CABINET,4,07-12-2010 09:21,5.95,13963,United Kingdom,23.8
537453,21248,,-18,07-12-2010 09:28,0,,United Kingdom,0
537462,20857,BLUE ROSE PATCH PURSE PINK BUTTERFL,6,07-12-2010 10:06,1.65,17228,United Kingdom,9.9
C537530,85047,WHITE BEADED GARLAND STRING 20LIGHT,-2,07-12-2010 11:47,6.35,13319,United Kingdom,-12.7
537534,22679,FRENCH BLUE METAL DOOR SIGN 4,5,07-12-2010 11:48,0,,United Kingdom,0
537534,22520,CHILDS GARDEN TROWEL BLUE ,1,07-12-2010 11:48,0,,United Kingdom,0
537534,22516,CHILDS GARDEN RAKE BLUE,1,07-12-2010 11:48,0,,United Kingdom,0
537534,22353,LUNCH BOX WITH CUTLERY FAIRY CAKES ,1,07-12-2010 11:48,0,,United Kingdom,0
537567,22498,WOODEN REGATTA BUNTING,1,07-12-2010 11:59,5.95,18119,United Kingdom,5.95
C537581,S,SAMPLES,-1,07-12-2010 12:03,12.95,,United Kingdom,-12.95
537595,84725,FREESTYLE CANVAS ART PICTURE,1,07-12-2010 12:29,4.25,13569,United Kingdom,4.25
537595,37479P,CUBIC MUG FLOCK PINK ON BROWN,2,07-12-2010 12:29,2.55,13569,United Kingdom,5.1
C537600,AMAZONFEE,AMAZON FEE,-1,07-12-2010 12:41,1,,United Kingdom,-1
537618,17038,PORCELAIN BUDAH INCENSE HOLDER,100,07-12-2010 13:50,0.07,15061,United Kingdom,7
537622,84388,WISE MAN STAR SHAPE EGG PAN,1,07-12-2010 14:30,1.65,13173,United Kingdom,1.65
537622,17084J,LOVE POTION MASALA INCENSE,25,07-12-2010 14:30,0.21,13173,United Kingdom,5.25
537623,84968D,SET OF 16 VINTAGE RED CUTLERY,1,07-12-2010 14:31,12.75,15858,United Kingdom,12.75
537624,22211,WOOD STAMP SET FLOWERS,1,07-12-2010 14:41,1.65,12748,United Kingdom,1.65
537624,22903,CALENDAR FAMILY FAVOURITES,1,07-12-2010 14:41,2.95,12748,United Kingdom,2.95
537624,22026,BANQUET BIRTHDAY  CARD  ,12,07-12-2010 14:41,0.42,12748,United Kingdom,5.04
537624,37340,MULTICOLOUR SPRING FLOWER MUG,4,07-12-2010 14:41,0.85,12748,United Kingdom,3.4
537638,16052,TEATIME PUSH DOWN RUBBER,2,07-12-2010 15:28,0.84,,United Kingdom,1.68
537638,16219,HOUSE SHAPE PENCIL SHARPENER,1,07-12-2010 15:28,1.7,,United Kingdom,1.7
537638,20763,DAISY SKETCHBOOK ,1,07-12-2010 15:28,7.62,,United Kingdom,7.62
537638,20801,LARGE PINK GLASS SUNDAE DISH,2,07-12-2010 15:28,5.06,,United Kingdom,10.12
537638,20892,SET/3 TALL GLASS CANDLE HOLDER PINK,2,07-12-2010 15:28,25.49,,United Kingdom,50.98
537638,21316,SMALL CHUNKY GLASS ROMAN  BOWL,1,07-12-2010 15:28,5.91,,United Kingdom,5.91
537638,21666,RIDGED GLASS T-LIGHT HOLDER,1,07-12-2010 15:28,1.66,,United Kingdom,1.66
537638,22293,HANGING CHICK GREEN DECORATION,1,07-12-2010 15:28,2.98,,United Kingdom,2.98
537638,22608,PENS ASSORTED FUNKY JEWELED ,1,07-12-2010 15:28,1.66,,United Kingdom,1.66
537638,22789,T-LIGHT HOLDER SWEETHEART HANGING,2,07-12-2010 15:28,4.21,,United Kingdom,8.42
537638,22880,NUMBER TILE VINTAGE FONT 1,1,07-12-2010 15:28,4.21,,United Kingdom,4.21
537638,22883,NUMBER TILE VINTAGE FONT 4,1,07-12-2010 15:28,4.21,,United Kingdom,4.21
537638,22889,NUMBER TILE VINTAGE FONT No ,1,07-12-2010 15:28,4.21,,United Kingdom,4.21
537638,35809A,ENAMEL PINK TEA CONTAINER,1,07-12-2010 15:28,4.21,,United Kingdom,4.21
537638,35833P,4 PINK FLOCK CHRISTMAS BALLS,1,07-12-2010 15:28,3.36,,United Kingdom,3.36
537638,37500,TEA TIME TEAPOT IN GIFT BOX,1,07-12-2010 15:28,21.23,,United Kingdom,21.23
537638,37501,TEA TIME TEA SET IN GIFT BOX,2,07-12-2010 15:28,14.43,,United Kingdom,28.86
537638,79144C,PAINTED LIGHTBULB RAINBOW DESIGN,2,07-12-2010 15:28,0.84,,United Kingdom,1.68
537638,85130B,BEADED CRYSTAL HEART GREEN LARGE,1,07-12-2010 15:28,3.36,,United Kingdom,3.36
537638,85170C,SET/6 EAU DE NIL BIRD T-LIGHTS,2,07-12-2010 15:28,4.21,,United Kingdom,8.42
537638,90000B,MIDNIGHT BLUE COPPER FLOWER NECKLAC,1,07-12-2010 15:28,6.37,,United Kingdom,6.37
537638,90003B,ROSE COLOUR PAIR HEART HAIR SLIDES,1,07-12-2010 15:28,3.81,,United Kingdom,3.81
537638,90005A,JADE GREEN ENAMEL HAIR COMB,1,07-12-2010 15:28,2.11,,United Kingdom,2.11
537638,90019C,SILVER BLACK ORBIT BRACELET,1,07-12-2010 15:28,5.51,,United Kingdom,5.51
537638,90087,CRYSTAL SEA HORSE PHONE CHARM,1,07-12-2010 15:28,1.66,,United Kingdom,1.66
537638,90168,2 DAISIES HAIR COMB,1,07-12-2010 15:28,2.96,,United Kingdom,2.96
537638,90169,DAISY HAIR COMB,1,07-12-2010 15:28,2.54,,United Kingdom,2.54
537638,90187B,GREEN DROP EARRINGS W BEAD CLUSTER,1,07-12-2010 15:28,3.39,,United Kingdom,3.39
537638,90202C,GREEN ENAMEL FLOWER HAIR TIE,1,07-12-2010 15:28,2.96,,United Kingdom,2.96
537638,90210C,RED   ACRYLIC FACETED BANGLE,1,07-12-2010 15:28,2.96,,United Kingdom,2.96
537640,22528,GARDENERS KNEELING PAD,1,07-12-2010 15:31,3.36,,United Kingdom,3.36
537640,48189,DOORMAT FRIENDSHIP ,1,07-12-2010 15:31,16.98,,United Kingdom,16.98
537640,84989a,75 GREEN FAIRY CAKE CASES,1,07-12-2010 15:31,2.13,,United Kingdom,2.13
537641,21410,COUNTRY COTTAGE  DOORSTOP GREEN,1,07-12-2010 15:32,8.47,,United Kingdom,8.47
537642,85173,SET/6 FROG PRINCE T-LIGHT CANDLES,1,07-12-2010 15:33,5.06,,United Kingdom,5.06
537643,22513,DOORSTOP FOOTBALL DESIGN,1,07-12-2010 15:34,7.62,,United Kingdom,7.62
537643,85119,WATERING CAN SINGLE HOOK PISTACHIO,1,07-12-2010 15:34,3.36,,United Kingdom,3.36
537645,22875,NUMBER TILE COTTAGE GARDEN 7,1,07-12-2010 15:34,4.21,,United Kingdom,4.21
537646,21689,SILVER VANILLA  FLOWER CANDLE POT,1,07-12-2010 15:39,3.75,17591,United Kingdom,3.75
537646,84247E,PACK/12 XMAS FUN CARD,1,07-12-2010 15:39,2.95,17591,United Kingdom,2.95
537646,85170B,SET/6 BLACK BIRD T-LIGHT CANDLES,1,07-12-2010 15:39,2.1,17591,United Kingdom,2.1
537653,85170A,SET/6 IVORY BIRD T-LIGHT CANDLES,1,07-12-2010 15:54,2.1,17897,United Kingdom,2.1
537653,85059,FRENCH ENAMEL WATER BASIN,1,07-12-2010 15:54,3.75,17897,United Kingdom,3.75
537653,84497,BUTTONS AND STRIPES NOTEBOOK ,1,07-12-2010 15:54,3.75,17897,United Kingdom,3.75
537655,85026B,EAU DE NILE JEWELLED T-LIGHT HOLDER,10,07-12-2010 16:20,0.85,15081,United Kingdom,8.5
537655,90175D,TIGRIS EYE CHUNKY CHARM BRACELET,2,07-12-2010 16:20,8.95,15081,United Kingdom,17.9
537666,22512,DOORSTOP RACING CAR DESIGN,1,07-12-2010 18:36,7.62,,United Kingdom,7.62
537666,22611,VINTAGE UNION JACK SHOPPING BAG,1,07-12-2010 18:36,10.17,,United Kingdom,10.17
537666,22873,NUMBER TILE COTTAGE GARDEN 5,1,07-12-2010 18:36,4.21,,United Kingdom,4.21
537666,37467,PIG MUG IN TWO COLOUR DESIGNS,1,07-12-2010 18:36,4.21,,United Kingdom,4.21
537666,84251B,"GREETING CARD, STICKY GORDON",1,07-12-2010 18:36,0.85,,United Kingdom,0.85
537666,84927D,LA PALMIERA TILE HOOK,1,07-12-2010 18:36,4.21,,United Kingdom,4.21
537666,85040A,S/4 PINK FLOWER CANDLES IN BOWL,2,07-12-2010 18:36,3.36,,United Kingdom,6.72
537666,85213,MINI  ZINC GARDEN DECORATIONS ,1,07-12-2010 18:36,1.66,,United Kingdom,1.66
537666,90001C,ANTIQUE OPAL WHITE FLOWER EARRINGS,1,07-12-2010 18:36,4.24,,United Kingdom,4.24
537666,90019A,SILVER M.O.P ORBIT BRACELET,2,07-12-2010 18:36,5.51,,United Kingdom,11.02
537666,90023,FILIGREE DIAMANTE EARRINGS,1,07-12-2010 18:36,4.24,,United Kingdom,4.24
537666,90027A,GLASS BEAD HOOP EARRINGS BLACK,1,07-12-2010 18:36,2.96,,United Kingdom,2.96
537666,90170,DAISY HAIR BAND,1,07-12-2010 18:36,1.69,,United Kingdom,1.69
537666,90186B,CRYSTAL HOOP EARRING FLORAL LEAF,1,07-12-2010 18:36,2.96,,United Kingdom,2.96
537666,90198A,VINTAGE ROSE BEAD BRACELET RASPBERR,1,07-12-2010 18:36,4.24,,United Kingdom,4.24
537666,90211B,JET BLACK LAS VEGAS NECKLACE 45CM,2,07-12-2010 18:36,5.94,,United Kingdom,11.88
537666,90214K,"LETTER ""K"" BLING KEY RING",1,07-12-2010 18:36,0.85,,United Kingdom,0.85
537666,90214P,"LETTER ""P"" BLING KEY RING",1,07-12-2010 18:36,0.85,,United Kingdom,0.85
537666,90214Z,"LETTER ""Z"" BLING KEY RING",1,07-12-2010 18:36,0.85,,United Kingdom,0.85
537666,20663,QUEEN OF THE SKIES HOLIDAY PURSE ,1,07-12-2010 18:36,2.51,,United Kingdom,2.51
537666,20794,BLUE  TILE HOOK,1,07-12-2010 18:36,5.06,,United Kingdom,5.06
537666,21269,ANTIQUE CREAM CUTLERY SHELF ,1,07-12-2010 18:36,16.98,,United Kingdom,16.98
537666,21792,CLASSIC FRENCH STYLE BASKET GREEN ,1,07-12-2010 18:36,13.57,,United Kingdom,13.57
537688,90212C,PURPLE LAS VEGAS BRACELET ROUND,3,08-12-2010 10:35,3.75,17406,United Kingdom,11.25
537690,22708,WRAP DOLLY GIRL,25,08-12-2010 10:38,0.42,13983,United Kingdom,10.5
537690,22048,BIRTHDAY BANQUET GIFT WRAP,25,08-12-2010 10:38,0.42,13983,United Kingdom,10.5
537692,22057,CERAMIC PLATE STRAWBERRY DESIGN,4,08-12-2010 10:40,1.49,14796,United Kingdom,5.96
537692,22930,BAKING MOULD HEART MILK CHOCOLATE,1,08-12-2010 10:40,2.55,14796,United Kingdom,2.55
537692,22931,BAKING MOULD HEART WHITE CHOCOLATE,1,08-12-2010 10:40,2.55,14796,United Kingdom,2.55
537692,22932,BAKING MOULD TOFFEE CUP CHOCOLATE,1,08-12-2010 10:40,2.55,14796,United Kingdom,2.55
537692,22937,BAKING MOULD CHOCOLATE CUPCAKES,2,08-12-2010 10:40,2.55,14796,United Kingdom,5.1
537693,22710,WRAP I LOVE LONDON ,25,08-12-2010 10:45,0.42,12441,France,10.5
537693,22051,BLUE SCANDINAVIAN PAISLEY WRAP,25,08-12-2010 10:45,0.42,12441,France,10.5
537694,22936,BAKING MOULD ROSE WHITE CHOCOLATE,3,08-12-2010 10:46,3.25,14901,United Kingdom,9.75
537694,22935,BAKING MOULD ROSE MILK CHOCOLATE,3,08-12-2010 10:46,3.25,14901,United Kingdom,9.75
C537763,85068,CREAM SWEETHEART SHELF + HOOKS,-1,08-12-2010 12:03,7.95,16713,United Kingdom,-7.95
537764,47348A,FUSCHIA VOILE POINTY SHOE DEC,1,08-12-2010 12:06,1.95,16893,United Kingdom,1.95
537765,21686,MEDINA STAMPED METAL STOOL,1,08-12-2010 12:08,39.95,14606,United Kingdom,39.95
537769,85024C,PINK SMALL JEWELLED PHOTOFRAME,1,08-12-2010 12:17,1.65,15021,United Kingdom,1.65
537769,71038,WHITE HANGING BEADS CANDLE HOLDER,2,08-12-2010 12:17,5.45,15021,United Kingdom,10.9
537772,84613C,BLUE NEW BAROQUE FLOCK CANDLESTICK,1,08-12-2010 12:35,4.65,18043,United Kingdom,4.65
537772,84910A,PINK PAISLEY CUSHION COVER ,2,08-12-2010 12:35,5.95,18043,United Kingdom,11.9
537780,21246,RED RETROSPOT BIG BOWL,2,08-12-2010 12:45,4.95,17324,United Kingdom,9.9
537781,21376,LARGE  TALL CAMPHOR WOOD TOADSTOOL ,1,08-12-2010 12:46,5.45,17341,United Kingdom,5.45
537781,20618,QUEEN OF THE SKIES PASSPORT COVER ,1,08-12-2010 12:46,2.1,17341,United Kingdom,2.1
C537788,16202E,BLACK PHOTO ALBUM ,-1,08-12-2010 12:49,5.55,15916,United Kingdom,-5.55
537792,47420,ASSORTED COLOUR SUCTION CUP HOOK,2,08-12-2010 12:56,0.19,16385,United Kingdom,0.38
537795,22510,GINGHAM BABUSHKA DOORSTOP,4,08-12-2010 13:03,3.75,17213,United Kingdom,15
537795,48116,DOORMAT MULTICOLOUR STRIPE,2,08-12-2010 13:03,7.95,17213,United Kingdom,15.9
537800,72709,IVORY SCULPTED RND CANDLE ,9,08-12-2010 13:08,0.85,12748,United Kingdom,7.65
537800,72132,COLUMBIAN CUBE CANDLE,6,08-12-2010 13:08,1.95,12748,United Kingdom,11.7
537800,85118,HEART T-LIGHT HOLDER,11,08-12-2010 13:08,1.25,12748,United Kingdom,13.75
537800,35968,FOLK ART METAL HEART T-LIGHT HOLDER,12,08-12-2010 13:08,0.38,12748,United Kingdom,4.56
537802,22063,CERAMIC BOWL WITH STRAWBERRY DESIGN,12,08-12-2010 13:11,2.95,13455,United Kingdom,35.4
537803,90184B,AMETHYST CHUNKY BEAD BRACELET W STR,5,08-12-2010 13:14,8.95,15916,United Kingdom,44.75
537803,90184A,AMBER CHUNKY BEAD BRACELET W STRAP,5,08-12-2010 13:14,8.95,15916,United Kingdom,44.75
537808,84415B,BLUE FLOCK CUSHION COVER ,2,08-12-2010 13:23,3.75,15311,United Kingdom,7.5
537808,20906,VINTAGE NOTEBOOK BEAUTY GIRL,1,08-12-2010 13:23,2.95,15311,United Kingdom,2.95
C537814,20703,BLUE PADDED SOFT MOBILE,-3,08-12-2010 13:43,4.25,12712,Germany,-12.75
537818,71495B,CD WALL TIDY RED FLOWERS,12,08-12-2010 13:53,0.42,12766,Portugal,5.04
537818,78124,MAGAZINE RACK GEBRA ASSORTED ,6,08-12-2010 13:53,2.75,12766,Portugal,16.5
537823,79403,FROSTED WHITE BASE ,1,08-12-2010 14:25,1.66,,United Kingdom,1.66
537823,84251G,"GREETING CARD, OVERCROWDED POOL.",1,08-12-2010 14:25,0.85,,United Kingdom,0.85
537823,90034,WHITE SILVER NECKLACE SHELL GLASS,1,08-12-2010 14:25,10.19,,United Kingdom,10.19
537823,90040C,MURANO STYLE GLASS BRACELET GOLD,1,08-12-2010 14:25,3.81,,United Kingdom,3.81
537823,90059D,DIAMANTE HAIR GRIP PACK/2 PERIDOT,1,08-12-2010 14:25,1.69,,United Kingdom,1.69
537823,90089,PINK CRYSTAL SKULL PHONE CHARM,1,08-12-2010 14:25,1.66,,United Kingdom,1.66
537823,90120A,PINK MURANO TWIST BRACELET,1,08-12-2010 14:25,4.24,,United Kingdom,4.24
537823,90201D,GREEN ENAMEL FLOWER RING,1,08-12-2010 14:25,2.96,,United Kingdom,2.96
537823,17013D,ORIGAMI ROSE INCENSE IN TUBE,1,08-12-2010 14:25,3.36,,United Kingdom,3.36
537823,17096,ASSORTED LAQUERED INCENSE HOLDERS,1,08-12-2010 14:25,0.43,,United Kingdom,0.43
537823,21285,RETROSPOT CANDLE  MEDIUM,3,08-12-2010 14:25,4.21,,United Kingdom,12.63
537823,21442,GREEN BIRDHOUSE DECORATION,1,08-12-2010 14:25,1.66,,United Kingdom,1.66
537823,21717,EASTER TIN BUCKET,1,08-12-2010 14:25,5.06,,United Kingdom,5.06
537823,21749,LARGE RED RETROSPOT WINDMILL,2,08-12-2010 14:25,4.21,,United Kingdom,8.42
537823,21750,LARGE SKULL WINDMILL,3,08-12-2010 14:25,4.21,,United Kingdom,12.63
537823,22538,MINI JIGSAW GO TO THE FAIR,2,08-12-2010 14:25,0.85,,United Kingdom,1.7
537823,22541,MINI JIGSAW LEAP FROG,1,08-12-2010 14:25,0.85,,United Kingdom,0.85
537823,22647,CERAMIC LOVE HEART MONEY BANK,1,08-12-2010 14:25,3.36,,United Kingdom,3.36
C537835,22138,BAKING SET 9 PIECE RETROSPOT ,-3,08-12-2010 14:57,4.95,14618,United Kingdom,-14.85
537837,85230G,ORANGE VOTIVE CANDLE,24,08-12-2010 14:59,0.29,13077,United Kingdom,6.96
537844,71215,METAL BASE FOR CANDLES,1,08-12-2010 15:17,0.42,17999,United Kingdom,0.42
537844,20695,FLORAL BLUE MONSTER,1,08-12-2010 15:17,4.25,17999,United Kingdom,4.25
537850,22820,GIFT BAG BIRTHDAY,12,08-12-2010 15:38,0.65,16722,United Kingdom,7.8
537852,84952A,CLEAR LOVE BIRD T-LIGHT HOLDER,18,08-12-2010 15:56,3.75,17340,United Kingdom,67.5
537855,84706D,CHERRY BLOSSOM TABLE CLOCK ,2,08-12-2010 15:59,8.95,15996,United Kingdom,17.9
537859,22828,REGENCY MIRROR WITH SHUTTERS,1,08-12-2010 16:11,165,14030,United Kingdom,165
537871,22703,PINK CAT BOWL,1,08-12-2010 17:20,2.1,12748,United Kingdom,2.1
537875,20849,,1,08-12-2010 18:08,0,,United Kingdom,0
537876,84977,,2,08-12-2010 18:08,0,,United Kingdom,0
537877,21661,,1,08-12-2010 18:08,0,,United Kingdom,0
537888,84247L,FAWN AND MUSHROOM GREETING CARD,12,09-12-2010 10:04,0.42,15358,United Kingdom,5.04
537955,22698,PINK REGENCY TEACUP AND SAUCER,1,09-12-2010 11:28,2.95,16782,United Kingdom,2.95
537963,84875B,GREEN SQUARE COMPACT MIRROR,4,09-12-2010 11:30,3.75,13369,United Kingdom,15
537963,84876D,BLUE HEART COMPACT MIRROR,4,09-12-2010 11:30,3.75,13369,United Kingdom,15
537963,84192,ASSORTED COLOUR METAL CAT ,12,09-12-2010 11:30,1.25,13369,United Kingdom,15
538002,21628,TRIANGULAR POUFFE VINTAGE ,2,09-12-2010 11:48,14.95,14932,Channel Islands,29.9
538007,22254,FELT TOADSTOOL LARGE,12,09-12-2010 12:16,1.25,14355,United Kingdom,15
538010,21615,4 LAVENDER BOTANICAL DINNER CANDLES,6,09-12-2010 12:20,3.75,17526,United Kingdom,22.5
538010,22236,CAKE STAND 3 TIER MAGIC GARDEN,12,09-12-2010 12:20,10.95,17526,United Kingdom,131.4
538010,22933,BAKING MOULD EASTER EGG MILK CHOC,12,09-12-2010 12:20,2.95,17526,United Kingdom,35.4
538015,85107,CUT GLASS T-LIGHT HOLDER OCTAGON,12,09-12-2010 12:49,2.55,13240,United Kingdom,30.6
538035,21382,SET/4 SPRING FLOWER DECORATION,3,09-12-2010 13:03,2.95,16065,United Kingdom,8.85
538035,44235,ASS COL CIRCLE MOBILE ,5,09-12-2010 13:03,0.42,16065,United Kingdom,2.1
538040,40003,WHITE BAMBOO RIBS LAMPSHADE,1,09-12-2010 13:08,1.25,16520,United Kingdom,1.25
538042,21763,,-4,09-12-2010 13:10,0,,United Kingdom,0
538045,84688,,27,09-12-2010 13:11,0,,United Kingdom,0
538053,79190B,RETRO PLASTIC POLKA TRAY,15,09-12-2010 13:34,0.42,15856,United Kingdom,6.3
538056,90036D,"FLOWER GLASS GARLAND NECKL.36""BLACK",1,09-12-2010 13:34,7.95,17198,United Kingdom,7.95
538071,21120,*Boombox Ipod Classic,1,09-12-2010 14:09,16.98,,United Kingdom,16.98
538071,21264,WHITE GOOSE FEATHER TREE 60CM ,1,09-12-2010 14:09,5.91,,United Kingdom,5.91
538071,21284,RETROSPOT CANDLE  SMALL,1,09-12-2010 14:09,3.36,,United Kingdom,3.36
538071,22201,FRYING PAN BLUE POLKADOT,1,09-12-2010 14:09,8.47,,United Kingdom,8.47
538071,22269,EGG CUP NATURAL CHICKEN,1,09-12-2010 14:09,2.51,,United Kingdom,2.51
538071,22526,WHEELBARROW FOR CHILDREN ,1,09-12-2010 14:09,25.49,,United Kingdom,25.49
538071,84012,MAGIC SHEEP WOOL GROWING FROM PAPER,1,09-12-2010 14:09,5.06,,United Kingdom,5.06
538071,85180B,PINK HEARTS LIGHT CHAIN ,1,09-12-2010 14:09,9.32,,United Kingdom,9.32
538071,90030B,RED KUKUI COCONUT SEED NECKLACE,1,09-12-2010 14:09,5.94,,United Kingdom,5.94
538071,90030C,BROWN KUKUI COCONUT SEED NECKLACE,1,09-12-2010 14:09,5.94,,United Kingdom,5.94
538071,90039B,FIRE POLISHED GLASS BRACELET MONTAN,1,09-12-2010 14:09,3.81,,United Kingdom,3.81
538071,90039D,FIRE POLISHED GLASS BRACELET GREEN,1,09-12-2010 14:09,3.81,,United Kingdom,3.81
538071,90093,CLEAR CRYSTAL STAR PHONE CHARM,1,09-12-2010 14:09,1.66,,United Kingdom,1.66
538071,90128A,PINK LEAVES AND BEADS PHONE CHARM,1,09-12-2010 14:09,2.51,,United Kingdom,2.51
538071,90128C,GREEN LEAVES AND BEADS PHONE CHARM,1,09-12-2010 14:09,2.51,,United Kingdom,2.51
538071,90128D,PURPLE LEAVES AND BEADS PHONE CHAR,1,09-12-2010 14:09,2.51,,United Kingdom,2.51
538071,90161C,ANT COPPER LIME BOUDICCA BRACELET,1,09-12-2010 14:09,5.09,,United Kingdom,5.09
538071,90174,BUTTERFLY HAIR BAND,1,09-12-2010 14:09,2.54,,United Kingdom,2.54
538071,90188,DROP EARRINGS W FLOWER & LEAF,1,09-12-2010 14:09,2.54,,United Kingdom,2.54
538071,90214O,"LETTER ""O"" BLING KEY RING",1,09-12-2010 14:09,0.85,,United Kingdom,0.85
538071,DCGS0076,SUNJAR LED NIGHT NIGHT LIGHT,1,09-12-2010 14:09,16.13,,United Kingdom,16.13
538073,16015,MEDIUM CHINESE STYLE SCISSOR,1,09-12-2010 14:10,0.5,17816,United Kingdom,0.5
538073,16008,SMALL FOLDING SCISSOR(POINTED EDGE),2,09-12-2010 14:10,0.25,17816,United Kingdom,0.5
538076,37444B,BLUE BREAKFAST CUP AND SAUCER ,2,09-12-2010 14:15,2.95,15311,United Kingdom,5.9
538076,37333,"RETRO ""TEA FOR ONE"" ",1,09-12-2010 14:15,4.95,15311,United Kingdom,4.95
538077,20778,GARDEN PATH NOTEBOOK ,3,09-12-2010 14:19,1.65,14667,United Kingdom,4.95
538077,20758,ABSTRACT CIRCLES POCKET BOOK,7,09-12-2010 14:19,0.85,14667,United Kingdom,5.95
538093,22319,HAIRCLIPS FORTIES FABRIC ASSORTED,12,09-12-2010 14:49,0.65,12682,France,7.8
538094,22824,3 TIER SWEETHEART GARDEN SHELF,1,09-12-2010 14:50,35.95,13117,United Kingdom,35.95
538094,21132,SILVER STANDING GNOME   ,4,09-12-2010 14:50,4.25,13117,United Kingdom,17
538095,84818,DANISH ROSE PHOTO FRAME,1,09-12-2010 14:55,2.55,17097,Spain,2.55
C538100,84798A,PINK FOXGLOVE ARTIIFCIAL FLOWER,-12,09-12-2010 15:00,2.55,16579,United Kingdom,-30.6
C538115,22230,JIGSAW TREE WITH WATERING CAN,-12,09-12-2010 15:30,0.85,16817,United Kingdom,-10.2
538127,90033,IVORY SHELL HEART EARRINGS,1,09-12-2010 15:53,2.55,,United Kingdom,2.55
538130,90042C,,10,09-12-2010 15:55,0,,United Kingdom,0
538133,85018C,,3,09-12-2010 15:56,0,,United Kingdom,0
538135,21186,,2,09-12-2010 15:56,0,,United Kingdom,0
538137,62095B,,2,09-12-2010 15:57,0,,United Kingdom,0
538138,72814,,2,09-12-2010 15:57,0,,United Kingdom,0
538139,84802A,,2,09-12-2010 15:57,0,,United Kingdom,0
538141,22218,,2,09-12-2010 15:58,0,,United Kingdom,0
538142,84247C,,1,09-12-2010 15:58,0,,United Kingdom,0
538144,90042B,,1,09-12-2010 15:58,0,,United Kingdom,0
538145,84843,WHITE SOAP RACK WITH 2 BOTTLES,2,09-12-2010 16:08,5.95,15211,United Kingdom,11.9
538145,85032A,ROMANTIC IMAGES GIFT WRAP SET,6,09-12-2010 16:08,2.1,15211,United Kingdom,12.6
538145,85032C,CURIOUS IMAGES GIFT WRAP SET,6,09-12-2010 16:08,2.1,15211,United Kingdom,12.6
538149,21144,PINK POODLE HANGING DECORATION ,2,09-12-2010 16:27,3.36,,United Kingdom,6.72
538149,21317,GLASS SPHERE CANDLE STAND MEDIUM,1,09-12-2010 16:27,11.02,,United Kingdom,11.02
538149,72815,3 WICK CHRISTMAS BRIAR CANDLE ,1,09-12-2010 16:27,8.47,,United Kingdom,8.47
538153,22885,NUMBER TILE VINTAGE FONT 6 ,1,09-12-2010 16:31,4.21,,United Kingdom,4.21
538153,84660b,BLACK STITCHED WALL CLOCK,1,09-12-2010 16:31,7.62,,United Kingdom,7.62
538156,84356,POMPOM CURTAIN,1,09-12-2010 16:53,6.95,15555,United Kingdom,6.95
538157,47578A,ENGLISH ROSE SMALL SCENTED FLOWER,8,09-12-2010 16:57,0.85,17576,United Kingdom,6.8
538172,21562,HAWAIIAN GRASS SKIRT ,12,10-12-2010 09:33,1.25,15805,United Kingdom,15
538174,22856,ASSORTED EASTER DECORATIONS  BELLS,18,10-12-2010 09:35,1.25,12471,Germany,22.5
538174,22934,BAKING MOULD EASTER EGG WHITE CHOC,12,10-12-2010 09:35,2.95,12471,Germany,35.4
538177,16048,TEATIME ROUND PENCIL SHARPENER ,1,10-12-2010 09:51,0.85,,United Kingdom,0.85
538177,20932,PINK POT PLANT CANDLE,1,10-12-2010 09:51,7.62,,United Kingdom,7.62
538177,22263,FELT EGG COSY LADYBIRD ,1,10-12-2010 09:51,1.66,,United Kingdom,1.66
538177,46776F,WOVEN ROSE GARDEN CUSHION COVER ,1,10-12-2010 09:51,4.21,,United Kingdom,4.21
538177,84509E,SET OF 4 CAROUSEL PLACEMATS ,1,10-12-2010 09:51,7.62,,United Kingdom,7.62
538177,84510E,SET OF 4 GREEN CAROUSEL COASTERS,1,10-12-2010 09:51,2.51,,United Kingdom,2.51
538177,84748,FOLK FELT HANGING MULTICOL GARLAND,1,10-12-2010 09:51,7.62,,United Kingdom,7.62
538177,90070,RUBY GLASS CLUSTER BRACELET,1,10-12-2010 09:51,6.37,,United Kingdom,6.37
538177,90147,CHUNKY SILVER NECKLACE PASTEL FLOWE,1,10-12-2010 09:51,10.62,,United Kingdom,10.62
538177,90201C,RED ENAMEL FLOWER RING,1,10-12-2010 09:51,2.96,,United Kingdom,2.96
538183,37475,SET/4 COLOURFUL MIXING BOWLS,4,10-12-2010 10:21,9.95,16265,United Kingdom,39.8
538183,84951A,SET OF 4 PISTACHIO LOVEBIRD COASTER,6,10-12-2010 10:21,2.55,16265,United Kingdom,15.3
538183,84951B,SET OF 4 BLACK LOVEBIRD COASTERS,6,10-12-2010 10:21,2.55,16265,United Kingdom,15.3
538184,22053,EMPIRE DESIGN ROSETTE,10,10-12-2010 10:21,1.25,17880,United Kingdom,12.5
538191,21131,GOLD STANDING GNOME,30,10-12-2010 10:49,3.75,15061,United Kingdom,112.5
538198,20654,FIRST CLASS LUGGAGE TAG ,3,10-12-2010 11:01,1.25,17827,United Kingdom,3.75
538198,17165D,ASS COL LARGE SAND FROG P'WEIGHT,6,10-12-2010 11:01,1.05,17827,United Kingdom,6.3
538198,22291,HANGING CHICK CREAM DECORATION,24,10-12-2010 11:01,1.45,17827,United Kingdom,34.8
538200,15058A,BLUE POLKADOT GARDEN PARASOL,1,10-12-2010 11:11,7.95,17912,United Kingdom,7.95
538201,20868,SILVER FABRIC MIRROR,2,10-12-2010 11:12,1.25,15723,United Kingdom,2.5
538202,84820,DANISH ROSE TRINKET TRAYS,2,10-12-2010 11:19,5.95,14667,United Kingdom,11.9
538202,85006,SET 4 NURSERY DES ROUND BOXES,3,10-12-2010 11:19,2.95,14667,United Kingdom,8.85
538202,84821,DANISH ROSE DELUXE COASTER,12,10-12-2010 11:19,0.85,14667,United Kingdom,10.2
538202,84638,SMALL KITCHEN FLOWER POTS PLAQUE,1,10-12-2010 11:19,6.95,14667,United Kingdom,6.95
538205,22229,BUNNY WOODEN PAINTED WITH FLOWER ,1,10-12-2010 11:24,0.85,12748,United Kingdom,0.85
538205,22228,BUNNY WOODEN PAINTED WITH BIRD ,1,10-12-2010 11:24,0.85,12748,United Kingdom,0.85
538205,16169P,WRAP GREEN RUSSIAN FOLKART ,25,10-12-2010 11:24,0.42,12748,United Kingdom,10.5
538207,16054,POPART RECT PENCIL SHARPENER ASST,2,10-12-2010 11:33,0.42,12748,United Kingdom,0.84
538207,84595E,LARGE TORTILLA DESIGN RED BOWL,1,10-12-2010 11:33,3.75,12748,United Kingdom,3.75
538207,35915B,BLUE KNITTED HEN ,2,10-12-2010 11:33,1.65,12748,United Kingdom,3.3
538209,85086A,CANDY SPOT HEART DECORATION,1,10-12-2010 11:42,0.85,12748,United Kingdom,0.85
538241,21431,,-21,10-12-2010 12:00,0,,United Kingdom,0
538248,85084,HOLLY TOP CHRISTMAS STOCKING,1,10-12-2010 12:14,0.85,18116,United Kingdom,0.85
538248,81950V,FLOWER PURPLE CLOCK W/SUCKER,1,10-12-2010 12:14,0.85,18116,United Kingdom,0.85
538280,22055,MINI CAKE STAND  HANGING STRAWBERY,64,10-12-2010 12:50,1.45,12748,United Kingdom,92.8
538296,84631,FRUIT TREE AND BIRDS WALL PLAQUE,2,10-12-2010 13:06,7.95,13148,United Kingdom,15.9
538296,84799,SPRIG LAVENDER ARTIFICIAL FLOWER,48,10-12-2010 13:06,0.42,13148,United Kingdom,20.16
538307,35004P,SET OF 3 PINK FLYING DUCKS,1,10-12-2010 13:27,5.45,14667,United Kingdom,5.45
538307,21454,PAINTED PINK RABBIT ,2,10-12-2010 13:27,0.85,14667,United Kingdom,1.7
538307,15058B,PINK POLKADOT GARDEN PARASOL,1,10-12-2010 13:27,7.95,14667,United Kingdom,7.95
538346,22391,PAPERWEIGHT HOME SWEET HOME,6,10-12-2010 14:53,2.55,17865,United Kingdom,15.3
538349,21318,GLASS CHALICE BLUE SMALL ,1,10-12-2010 14:59,3.36,,United Kingdom,3.36
538349,21418,STARFISH SOAP DISH,1,10-12-2010 14:59,5.06,,United Kingdom,5.06
538349,21420,OYSTER TRINKET BOX,1,10-12-2010 14:59,6.77,,United Kingdom,6.77
538349,22286,"DECORATION , WOBBLY RABBIT , METAL ",1,10-12-2010 14:59,3.36,,United Kingdom,3.36
538349,22287,"DECORATION , WOBBLY CHICKEN, METAL ",1,10-12-2010 14:59,3.36,,United Kingdom,3.36
538349,35609A,PINK FEATHER CHRISTMAS DECORATION,1,10-12-2010 14:59,2.51,,United Kingdom,2.51
538349,35610C,WHITE CHRISTMAS FLOCK DROPLET ,1,10-12-2010 14:59,2.51,,United Kingdom,2.51
538349,46776D,WOVEN SUNSET CUSHION COVER ,1,10-12-2010 14:59,4.21,,United Kingdom,4.21
538349,84931A,PINK SCOTTIE DOG W FLOWER PATTERN,1,10-12-2010 14:59,5.06,,United Kingdom,5.06
538349,85211,S/4 GROOVY CAT MAGNETS,1,10-12-2010 14:59,3.36,,United Kingdom,3.36
538349,90031,BILI NUT AND WOOD NECKLACE,1,10-12-2010 14:59,5.94,,United Kingdom,5.94
538349,90040A,MURANO STYLE GLASS BRACELET RED,1,10-12-2010 14:59,4.24,,United Kingdom,4.24
538349,90125B,AQUA BERTIE GLASS BEAD BAG CHARM,1,10-12-2010 14:59,4.21,,United Kingdom,4.21
538349,90125D,PURPLE BERTIE GLASS BEAD BAG CHARM,1,10-12-2010 14:59,4.21,,United Kingdom,4.21
538349,DCGS0003,BOXED GLASS ASHTRAY,1,10-12-2010 14:59,2.51,,United Kingdom,2.51
538354,85230E,STRAWBRY SCENTED VOTIVE CANDLE,24,10-12-2010 15:45,0.29,16873,United Kingdom,6.96
538354,22826,LOVE SEAT ANTIQUE WHITE METAL,2,10-12-2010 15:45,175,16873,United Kingdom,350
538354,22852,DOG BOWL VINTAGE CREAM,8,10-12-2010 15:45,4.25,16873,United Kingdom,34
538356,22102,MIRROR MOSAIC T-LIGHT HOLDER ,6,10-12-2010 15:56,1.65,14062,United Kingdom,9.9
538367,16033,MINI HIGHLIGHTER PENS,120,12-12-2010 10:48,0.12,14800,United Kingdom,14.4
538367,20830,SILVER PHOTO FRAME,6,12-12-2010 10:48,2.1,14800,United Kingdom,12.6
538367,20831,GOLD PHOTO FRAME,6,12-12-2010 10:48,2.1,14800,United Kingdom,12.6
538369,90003D,CRYSTAL PAIR HEART HAIR SLIDES,1,12-12-2010 11:06,3.75,17251,United Kingdom,3.75
538369,90067A,PINK VINTAGE VICTORIAN EARRINGS,1,12-12-2010 11:06,2.95,17251,United Kingdom,2.95
538379,21378,SMALL TALL CAMPHOR WOOD TOADSTOOL,6,12-12-2010 11:26,1.65,17126,United Kingdom,9.9
538397,85032B,BLOSSOM IMAGES GIFT WRAP SET,48,12-12-2010 11:44,2.1,12753,Japan,100.8
538397,22857,ASSORTED EASTER GIFT TAGS,48,12-12-2010 11:44,0.85,12753,Japan,40.8
538397,22858,EASTER TIN KEEPSAKE,42,12-12-2010 11:44,1.65,12753,Japan,69.3
538397,22861,EASTER TIN CHICKS IN GARDEN,30,12-12-2010 11:44,1.65,12753,Japan,49.5
538397,22232,JIGSAW TOADSTOOLS 3 PIECE,32,12-12-2010 11:44,1.65,12753,Japan,52.8
538419,20793,BLUE TILED TRAY,1,12-12-2010 12:01,6.75,16367,United Kingdom,6.75
538421,20664,TROPICAL HOLIDAY PURSE ,2,12-12-2010 12:08,2.95,17917,United Kingdom,5.9
538421,47593A,CAROUSEL PONIES BABY BIB,2,12-12-2010 12:08,1.25,17917,United Kingdom,2.5
538421,20670,VIP HOLIDAY PURSE,1,12-12-2010 12:08,2.95,17917,United Kingdom,2.95
538421,21946,PARTY TIME DESIGN FLANNEL,2,12-12-2010 12:08,0.85,17917,United Kingdom,1.7
538453,20666,ECONOMY HOLIDAY PURSE,1,12-12-2010 12:26,2.95,16779,United Kingdom,2.95
538473,82605,OLD DOC RUSSEL METAL SIGN,4,12-12-2010 12:35,2.1,13668,United Kingdom,8.4
538497,85136B,BLUE SHARK HELICOPTER,1,12-12-2010 12:44,7.95,14684,United Kingdom,7.95
538504,84882,GREEN WIRE STANDING CANDLE HOLDER,3,12-12-2010 13:01,3.75,16011,United Kingdom,11.25
538507,85031A,ROMANTIC IMAGES SCRAP BOOK SET,2,12-12-2010 13:26,4.95,15547,United Kingdom,9.9
538510,16216,LETTER SHAPE PENCIL SHARPENER,10,12-12-2010 13:47,0.16,18004,United Kingdom,1.6
538518,21736,GOLD SCROLL GLASS T-LIGHT HOLDER,36,12-12-2010 16:14,2.1,14505,United Kingdom,75.6
538518,84922,PINK BUTTERFLY WASHBAG,2,12-12-2010 16:14,4.25,14505,United Kingdom,8.5
538518,90036E,"FLOWER GLASS GARLD NECKL36""AMETHYST",1,12-12-2010 16:14,7.95,14505,United Kingdom,7.95
538518,90160A,PURPLE BOUDICCA LARGE BRACELET,3,12-12-2010 16:14,6.95,14505,United Kingdom,20.85
538518,90160B,RED BOUDICCA LARGE BRACELET,2,12-12-2010 16:14,6.95,14505,United Kingdom,13.9
538518,90160D,PINK BOUDICCA LARGE BRACELET,2,12-12-2010 16:14,6.95,14505,United Kingdom,13.9
538521,82011A,"BATHROOM SCALES, TROPICAL BEACH",2,13-12-2010 09:02,3.75,14180,United Kingdom,7.5
538523,85183A,CHARLIE & LOLA WASTEPAPER BIN BLUE,6,13-12-2010 09:29,3.75,13198,United Kingdom,22.5
538524,21194,PINK  HONEYCOMB PAPER FAN,2,13-12-2010 09:35,4.21,,United Kingdom,8.42
538524,21972,SET OF 36 DINOSAUR PAPER DOILIES,1,13-12-2010 09:35,2.98,,United Kingdom,2.98
538524,22281,EASTER TREE YELLOW BIRDS,1,13-12-2010 09:35,12.72,,United Kingdom,12.72
538524,22887,NUMBER TILE VINTAGE FONT 8,1,13-12-2010 09:35,4.21,,United Kingdom,4.21
538524,84876B,GREEN HEART COMPACT MIRROR,1,13-12-2010 09:35,7.62,,United Kingdom,7.62
538524,90126A,PINK BERTIE MOBILE PHONE CHARM,1,13-12-2010 09:35,3.36,,United Kingdom,3.36
538524,90190B,GOLD/AMBER DROP EARRINGS W LEAF,1,13-12-2010 09:35,2.96,,United Kingdom,2.96
538527,35610B,BLACK CHRISTMAS FLOCK DROPLET ,24,13-12-2010 09:52,1.25,15361,United Kingdom,30
538528,84927E,FLOWERS TILE HOOK,6,13-12-2010 09:57,2.1,15689,United Kingdom,12.6
538529,84816,DANISH ROSE BEDSIDE CABINET,1,13-12-2010 10:24,39.95,14290,United Kingdom,39.95
538558,90120D,WHITE MURANO TWIST BRACELET,1,13-12-2010 10:58,4.25,13069,United Kingdom,4.25
538566,22289,HANGING METAL CHICKEN DECORATION,1,13-12-2010 11:21,2.51,,United Kingdom,2.51
538566,20704,MR ROBOT SOFT TOY,1,13-12-2010 11:21,14.43,,United Kingdom,14.43
538566,20818,GOLD TEDDY BEAR,1,13-12-2010 11:21,7.62,,United Kingdom,7.62
538566,21199,PINK  HEART CONFETTI IN TUBE,1,13-12-2010 11:21,3.36,,United Kingdom,3.36
538566,21293,MIRRORED DOVE WALL DECORATION,4,13-12-2010 11:21,4.21,,United Kingdom,16.84
538566,71495A,CD WALL TIDY BLUE OFFICE,1,13-12-2010 11:21,0.84,,United Kingdom,0.84
538566,84584,PINK GINGHAM CAT WITH SCARF,1,13-12-2010 11:21,5.06,,United Kingdom,5.06
538566,85179C,PINK BITTY LIGHT CHAIN,1,13-12-2010 11:21,9.32,,United Kingdom,9.32
538566,85188B,PINK METAL SWINGING BUNNY,2,13-12-2010 11:21,1.66,,United Kingdom,3.32
538566,90076,MONTANA DIAMOND CLUSTER EARRINGS,1,13-12-2010 11:21,2.96,,United Kingdom,2.96
538566,90164A,PINK ROSEBUD PEARL BRACELET,1,13-12-2010 11:21,7.64,,United Kingdom,7.64
538566,90164B,WHITE  ROSEBUD PEARL BRACELET,1,13-12-2010 11:21,7.64,,United Kingdom,7.64
538626,72780,BLACK SILOUETTE CANDLE PLATE,12,13-12-2010 12:57,0.85,17338,United Kingdom,10.2
538630,22954,HEN PARTY CORDON BARRIER TAPE,12,13-12-2010 13:25,1.25,14565,United Kingdom,15
538635,22047,EMPIRE GIFT WRAP,25,13-12-2010 13:32,0.42,17303,United Kingdom,10.5
538637,22214,CANDLE PLATE LACE WHITE,4,13-12-2010 13:52,2.55,17611,United Kingdom,10.2
538638,90162C,ANT SILVER FUSCHIA BOUDICCA RING,2,13-12-2010 14:16,2.95,17231,United Kingdom,5.9
538638,90078,PINK/WHITE GLASS DEMI CHOKER,2,13-12-2010 14:16,7.5,17231,United Kingdom,15
538638,90032,IVORY SHELL HEART NECKLACE,4,13-12-2010 14:16,6.25,17231,United Kingdom,25
538652,21331,MOROCCAN BEATEN METAL DISH LARGE,2,13-12-2010 15:12,12.75,17890,United Kingdom,25.5
538652,20848,ZINC HEART LATTICE CHARGER SMALL,4,13-12-2010 15:12,2.95,17890,United Kingdom,11.8
538652,20826,SILVER APERITIF GLASS,6,13-12-2010 15:12,2.12,17890,United Kingdom,12.72
538652,21145,ANTIQUE GLASS PLACE SETTING,24,13-12-2010 15:12,1.25,17890,United Kingdom,30
538654,22723,SET OF 6 HERB TINS SKETCHBOOK,4,13-12-2010 15:13,3.95,13089,United Kingdom,15.8
538654,22722,SET OF 6 SPICE TINS PANTRY DESIGN,4,13-12-2010 15:13,3.95,13089,United Kingdom,15.8
538654,22720,SET OF 3 CAKE TINS PANTRY DESIGN ,6,13-12-2010 15:13,4.95,13089,United Kingdom,29.7
538655,84575A,PINK DOG CANNISTER,1,13-12-2010 15:16,5.95,17375,United Kingdom,5.95
538655,84313C,ORANGE TV TRAY TABLE ,1,13-12-2010 15:16,4.25,17375,United Kingdom,4.25
538657,21473,SWEETHEART CREAM STEEL TABLE RECT,1,13-12-2010 15:26,19.95,15867,United Kingdom,19.95
538661,90210A,GREY ACRYLIC FACETED BANGLE,12,13-12-2010 15:42,1.25,15194,United Kingdom,15
538662,84823,DANISH ROSE FOLDING CHAIR,12,13-12-2010 15:44,7.95,15159,United Kingdom,95.4
538662,90057,DIAMANTE RING ASSORTED IN BOX.,48,13-12-2010 15:44,1.25,15159,United Kingdom,60
538662,90210D,PURPLE ACRYLIC FACETED BANGLE,12,13-12-2010 15:44,1.25,15159,United Kingdom,15
538662,22656,VINTAGE BLUE KITCHEN CABINET,2,13-12-2010 15:44,125,15159,United Kingdom,250
538664,22782,SET 3 WICKER STORAGE BASKETS ,8,13-12-2010 15:46,9.95,14733,United Kingdom,79.6
538664,84766,SILVER ROCOCO CANDLE STICK,12,13-12-2010 15:46,1.95,14733,United Kingdom,23.4
538678,20860,GOLD COSMETICS BAG WITH BUTTERFLY,1,13-12-2010 16:46,2.1,,United Kingdom,2.1
538678,84711B,PINK OVAL SHAPE TRINKET BOX,1,13-12-2010 16:46,9.95,,United Kingdom,9.95
538708,84817,DANISH ROSE DECORATIVE PLATE,24,14-12-2010 10:43,0.42,16202,United Kingdom,10.08
C538726,35832,WOOLLY HAT SOCK GLOVE ADVENT STRING,-1,14-12-2010 11:18,2.95,13078,United Kingdom,-2.95
538799,22721,SET OF 3 CAKE TINS SKETCHBOOK,1,14-12-2010 11:48,4.95,15039,United Kingdom,4.95
538808,22711,WRAP CIRCUS PARADE,25,14-12-2010 12:11,0.42,14057,United Kingdom,10.5
538814,22522,CHILDS GARDEN FORK BLUE ,1,14-12-2010 12:30,0.85,15983,United Kingdom,0.85
538826,22270,HAPPY EASTER HANGING DECORATION,13,14-12-2010 12:58,3.75,12370,Cyprus,48.75
538826,85195,HANGING HEART BASKET,8,14-12-2010 12:58,2.1,12370,Cyprus,16.8
538826,85194L,HANGING SPRING FLOWER EGG LARGE,36,14-12-2010 12:58,0.85,12370,Cyprus,30.6
538827,84660A,WHITE STITCHED WALL CLOCK,60,14-12-2010 12:59,1.25,14298,United Kingdom,75
538827,75178,ASSTD COL BUTTERFLY/CRYSTAL W/CHIME,144,14-12-2010 12:59,0.42,14298,United Kingdom,60.48
538827,75011,BLUE DAISY MOBILE,24,14-12-2010 12:59,0.85,14298,United Kingdom,20.4
538827,47503A,ASS FLORAL PRINT MULTI SCREWDRIVER,24,14-12-2010 12:59,0.42,14298,United Kingdom,10.08
538827,22888,NUMBER TILE VINTAGE FONT 9 ,24,14-12-2010 12:59,0.42,14298,United Kingdom,10.08
538827,22886,NUMBER TILE VINTAGE FONT 7,24,14-12-2010 12:59,0.42,14298,United Kingdom,10.08
538827,22881,NUMBER TILE VINTAGE FONT 2,24,14-12-2010 12:59,0.42,14298,United Kingdom,10.08
538827,22879,NUMBER TILE VINTAGE FONT 0,24,14-12-2010 12:59,0.42,14298,United Kingdom,10.08
538827,21631,HIPPY CHIC DECORATIVE PARASOL,12,14-12-2010 12:59,3.95,14298,United Kingdom,47.4
538827,20705,MRS ROBOT SOFT TOY,16,14-12-2010 12:59,1.95,14298,United Kingdom,31.2
538827,90125A,PINK BERTIE GLASS BEAD BAG CHARM,12,14-12-2010 12:59,0.85,14298,United Kingdom,10.2
538827,85180A,RED HEARTS LIGHT CHAIN ,24,14-12-2010 12:59,1.25,14298,United Kingdom,30
538827,85159B,"WHITE TEA,COFFEE,SUGAR JARS",12,14-12-2010 12:59,1.25,14298,United Kingdom,15
538849,22204,MILK PAN BLUE POLKADOT,1,14-12-2010 13:31,3.75,14415,United Kingdom,3.75
538852,90058B,CRYSTAL STUD EARRINGS ASSORTED COL ,36,14-12-2010 13:33,0.38,17372,United Kingdom,13.68
538853,84597B,RETRO BROWN BALL ASHTRAY ,2,14-12-2010 13:35,1.25,16805,United Kingdom,2.5
538870,84616,SILVER ROCCOCO CHANDELIER,1,14-12-2010 14:54,29.95,12829,United Kingdom,29.95
538872,84666,SQUARE CHERRY BLOSSOM CABINET,6,14-12-2010 15:13,3.95,13097,United Kingdom,23.7
538880,22303,COFFEE MUG APPLES DESIGN,4,14-12-2010 15:52,5.06,,United Kingdom,20.24
538880,84796a,PINK HAWAIIAN PICNIC HAMPER FOR 2,1,14-12-2010 15:52,8.47,,United Kingdom,8.47
538880,20871,OPULENT VELVET SET/3 CANDLES,2,14-12-2010 15:52,4.21,,United Kingdom,8.42
538880,21160,KEEP OUT GIRLS DOOR HANGER ,1,14-12-2010 15:52,3.36,,United Kingdom,3.36
538888,84673A,PINK FLY SWAT,3,14-12-2010 16:23,0.65,17912,United Kingdom,1.95
C538898,37503,TEA TIME CAKE STAND IN GIFT BOX,-1,15-12-2010 09:20,10.75,15078,United Kingdom,-10.75
538903,21386,IVORY HANGING DECORATION  EGG,12,15-12-2010 10:17,0.85,13496,United Kingdom,10.2
538917,90146,FINE SILVER NECKLACE W PASTEL FLOWE,2,15-12-2010 10:57,7.5,17449,United Kingdom,15
538991,22257,FELT FARM ANIMAL SHEEP,144,15-12-2010 11:53,0.42,17511,United Kingdom,60.48
538991,22258,FELT FARM ANIMAL RABBIT,144,15-12-2010 11:53,0.42,17511,United Kingdom,60.48
538991,22259,FELT FARM ANIMAL HEN,144,15-12-2010 11:53,0.42,17511,United Kingdom,60.48
538993,35817P,"ACRYLIC JEWEL SNOWFLAKE,PINK",6,15-12-2010 12:01,2.55,15512,United Kingdom,15.3
538999,85141,JARDIN ETCHED GLASS FRUITBOWL,2,15-12-2010 12:09,10.75,16003,United Kingdom,21.5
539009,90042A,FRESHWATER PEARL BRACELET GOLD,1,15-12-2010 13:24,2.55,13221,United Kingdom,2.55
539009,90136,PALE PINK/AMETHYST STONE NECKLACE,1,15-12-2010 13:24,9.95,13221,United Kingdom,9.95
539009,90060B,FIRE POLISHED GLASS NECKL GOLD,1,15-12-2010 13:24,5.95,13221,United Kingdom,5.95
539009,90035A,"PEARL & SHELL 42""NECKL. GREEN",1,15-12-2010 13:24,10.75,13221,United Kingdom,10.75
539009,90133,TEAL/FUSCHIA COL BEAD NECKLACE,1,15-12-2010 13:24,4.95,13221,United Kingdom,4.95
539009,90179A,AMBER FINE BEAD NECKLACE W TASSEL,1,15-12-2010 13:24,5.95,13221,United Kingdom,5.95
539009,79329,PINK FLOCK GLASS CANDLEHOLDER,6,15-12-2010 13:24,1.65,13221,United Kingdom,9.9
539009,85146,JARDIN ETCHED GLASS SMALL BELL JAR,12,15-12-2010 13:24,4.95,13221,United Kingdom,59.4
539009,22033,BOTANICAL ROSE GREETING CARD,12,15-12-2010 13:24,0.42,13221,United Kingdom,5.04
539009,22032,BOTANICAL LILY GREETING CARD,12,15-12-2010 13:24,0.42,13221,United Kingdom,5.04
539009,84751B,BLACK MEDIUM GLASS CAKE STAND,2,15-12-2010 13:24,3.75,13221,United Kingdom,7.5
539010,84507B,STRIPES DESIGN MONKEY DOLL,3,15-12-2010 13:24,2.55,15005,United Kingdom,7.65
539019,84620,BLUE GINGHAM ROSE CUSHION COVER,2,15-12-2010 14:12,5.95,17551,United Kingdom,11.9
539039,84929,ASSTD FRUIT+FLOWERS FRIDGE MAGNETS,24,15-12-2010 15:00,0.55,13124,United Kingdom,13.2
539040,21707,FOLDING UMBRELLA BLACKBLUE POLKADOT,2,15-12-2010 15:14,4.95,17214,United Kingdom,9.9
539044,22868,NUMBER TILE COTTAGE GARDEN 0 ,8,15-12-2010 15:47,1.95,15727,United Kingdom,15.6
539044,22874,NUMBER TILE COTTAGE GARDEN 6,6,15-12-2010 15:47,1.95,15727,United Kingdom,11.7
539044,22872,NUMBER TILE COTTAGE GARDEN 4,6,15-12-2010 15:47,1.95,15727,United Kingdom,11.7
539044,22871,NUMBER TILE COTTAGE GARDEN 3 ,6,15-12-2010 15:47,1.95,15727,United Kingdom,11.7
539047,22302,COFFEE MUG PEARS  DESIGN,12,15-12-2010 16:03,2.55,15290,United Kingdom,30.6
539050,47594B,SCOTTIES DESIGN WASHBAG,1,15-12-2010 16:21,1.95,12577,France,1.95
539053,21196,ROUND WHITE CONFETTI IN TUBE,1,15-12-2010 16:32,1.65,16725,United Kingdom,1.65
539075,22970,LONDON BUS COFFEE MUG,3,15-12-2010 17:28,2.55,17189,United Kingdom,7.65
539098,22062,CERAMIC BOWL WITH LOVE HEART DESIGN,6,16-12-2010 10:28,2.95,14841,United Kingdom,17.7
539099,22040,BOTANICAL ROSE GIFT WRAP,25,16-12-2010 10:30,0.42,16670,United Kingdom,10.5
539103,21348,PINK SPOTS CHOCOLATE NESTING BOXES ,24,16-12-2010 10:38,2.55,16985,United Kingdom,61.2
539107,22971,QUEENS GUARD COFFEE MUG,24,16-12-2010 10:52,2.55,16705,United Kingdom,61.2
539111,84877B,GREEN ROUND COMPACT MIRROR,24,16-12-2010 11:11,1.25,14414,United Kingdom,30
539160,84926F,PSYCHEDELIC TILE COASTER,24,16-12-2010 11:43,0.42,16746,United Kingdom,10.08
539185,21400,RED PUDDING SPOON,2,16-12-2010 11:53,0.42,16470,United Kingdom,0.84
539185,35911A,MULTICOLOUR RABBIT EGG WARMER,1,16-12-2010 11:53,2.1,16470,United Kingdom,2.1
539185,85031C,CURIOUS IMAGES SCRAP BOOK SET,3,16-12-2010 11:53,4.95,16470,United Kingdom,14.85
539215,84613A,PINK NEW BAROQUE FLOCK CANDLESTICK,1,16-12-2010 12:42,4.65,15574,United Kingdom,4.65
539220,90012B,BLACK DROP CRYSTAL NECKLACE,1,16-12-2010 12:56,9.95,,United Kingdom,9.95
539225,21043,APRON MODERN VINTAGE COTTON,6,16-12-2010 13:02,5.95,15379,United Kingdom,35.7
539240,37342,POLKADOT COFFEE CUP & SAUCER PINK,24,16-12-2010 13:15,0.85,15194,United Kingdom,20.4
539243,84750B,BLACK SMALL GLASS CAKE STAND,1,16-12-2010 13:21,1.95,18116,United Kingdom,1.95
539246,21425,SKULLS STORAGE BOX LARGE,1,16-12-2010 13:33,2.95,14606,United Kingdom,2.95
539294,72800C,4 PINK DINNER CANDLE SILVER FLOCK,1,16-12-2010 16:45,2.55,15532,United Kingdom,2.55
539298,35810A,ENAMEL PINK COFFEE CONTAINER,6,16-12-2010 17:29,2.1,14180,United Kingdom,12.6
539300,21491,SET OF THREE VINTAGE GIFT WRAPS,1,16-12-2010 17:31,1.95,,United Kingdom,1.95
539307,21633,SUNFLOWER DECORATIVE PARASOL,12,16-12-2010 17:43,3.95,13694,United Kingdom,47.4
539311,35607A,PINK FLUFFY CHRISTMAS DECORATION,24,16-12-2010 17:53,0.19,14643,United Kingdom,4.56
539313,22410,MONEY BOX HOUSEKEEPING DESIGN,12,16-12-2010 18:18,1.25,14220,United Kingdom,15
539321,84859A,SILVER DISCO HANDBAG,1,16-12-2010 19:19,5.95,14723,United Kingdom,5.95
539321,85103,SILVER T-LIGHT SETTING,1,16-12-2010 19:19,6.75,14723,United Kingdom,6.75
539321,85031B,BLOSSOM IMAGES SCRAP BOOK SET,1,16-12-2010 19:19,4.95,14723,United Kingdom,4.95
539333,22249,DECORATION WHITE CHICK MAGIC GARDEN,16,17-12-2010 09:52,0.85,13627,United Kingdom,13.6
539334,22407,MONEY BOX FIRST ADE DESIGN,1,17-12-2010 10:12,1.25,12748,United Kingdom,1.25
539405,85205B,PINK FELT EASTER RABBIT GARLAND,12,17-12-2010 12:38,2.55,12621,Germany,30.6
539421,22929,SCHOOL DESK AND CHAIR ,1,17-12-2010 14:21,65,14016,EIRE,65
539423,85163A,WHITE BAROQUE WALL CLOCK ,1,17-12-2010 14:24,12.75,15811,United Kingdom,12.75
539423,85163B,BLACK BAROQUE WALL CLOCK ,1,17-12-2010 14:24,12.75,15811,United Kingdom,12.75
539434,85088,CANDY SPOT HAND BAG,1,17-12-2010 14:41,4.21,,United Kingdom,4.21
539434,90201A,PURPLE ENAMEL FLOWER RING,1,17-12-2010 14:41,2.96,,United Kingdom,2.96
539434,90202A,PURPLE ENAMEL FLOWER HAIR TIE,1,17-12-2010 14:41,2.96,,United Kingdom,2.96
539434,90206A,GOLD DIAMANTE STAR BROOCH,1,17-12-2010 14:41,5.09,,United Kingdom,5.09
539436,84600,NEW BAROQUE JEWELLERY BOX ,1,17-12-2010 14:49,16.13,,United Kingdom,16.13
539436,84857C,PINK MONTE CARLO HANDBAG,1,17-12-2010 14:49,16.98,,United Kingdom,16.98
539436,90144,SILVER DROP EARRINGS WITH FLOWER,1,17-12-2010 14:49,3.81,,United Kingdom,3.81
539436,90165B,WHITE ROSEBUD  PEARL EARRINGS,1,17-12-2010 14:49,2.54,,United Kingdom,2.54
539437,20694,FLORAL PINK MONSTER,1,17-12-2010 14:54,7.62,,United Kingdom,7.62
539437,20869,GOLD FABRIC MIRROR,3,17-12-2010 14:54,1.28,,United Kingdom,3.84
539437,20954,*USB Office Mirror Ball,1,17-12-2010 14:54,8.47,,United Kingdom,8.47
539437,21455,PAINTED YELLOW WOODEN DAISY,1,17-12-2010 14:54,1.66,,United Kingdom,1.66
539437,22206,"MUG , DOTCOMGIFTSHOP.COM ",1,17-12-2010 14:54,0.85,,United Kingdom,0.85
539437,35933,PINK STOCKING CHRISTMAS DECORATION,1,17-12-2010 14:54,4.21,,United Kingdom,4.21
539437,85232A,SET/3 POLKADOT STACKING TINS,1,17-12-2010 14:54,10.17,,United Kingdom,10.17
539437,90027B,GLASS BEAD HOOP EARRINGS MONTANA,1,17-12-2010 14:54,2.96,,United Kingdom,2.96
539437,90122A,PINK CRYSTAL+GLASS BRACELET,1,17-12-2010 14:54,5.09,,United Kingdom,5.09
539437,90197B,BLACK GLASS BRACELET W HEART CHARMS,1,17-12-2010 14:54,5.09,,United Kingdom,5.09
539437,72225C,LAVENDER SCENT CAKE CANDLE,24,17-12-2010 14:54,0.29,,United Kingdom,6.96
539447,46000U,POLYESTER FILLER PAD 30CMx30CM,2,17-12-2010 16:00,1.25,12395,Belgium,2.5
539451,90072,RUBY DROP CHANDELIER EARRINGS,1,17-12-2010 16:59,4.24,,United Kingdom,4.24
539451,90214T,"LETTER ""T"" BLING KEY RING",1,17-12-2010 16:59,0.85,,United Kingdom,0.85
539451,20934,SET/3 POT PLANT CANDLES,1,17-12-2010 16:59,11.02,,United Kingdom,11.02
539451,21402,RED  EGG  SPOON,1,17-12-2010 16:59,0.85,,United Kingdom,0.85
539453,47585A,PINK FAIRY CAKE CUSHION COVER,1,17-12-2010 17:08,10.17,,United Kingdom,10.17
539453,90011D,PURPLE CRYSTAL DROP EARRINGS,1,17-12-2010 17:08,2.96,,United Kingdom,2.96
539453,90012A,MIDNIGHT BLUE DROP CRYSTAL NECKLACE,1,17-12-2010 17:08,10.2,,United Kingdom,10.2
539453,90141C,TURQ PENDANT TRIPLE SHELL NECKLACE,1,17-12-2010 17:08,5.51,,United Kingdom,5.51
539453,90142A,GREEN PENDANT SHELL NECKLACE,1,17-12-2010 17:08,5.09,,United Kingdom,5.09
539453,90165A,PINK ROSEBUD PEARL EARRINGS,1,17-12-2010 17:08,2.54,,United Kingdom,2.54
539453,90177B,DROP DIAMANTE EARRINGS BLACK DIAMON,1,17-12-2010 17:08,2.96,,United Kingdom,2.96
539453,90202D,PINK ENAMEL FLOWER HAIR TIE,1,17-12-2010 17:08,2.96,,United Kingdom,2.96
539456,90154,LAZER CUT NECKLACE W PASTEL BEADS,1,17-12-2010 17:23,8.95,16885,United Kingdom,8.95
539456,90199D,5 STRAND GLASS NECKLACE AMBER,1,17-12-2010 17:23,6.35,16885,United Kingdom,6.35
539456,90014A,SILVER/MOP ORBIT NECKLACE,1,17-12-2010 17:23,9.95,16885,United Kingdom,9.95
539456,90178B,PURPLE CHUNKY GLASS+BEAD NECKLACE,1,17-12-2010 17:23,11.95,16885,United Kingdom,11.95
539458,21009,ETCHED GLASS STAR TREE DECORATION,1,17-12-2010 17:30,1.25,,United Kingdom,1.25
539468,21793,CLASSIC FRENCH STYLE BASKET BROWN,1,19-12-2010 13:31,6.75,15044,United Kingdom,6.75
539469,85023B,EAU DE NILE JEWELLED PHOTOFRAME,1,19-12-2010 13:59,2.55,17841,United Kingdom,2.55
539470,85109,PINK BOUDOIR T-LIGHT HOLDER,12,19-12-2010 14:03,0.85,14472,United Kingdom,10.2
539470,84804A,CREAM DELPHINIUM ARTIFICIAL FLOWER,2,19-12-2010 14:03,2.95,14472,United Kingdom,5.9
539470,84800L,LARGE WHITE/PINK ROSE ART FLOWER,2,19-12-2010 14:03,2.12,14472,United Kingdom,4.24
539470,84800M,MEDIUM WHITE/PINK ROSE ART FLOWER,1,19-12-2010 14:03,1.69,14472,United Kingdom,1.69
539470,84806A,PINK CANDYSTUFT ARTIFICIAL FLOWER,1,19-12-2010 14:03,1.45,14472,United Kingdom,1.45
539475,22707,WRAP MONSTER FUN ,25,19-12-2010 14:41,0.42,16686,United Kingdom,10.5
539475,21503,TOYBOX  WRAP ,25,19-12-2010 14:41,0.42,16686,United Kingdom,10.5
539475,90108,BLUE BLOSSOM HAIR CLIP,3,19-12-2010 14:41,1.05,16686,United Kingdom,3.15
539475,16207A,PINK STRAWBERRY HANDBAG ,2,19-12-2010 14:41,2.95,16686,United Kingdom,5.9
539475,21747,SMALL SKULL WINDMILL,1,19-12-2010 14:41,1.25,16686,United Kingdom,1.25
539477,84457,SET/3 RABBITS FLOWER SKIPPPING ROPE,12,19-12-2010 14:58,0.85,18245,United Kingdom,10.2
539477,84249A,"GREETING CARD,SQUARE, DOUGHNUTS",12,19-12-2010 14:58,0.42,18245,United Kingdom,5.04
539492,22148,EASTER CRAFT 4 CHICKS ,1,20-12-2010 10:14,4.21,,United Kingdom,4.21
539492,90011B,BLACK CRYSTAL DROP EARRINGS,1,20-12-2010 10:14,2.96,,United Kingdom,2.96
539492,90055,CRACKED GLAZE EARRINGS BROWN,1,20-12-2010 10:14,2.54,,United Kingdom,2.54
539492,90142D,MOP PENDANT SHELL NECKLACE,1,20-12-2010 10:14,5.09,,United Kingdom,5.09
539492,90176B,DIAMANTE NECKLACE BLACK ,1,20-12-2010 10:14,7.64,,United Kingdom,7.64
539492,gift_0001_40,Dotcomgiftshop Gift Voucher £40.00,1,20-12-2010 10:14,34.04,,United Kingdom,34.04
539498,21198,WHITE HEART CONFETTI IN TUBE,48,20-12-2010 10:48,0.42,15279,United Kingdom,20.16
539498,90027D,GLASS BEAD HOOP EARRINGS AMETHYST,4,20-12-2010 10:48,2.95,15279,United Kingdom,11.8
539586,44228,CANNABIS LEAF BEAD CURTAIN,24,20-12-2010 13:08,0.85,14298,United Kingdom,20.4
539587,85230A,OPIUM SCENTED VOTIVE CANDLE,48,20-12-2010 13:10,0.21,14298,United Kingdom,10.08
539595,79191D,RETRO PLASTIC DAISY TRAY,1,20-12-2010 13:43,1.66,,United Kingdom,1.66
539630,22066,LOVE HEART TRINKET POT,12,20-12-2010 14:59,1.45,17230,United Kingdom,17.4
539631,35819B,"ACRYLIC HANGING JEWEL,BLUE",1,20-12-2010 15:03,2.51,,United Kingdom,2.51
539642,84199,GLOW IN DARK DOLPHINS,4,20-12-2010 15:35,0.21,15867,United Kingdom,0.84
539653,82613A,"METAL SIGN,CUPCAKE SINGLE HOOK",20,20-12-2010 16:50,1.25,13564,United Kingdom,25
539659,85135A,YELLOW DRAGONFLY HELICOPTER,1,21-12-2010 09:47,7.95,15034,United Kingdom,7.95
539663,22823,CHEST NATURAL WOOD 20 DRAWERS,1,21-12-2010 10:26,125,17961,United Kingdom,125
539718,DCGS0070,CAMOUFLAGE DOG COLLAR,1,21-12-2010 13:06,12.72,,United Kingdom,12.72
539728,15044A,PINK PAPER PARASOL ,6,21-12-2010 14:26,2.95,16270,United Kingdom,17.7
539736,85160a,WHITE BIRD GARDEN DESIGN MUG,1,21-12-2010 15:18,16.13,,United Kingdom,16.13
539740,47518f,ICON PLACEMAT POP ART ELVIS,1,21-12-2010 15:20,4.21,,United Kingdom,4.21
539755,84499,BLACK FLOWER CANDLE PLATE,1,21-12-2010 16:08,0.85,17961,United Kingdom,0.85
539840,16045,POPART WOODEN PENCILS ASST,100,22-12-2010 14:28,0.12,12383,Belgium,12
539946,21394,RED POLKADOT BEAKER ,6,23-12-2010 11:46,1.95,13817,Germany,11.7
539957,22046,TEA PARTY  WRAPPING PAPER ,25,23-12-2010 12:58,0.42,12585,Germany,10.5
539958,84931B,BLUE SCOTTIE DOG W FLOWER PATTERN,6,23-12-2010 13:26,1.66,,United Kingdom,9.96
539958,21270,ANTIQUE CREAM CUTLERY CUPBOARD,1,23-12-2010 13:26,8.47,,United Kingdom,8.47
539958,85161,ACRYLIC GEOMETRIC LAMP,3,23-12-2010 13:26,12.72,,United Kingdom,38.16
539958,90011A,MIDNIGHT BLUE CRYSTAL DROP EARRINGS,1,23-12-2010 13:26,2.96,,United Kingdom,2.96
539958,90013D,PURPLE VINTAGE EARRINGS,3,23-12-2010 13:26,4.24,,United Kingdom,12.72
539958,90024E,NEW BAROQUE B'FLY NECKLACE MONTANA,1,23-12-2010 13:26,8.49,,United Kingdom,8.49
539958,90024F,NEW BAROQUE B'FLY NECKLACE CRYSTAL,1,23-12-2010 13:26,8.49,,United Kingdom,8.49
539958,90103,PURPLE FRANGIPANI NECKLACE,1,23-12-2010 13:26,2.54,,United Kingdom,2.54
539958,90152A,SILVER/NAT SHELL NECKLACE W PENDANT,1,23-12-2010 13:26,5.51,,United Kingdom,5.51
539958,90205C,LARGE CRYSTAL DIAMANTE HAIRSLIDE,1,23-12-2010 13:26,1.69,,United Kingdom,1.69
539958,22247,BUNNY DECORATION MAGIC GARDEN,11,23-12-2010 13:26,0.81,,United Kingdom,8.91
539958,gift_0001_50,Dotcomgiftshop Gift Voucher £50.00,1,23-12-2010 13:26,42.55,,United Kingdom,42.55
539958,84251C,"GREETING CARD, TWO SISTERS.",13,23-12-2010 13:26,0.43,,United Kingdom,5.59
539988,16206B,RED PURSE WITH PINK HEART,2,23-12-2010 16:06,1.25,18116,United Kingdom,2.5
539988,46138B,BLUE CHENILLE SHAGGY CUSHION COVER ,2,23-12-2010 16:06,1.95,18116,United Kingdom,3.9
539988,20701,PINK CAT FLORAL CUSHION COVER ,1,23-12-2010 16:06,3.75,18116,United Kingdom,3.75
539990,90112,PINK DOLLY HAIR CLIPS,2,23-12-2010 16:31,1.05,,United Kingdom,2.1
539991,35443,RASTA IN BATH W SPLIFF ASHTRAY,1,23-12-2010 16:49,0.85,,United Kingdom,0.85
539997,84689,,5,04-01-2011 10:15,0,,United Kingdom,0
539998,84675,,2,04-01-2011 10:16,0,,United Kingdom,0
540026,90125E,AMBER BERTIE GLASS BEAD BAG CHARM,1,04-01-2011 13:25,1.66,,United Kingdom,1.66
540026,85168B,BLACK BAROQUE CARRIAGE CLOCK,2,04-01-2011 13:25,8.47,,United Kingdom,16.94
540026,85186C,BUNNY EGG GARLAND,5,04-01-2011 13:25,0.85,,United Kingdom,4.25
540027,84926E,FLOWERS TILE COASTER,24,04-01-2011 13:30,0.42,14210,United Kingdom,10.08
540115,84218,BOX/12 CHICK & EGG IN BASKET,6,05-01-2011 09:51,1.95,15235,United Kingdom,11.7
540115,85194S,HANGING SPRING FLOWER EGG SMALL,24,05-01-2011 09:51,0.65,15235,United Kingdom,15.6
540154,22268,EASTER DECORATION SITTING BUNNY,1,05-01-2011 11:30,1.66,,United Kingdom,1.66
540154,90037B,TINY CRYSTAL BRACELET GREEN,1,05-01-2011 11:30,2.54,,United Kingdom,2.54
540154,90041,PEARL AND CHERRY QUARTZ BRACLET,1,05-01-2011 11:30,3.81,,United Kingdom,3.81
540154,90125C,TURQUOISE BERTIE GLASS BEAD CHARM,1,05-01-2011 11:30,1.66,,United Kingdom,1.66
540154,90163A,PINK ROSEBUD & PEARL NECKLACE,1,05-01-2011 11:30,7.64,,United Kingdom,7.64
540154,90163B,WHITE ROSEBUD & PEARL NECKLACE,2,05-01-2011 11:30,7.64,,United Kingdom,15.28
C540164,21412,VINTAGE GOLD TINSEL REEL,-6,05-01-2011 12:02,0.42,14911,EIRE,-2.52
540168,35911B,PINK/FLOWER RABBIT EGG WARMER ,3,05-01-2011 12:15,2.1,13715,United Kingdom,6.3
540179,79071B,ENGLISH ROSE METAL WASTE BIN,1,05-01-2011 12:54,2.95,16033,United Kingdom,2.95
540185,16169M,WRAP DAISY CARPET ,25,05-01-2011 13:40,0.42,14653,United Kingdom,10.5
540188,22709,WRAP WEDDING DAY,25,05-01-2011 13:57,0.42,16771,United Kingdom,10.5
540238,gift_0001_30,Dotcomgiftshop Gift Voucher £30.00,1,05-01-2011 14:44,25.53,,United Kingdom,25.53
540238,gift_0001_20,Dotcomgiftshop Gift Voucher £20.00,1,05-01-2011 14:44,17.02,,United Kingdom,17.02
C540246,79320,FLAMINGO LIGHTS,-1,05-01-2011 15:43,4.95,13081,United Kingdom,-4.95
C540246,85042,ANTIQUE LILY FAIRY LIGHTS,-2,05-01-2011 15:43,4.95,13081,United Kingdom,-9.9
540247,20785,FUSCHIA RETRO BAR STOOL,1,05-01-2011 15:56,39.95,15464,United Kingdom,39.95
540247,85089,CANDY SPOT BUNNY,3,05-01-2011 15:56,2.95,15464,United Kingdom,8.85
540247,35909A,RABBIT EASTER DECORATION,1,05-01-2011 15:56,2.95,15464,United Kingdom,2.95
540247,35910A,MULTICOLOUR EASTER RABBIT ,2,05-01-2011 15:56,1.95,15464,United Kingdom,3.9
540247,20933,YELLOW POT PLANT CANDLE,2,05-01-2011 15:56,3.75,15464,United Kingdom,7.5
540247,35972,DAISY FOLKART HEART DECORATION,1,05-01-2011 15:56,1.25,15464,United Kingdom,1.25
540255,90155,RESIN NECKLACE W PASTEL BEADS,1,05-01-2011 16:50,7.64,,United Kingdom,7.64
540288,47589,CONGRATULATIONS BUNTING,1,06-01-2011 12:45,5.45,17634,United Kingdom,5.45
C540307,79323B,BLACK CHERRY LIGHTS,-4,06-01-2011 12:58,6.75,15823,United Kingdom,-27
C540307,21645,ASSORTED TUTTI FRUTTI ROUND BOX,-24,06-01-2011 12:58,1.65,15823,United Kingdom,-39.6
540352,84661A,WHITE SQUARE TABLE CLOCK,1,06-01-2011 14:27,2.51,,United Kingdom,2.51
540352,90118,PINK DAISY BAG CHARM,2,06-01-2011 14:27,2.51,,United Kingdom,5.02
540352,90182C,BLACK 3 BEAD DROP EARRINGS,1,06-01-2011 14:27,2.96,,United Kingdom,2.96
540353,21278,VINTAGE KITCHEN PRINT PUDDINGS,2,06-01-2011 14:53,2.55,13764,United Kingdom,5.1
540404,16156L,"WRAP, CAROUSEL",25,07-01-2011 09:40,0.42,12947,United Kingdom,10.5
540458,47351B,BLUE  VOILE LAMPSHADE,6,07-01-2011 12:28,2.95,12501,Germany,17.7
540458,21084,SET/6 COLLAGE PAPER CUPS,12,07-01-2011 12:28,0.65,12501,Germany,7.8
540458,21088,SET/6 FRUIT SALAD PAPER CUPS,12,07-01-2011 12:28,0.65,12501,Germany,7.8
540458,21096,SET/6 FRUIT SALAD  PAPER PLATES,12,07-01-2011 12:28,0.85,12501,Germany,10.2
540468,90119,METALIC LEAVES BAG CHARMS,1,07-01-2011 13:55,2.51,,United Kingdom,2.51
540473,84741C,CITRUS GARLAND FELT FLOWERS ,4,07-01-2011 14:31,1.95,17284,United Kingdom,7.8
540489,22266,EASTER DECORATION HANGING BUNNY,6,07-01-2011 16:32,0.65,13593,United Kingdom,3.9
540489,22267,EASTER DECORATION EGG BUNNY ,6,07-01-2011 16:32,1.25,13593,United Kingdom,7.5
540489,21003,ROSE DU SUD CUSHION COVER,2,07-01-2011 16:32,6.35,13593,United Kingdom,12.7
540511,21757,LIGHTHOUSE PRINTED METAL SIGN,2,09-01-2011 11:34,4.95,14472,United Kingdom,9.9
540516,90123B,TURQUOISE HEART OF GLASS BRACELET,2,09-01-2011 12:01,5.95,16326,United Kingdom,11.9
540516,90123C,GREEN HEART OF GLASS BRACELET,2,09-01-2011 12:01,5.95,16326,United Kingdom,11.9
540516,90122C,TURQUOISE CRYSTAL+GLASS BRACELET,6,09-01-2011 12:01,4.95,16326,United Kingdom,29.7
540516,90156,RESIN BRACELET W PASTEL BEADS,2,09-01-2011 12:01,4.95,16326,United Kingdom,9.9
C540535,85023C,PINK LARGE JEWELED PHOTOFRAME,-1,09-01-2011 14:17,2.55,15005,United Kingdom,-2.55
540541,84617,NEW BAROQUE BLACK BOXES,1,09-01-2011 15:13,12.75,15799,United Kingdom,12.75
540541,21332,MOROCCAN BEATEN METAL MIRROR,1,09-01-2011 15:13,12.75,15799,United Kingdom,12.75
540551,35923,CANDY HEART HANGING DECORATION,3,10-01-2011 09:43,2.51,,United Kingdom,7.53
540551,84661C,PINK SQUARE TABLE CLOCK,1,10-01-2011 09:43,2.51,,United Kingdom,2.51
540551,90038B,GLASS AND PAINTED BEADS BRACELET OL,1,10-01-2011 09:43,3.81,,United Kingdom,3.81
540551,90137,PINK COMBO MINI CRYSTALS NECKLACE,1,10-01-2011 09:43,5.51,,United Kingdom,5.51
540560,21589,,-14,10-01-2011 10:08,0,,United Kingdom,0
C540634,21655,HANGING RIDGE GLASS T-LIGHT HOLDER,-12,10-01-2011 12:02,1.69,13672,United Kingdom,-20.28
C540634,79323P,PINK CHERRY LIGHTS,-4,10-01-2011 12:02,6.75,13672,United Kingdom,-27
540638,72038P,damages,-990,10-01-2011 12:14,0,,United Kingdom,0
540646,90181A,AMBER GLASS/SHELL/PEARL NECKLACE,1,10-01-2011 14:32,9.34,,United Kingdom,9.34
540646,90214W,"LETTER ""W"" BLING KEY RING",1,10-01-2011 14:32,0.85,,United Kingdom,0.85
540646,90059F,DIAMANTE HAIR GRIP PACK/2 LT ROSE,1,10-01-2011 14:32,1.69,,United Kingdom,1.69
540647,44091A,BLUE CRUSOE CHECK LAMPSHADE,2,10-01-2011 14:57,0.42,17406,United Kingdom,0.84
540672,21280,VINTAGE KITCHEN PRINT VEGETABLES,6,10-01-2011 15:51,2.55,15281,United Kingdom,15.3
540677,21667,,1,10-01-2011 16:20,0,,United Kingdom,0
540681,90037C,TINY CRYSTAL BRACELET BLUE,1,10-01-2011 16:25,2.54,,United Kingdom,2.54
540681,90122B,JADE CRYSTAL+GLASS BRACELET,1,10-01-2011 16:25,5.09,,United Kingdom,5.09
540681,35915C,PEACH KNITTED HEN ,1,10-01-2011 16:25,3.36,,United Kingdom,3.36
540683,84546,,-45,10-01-2011 17:00,0,,United Kingdom,0
540798,85197,SET OF 12 MINI BUNNIES IN A BUCKET,3,11-01-2011 12:11,2.1,17365,United Kingdom,6.3
540801,85019B,BLOSSOM  IMAGES NOTEBOOK SET,6,11-01-2011 12:25,4.25,12540,Spain,25.5
540813,16207B,PINK HEART RED HANDBAG,2,11-01-2011 12:41,2.95,14669,United Kingdom,5.9
540813,20698,LITTLE PINK MONSTER SOFT TOY,2,11-01-2011 12:41,2.55,14669,United Kingdom,5.1
540827,35265,COLOURFUL FLOWER FRUIT BOWL,4,11-01-2011 14:15,6.95,17569,United Kingdom,27.8
540833,16162L,THE KING GIFT BAG,1,11-01-2011 14:46,0.65,,United Kingdom,0.65
540848,90092,BLUE CRYSTAL BOOT PHONE CHARM,1,12-01-2011 09:26,1.66,,United Kingdom,1.66
540848,90190A,SILVER/CRYSTAL DROP EARRINGS W LEAF,1,12-01-2011 09:26,2.96,,United Kingdom,2.96
540848,90011E,AMBER CRYSTAL DROP EARRINGS,1,12-01-2011 09:26,2.96,,United Kingdom,2.96
540848,90038A,GLASS AND PAINTED BEADS BRACELET TO,1,12-01-2011 09:26,3.81,,United Kingdom,3.81
540848,90079,VINTAGE ENAMEL & CRYSTAL NECKLACE,1,12-01-2011 09:26,5.09,,United Kingdom,5.09
540954,22323,PINK POLKADOT KIDS BAG,1,12-01-2011 13:19,1.95,14606,United Kingdom,1.95
540957,22103,MIRROR MOSAIC T-LIGHT HOLDER ROUND,1,12-01-2011 13:30,1.65,15311,United Kingdom,1.65
540977,90141D,ROSE PENDANT TRIPLE SHELL NECKLACE,1,12-01-2011 15:01,5.51,,United Kingdom,5.51
540977,85160B,BLACK BIRD GARDEN DESIGN MUG,1,12-01-2011 15:01,16.13,,United Kingdom,16.13
540979,23231,WRAP DOILEY DESIGN,25,12-01-2011 15:06,0.42,15727,United Kingdom,10.5
540987,17011A,,-61,12-01-2011 16:15,0,,United Kingdom,0
540993,62086A,PINK RETRO BIG FLOWER BAG,6,13-01-2011 09:23,1.95,13284,United Kingdom,11.7
540995,90039A,FIRE POLISHED GLASS BRACELET RED,1,13-01-2011 09:30,3.73,,United Kingdom,3.73
540995,21371,MIRRORED WALL ART POPPIES,1,13-01-2011 09:30,4.96,,United Kingdom,4.96
541005,35912B,WHITE/PINK CHICK DECORATION,3,13-01-2011 10:39,1.25,16161,United Kingdom,3.75
541012,23230,WRAP ALPHABET DESIGN,25,13-01-2011 11:48,0.42,17019,United Kingdom,10.5
541012,85206B,PINK FELT EASTER EGG BASKET,2,13-01-2011 11:48,1.65,17019,United Kingdom,3.3
541038,85189,HANGING BUTTERFLY  EGG,3,13-01-2011 12:10,0.85,16395,United Kingdom,2.55
541094,84745A,PINK HANGING GINGHAM EASTER HEN,6,13-01-2011 13:36,0.42,13246,United Kingdom,2.52
541094,84745B,BLUE HANGING GINGHAM EASTER HEN,6,13-01-2011 13:36,0.42,13246,United Kingdom,2.52
541104,90130D,RED STONE/CRYSTAL EARRINGS,1,13-01-2011 14:29,2.9,,United Kingdom,2.9
541110,21117,BLOND DOLL DOORSTOP,1,13-01-2011 15:11,6.75,15916,United Kingdom,6.75
541123,21459,YELLOW EASTER EGG HUNT START POST,6,14-01-2011 09:52,1.95,13385,United Kingdom,11.7
541123,21460,GREEN EASTER EGG HUNT START POST,6,14-01-2011 09:52,1.95,13385,United Kingdom,11.7
541127,37468,HARDMAN MUG 3 ASSORTED,1,14-01-2011 10:11,7.46,,United Kingdom,7.46
541128,21897,POTTING SHED CANDLE CITRONELLA,3,14-01-2011 10:12,5.79,,United Kingdom,17.37
541219,72369A,PINK CLEAR GLASS CANDLE PLATE,1,14-01-2011 14:06,2.46,,United Kingdom,2.46
541220,22967,SET 3 SONG BIRD PAPER EGGS ASSORTED,240,14-01-2011 14:11,2.55,14156,EIRE,612
541220,22957,SET 3 PAPER VINTAGE CHICK PAPER EGG,240,14-01-2011 14:11,2.55,14156,EIRE,612
541221,21082,SET/20 FRUIT SALAD PAPER NAPKINS ,7,14-01-2011 14:28,1.63,,United Kingdom,11.41
541240,21368,MIRRORED WALL ART LADIES,1,16-01-2011 11:07,2.55,16206,United Kingdom,2.55
541248,17174,ASSTD RASTA KEY-CHAINS,1,16-01-2011 13:04,0.42,12748,United Kingdom,0.42
541249,23233,WRAP POPPIES  DESIGN,25,16-01-2011 13:18,0.42,13700,United Kingdom,10.5
541262,35921,EASTER BUNNY HANGING GARLAND,2,16-01-2011 15:50,1.25,18069,United Kingdom,2.5
541265,85200,BUNNY EGG BOX,2,16-01-2011 16:23,1.25,17609,United Kingdom,2.5
541265,84231,EASTER BUNNY WITH BASKET ON BACK,1,16-01-2011 16:23,0.65,17609,United Kingdom,0.65
541265,21461,BLUE EASTER EGG HUNT START POST,5,16-01-2011 16:23,1.95,17609,United Kingdom,9.75
541265,84462,3 PINK HEN+CHICKS IN BASKET,2,16-01-2011 16:23,1.25,17609,United Kingdom,2.5
541265,84461,12 PINK HEN+CHICKS IN BASKET,1,16-01-2011 16:23,2.55,17609,United Kingdom,2.55
541265,35922,EASTER BUNNY WREATH,1,16-01-2011 16:23,4.95,17609,United Kingdom,4.95
541280,47469,ASSORTED SHAPES PHOTO CLIP SILVER ,12,17-01-2011 11:57,0.65,15296,United Kingdom,7.8
541282,23232,WRAP VINTAGE PETALS  DESIGN,25,17-01-2011 12:31,0.42,17690,United Kingdom,10.5
541285,84905,PINK BUTTERFLY CUSHION COVER ,4,17-01-2011 12:45,4.95,13001,United Kingdom,19.8
541357,84806B,WHITE CANDYSTUFT ARTIFICIAL FLOWER,6,17-01-2011 14:40,1.45,14238,United Kingdom,8.7
541406,21458,2 PICTURE BOOK EGGS EASTER BUNNY,9,17-01-2011 15:19,1.25,14657,United Kingdom,11.25
541406,85198,ASSORTED FARMYARD ANIMALS IN BUCKET,14,17-01-2011 15:19,0.85,14657,United Kingdom,11.9
541421,90191,SILVER LARIAT 40CM,1,17-01-2011 17:44,12.48,,United Kingdom,12.48
541422,84796B,BLUE SAVANNAH PICNIC HAMPER FOR 2,1,17-01-2011 17:48,24.96,,United Kingdom,24.96
541431,23166,MEDIUM CERAMIC TOP STORAGE JAR,74215,18-01-2011 10:01,1.04,12346,United Kingdom,77183.6
541485,20845,ZINC HEART LATTICE 2 WALL PLANTER,1,18-01-2011 13:05,6.35,18118,United Kingdom,6.35
541485,84033,FLAG OF ST GEORGE ,1,18-01-2011 13:05,1.65,18118,United Kingdom,1.65
541497,20795,LARGE BLUE PROVENCAL CERAMIC BALL,1,18-01-2011 15:19,4.13,,United Kingdom,4.13
541571,84226,HEN HOUSE W FAMILY IN BARN & NEST,2,19-01-2011 12:38,0.85,12841,United Kingdom,1.7
C541589,79323W,WHITE CHERRY LIGHTS,-8,19-01-2011 14:44,6.75,15831,United Kingdom,-54
541593,21926,RED/CREAM STRIPE CUSHION COVER ,2,19-01-2011 15:20,1.25,17611,United Kingdom,2.5
541593,37379A,PINK CHERRY BLOSSOM CUP & SAUCER,6,19-01-2011 15:20,1.25,17611,United Kingdom,7.5
541596,35920,FOUR RABBIT EASTER DECORATIONS,10,19-01-2011 16:18,1.25,17602,United Kingdom,12.5
541606,84801A,PINK HYDRANGEA ART FLOWER,12,20-01-2011 09:25,2.1,14784,United Kingdom,25.2
541631,84592,CROCHET ROSE PURSE WITH SUEDE BACK,6,20-01-2011 10:47,2.95,12637,France,17.7
541655,84800S,SMALL WHITE/PINK ROSE ART FLOWER,6,20-01-2011 12:04,1.25,14779,United Kingdom,7.5
541655,79192A,RETRO PLASTIC 70'S TRAY,1,20-01-2011 12:04,1.25,14779,United Kingdom,1.25
541660,85130C,BEADED CRYSTAL HEART BLUE  LARGE,24,20-01-2011 12:20,1.65,17787,United Kingdom,39.6
541678,20756,GREEN FERN POCKET BOOK,3,20-01-2011 14:13,0.85,17771,United Kingdom,2.55
541685,22351,Given away,-1400,20-01-2011 15:41,0,,United Kingdom,0
541695,21320,GLASS CHALICE GREEN  LARGE ,1,20-01-2011 18:01,4.96,,United Kingdom,4.96
541695,90027C,GLASS BEAD HOOP EARRINGS GREEN,1,20-01-2011 18:01,2.9,,United Kingdom,2.9
541696,90202B,WHITE ENAMEL FLOWER HAIR TIE,2,20-01-2011 18:08,2.9,,United Kingdom,5.8
541811,22125,UNION JACK HOT WATER BOTTLE ,1,21-01-2011 15:01,12.46,,United Kingdom,12.46
541816,40046A,RED DAISY PAPER LAMPSHADE,3,21-01-2011 15:56,1.25,17799,United Kingdom,3.75
541827,85188A,GREEN METAL SWINGING BUNNY,1,21-01-2011 17:05,1.63,,United Kingdom,1.63
541832,84527,FLAMES SUNGLASSES PINK LENSES,8,21-01-2011 17:14,1.95,17889,United Kingdom,15.6
541835,72799C,PINK PILLAR CANDLE SILVER FLOCK,1,23-01-2011 10:15,2.95,17243,United Kingdom,2.95
541843,71101E,STANDING FAIRY POLE SUPPORT ,12,23-01-2011 12:08,0.85,13659,United Kingdom,10.2
541847,21457,2 PICTURE BOOK EGGS EASTER DUCKS,1,23-01-2011 13:25,1.25,15443,United Kingdom,1.25
541850,21456,2 PICTURE BOOK EGGS EASTER CHICKS,2,23-01-2011 13:58,1.25,14224,United Kingdom,2.5
541856,35647,VINTAGE BEAD PINK SHADE ,12,23-01-2011 15:16,1.25,17673,United Kingdom,15
541990,84632,DECORATIVE HANGING SHELVING UNIT,1,25-01-2011 09:01,59.95,13901,United Kingdom,59.95
541999,22764,"RUSTIC WOODEN CABINET, GLASS DOORS",2,25-01-2011 10:45,49.96,,United Kingdom,99.92
541999,90037A,TINY CRYSTAL BRACELET RED,1,25-01-2011 10:45,2.48,,United Kingdom,2.48
542100,35913B,WHITE/PINK CHICK EASTER DECORATION,5,25-01-2011 13:15,0.85,15339,United Kingdom,4.25
542100,22146,EASTER CRAFT IVY WREATH WITH CHICK,1,25-01-2011 13:15,1.95,15339,United Kingdom,1.95
542121,21476,STEEL SWEETHEART ROUND TABLE CREAM,1,25-01-2011 14:33,14.95,17515,United Kingdom,14.95
542137,37351,ORANGE FLOWER MUG ,6,25-01-2011 17:10,1.25,,United Kingdom,7.5
542255,21344,MOROCCAN BEATEN METAL DISH,1,26-01-2011 16:43,20.79,,United Kingdom,20.79
542265,84974,S/2 ZINC HEART DESIGN PLANTERS,1,26-01-2011 17:27,9.95,15867,United Kingdom,9.95
542345,72821,CUPID SCENTED CANDLE IN GLASS,2,27-01-2011 11:55,1.65,15910,United Kingdom,3.3
C542346,22596,CHRISTMAS STAR WISH LIST CHALKBOARD,-1,27-01-2011 12:00,0.72,12709,Germany,-0.72
542378,84279B,,192,27-01-2011 13:56,0,,United Kingdom,0
542391,84455,,-31,27-01-2011 14:54,0,,United Kingdom,0
542392,84227,,-2,27-01-2011 14:56,0,,United Kingdom,0
542394,84452,,65,27-01-2011 15:11,0,,United Kingdom,0
542398,90123D,WHITE HEART OF GLASS BRACELET,1,27-01-2011 15:36,5.95,13174,United Kingdom,5.95
542398,90123A,PINK HEART OF GLASS BRACELET,1,27-01-2011 15:36,5.95,13174,United Kingdom,5.95
542398,90148,LONG SILVER NECKLACE PASTEL FLOWER,1,27-01-2011 15:36,12.75,13174,United Kingdom,12.75
542398,90016B,GOLD/M.O.P PENDANT ORBIT NECKLACE,1,27-01-2011 15:36,8.5,13174,United Kingdom,8.5
542398,90016A,SILVER/M.O.P PENDANT ORBIT NECKLACE,3,27-01-2011 15:36,8.5,13174,United Kingdom,25.5
542398,84847,FLORAL BATHROOM SET,1,27-01-2011 15:36,3.75,13174,United Kingdom,3.75
542401,20898,VINTAGE NOTEBOOK TRAVELOGUE,12,27-01-2011 15:51,2.95,14541,United Kingdom,35.4
542414,84967A,,-2,27-01-2011 17:15,0,,United Kingdom,0
542415,84967B,,-1,27-01-2011 17:15,0,,United Kingdom,0
542417,84966B,,-11,27-01-2011 17:38,0,,United Kingdom,0
542418,84966A,,-17,27-01-2011 17:39,0,,United Kingdom,0
542504,37413,,5568,28-01-2011 12:03,0,,United Kingdom,0
542505,79063D,,2560,28-01-2011 12:04,0,,United Kingdom,0
542529,DCGS0055,,-1,28-01-2011 13:08,0,,United Kingdom,0
542531,DCGS0072,,-1,28-01-2011 13:08,0,,United Kingdom,0
542532,DCGS0074,,-1,28-01-2011 13:09,0,,United Kingdom,0
542541,90183C,BLACK DROP EARRINGS W LONG BEADS,1,28-01-2011 14:25,2.9,,United Kingdom,2.9
542541,DCGS0069,OOH LA LA DOGS COLLAR,1,28-01-2011 14:25,15.79,,United Kingdom,15.79
542547,20864,,-1,28-01-2011 14:45,0,,United Kingdom,0
542551,21282,,-1,28-01-2011 14:46,0,,United Kingdom,0
542553,21805,,-1,28-01-2011 14:49,0,,United Kingdom,0
542555,21841,,-1,28-01-2011 14:50,0,,United Kingdom,0
542556,22143,,-1,28-01-2011 14:50,0,,United Kingdom,0
542558,35644,,-1,28-01-2011 14:51,0,,United Kingdom,0
542559,35991,,-1,28-01-2011 14:51,0,,United Kingdom,0
542561,84424A,,-1,28-01-2011 14:52,0,,United Kingdom,0
542563,84509F,,-1,28-01-2011 14:52,0,,United Kingdom,0
542564,84526,,-1,28-01-2011 14:52,0,,United Kingdom,0
542565,84664,,-1,28-01-2011 14:52,0,,United Kingdom,0
542566,84964B,,-1,28-01-2011 14:53,0,,United Kingdom,0
542569,85028L,,-1,28-01-2011 14:53,0,,United Kingdom,0
542570,85028S,,-1,28-01-2011 14:53,0,,United Kingdom,0
542573,85110,,-1,28-01-2011 14:55,0,,United Kingdom,0
542576,85179B,,-1,28-01-2011 14:56,0,,United Kingdom,0
542579,90000C,,-1,28-01-2011 14:57,0,,United Kingdom,0
542580,90095,,-1,28-01-2011 14:58,0,,United Kingdom,0
542581,90091,,-1,28-01-2011 14:58,0,,United Kingdom,0
542582,DCGS0057,,-6,28-01-2011 15:01,0,,United Kingdom,0
542595,84465,15 PINK FLUFFY CHICKS IN BOX,2,30-01-2011 10:19,2.95,14040,United Kingdom,5.9
542607,20851,ZINC HEART LATTICE TRAY OVAL ,2,30-01-2011 13:48,5.95,13148,United Kingdom,11.9
542610,84715,SET OF 6 ICE CREAM SKITTLES,8,30-01-2011 14:05,2.95,13148,United Kingdom,23.6
542613,84919,BLUE CUSHION COVER WITH FLOWER,2,30-01-2011 14:36,6.95,17431,United Kingdom,13.9
542613,84907,PINK YELLOW PATCH CUSHION COVER,2,30-01-2011 14:36,7.65,17431,United Kingdom,15.3
542617,85024B,EAU DE NILE JEWELLED PHOTOFRAME,3,30-01-2011 15:48,1.65,17463,United Kingdom,4.95
542622,35637C,PINK STRING CURTAIN WITH POLE,1,31-01-2011 09:09,19.13,,United Kingdom,19.13
542678,71496B,A4 WALL TIDY RED FLOWERS,4,31-01-2011 12:21,0.65,14688,United Kingdom,2.6
542731,17028J,INCENSE BAZAAR PEACH,6,31-01-2011 15:27,0.42,13600,United Kingdom,2.52
542731,17084A,TRANQUILITY MASALA INCENSE,50,31-01-2011 15:27,0.21,13600,United Kingdom,10.5
542731,84795C,OCEAN STRIPE HAMMOCK ,2,31-01-2011 15:27,7.95,13600,United Kingdom,15.9
542741,62074B,ELEPHANT CLIP W SUCTION CUP,10,31-01-2011 16:02,0.42,17375,United Kingdom,4.2
C542866,85063,CREAM SWEETHEART MAGAZINE RACK,-2,01-02-2011 12:14,14.95,15311,United Kingdom,-29.9
542868,84801B,WHITE HYDRANGEA ART FLOWER,6,01-02-2011 12:25,2.1,16419,United Kingdom,12.6
542868,84805A,CREAM CLIMBING HYDRANGA ART FLOWER,6,01-02-2011 12:25,3.75,16419,United Kingdom,22.5
542890,17136A,BLUE STONES ON WIRE FOR CANDLE,4,01-02-2011 13:25,0.21,15311,United Kingdom,0.84
543001,84708B,PINK JEWELLED PHOTO FRAME ,4,02-02-2011 12:26,4.95,14127,United Kingdom,19.8
543022,44089A,PINK GAUZE BUTTERFLY LAMPSHADE,4,02-02-2011 14:37,0.42,16771,United Kingdom,1.68
543022,84723,CHERRY BLOSSOM CANVAS ART PICTURE,1,02-02-2011 14:37,7.95,16771,United Kingdom,7.95
543022,22038,BOTANICAL LAVENDER GIFT WRAP ,25,02-02-2011 14:37,0.42,16771,United Kingdom,10.5
543049,79063C,,320,03-02-2011 10:09,0,,United Kingdom,0
543051,79062D,,960,03-02-2011 10:15,0,,United Kingdom,0
543121,90098,NECKLACE+BRACELET PINK BUTTERFLY,6,03-02-2011 13:58,2.55,12662,Germany,15.3
543126,15058C,ICE CREAM DESIGN GARDEN PARASOL,4,03-02-2011 14:41,7.95,13581,United Kingdom,31.8
543161,22989,SET 2 PANTRY DESIGN TEA TOWELS,6,03-02-2011 17:01,2.95,14497,United Kingdom,17.7
543254,35645,,18,04-02-2011 15:40,0,,United Kingdom,0
543257,84611B,thrown away,-1430,04-02-2011 16:06,0,,United Kingdom,0
543259,84612B,thrown away,-162,04-02-2011 16:07,0,,United Kingdom,0
543266,82095,,-5,04-02-2011 17:24,0,,United Kingdom,0
543268,84306,,3,04-02-2011 17:24,0,,United Kingdom,0
543271,21087,,-6,04-02-2011 17:26,0,,United Kingdom,0
543277,22990,COTTON APRON PANTRY DESIGN,4,06-02-2011 14:33,4.95,15808,United Kingdom,19.8
543300,85092,CANDY SPOT TEA COSY,3,07-02-2011 11:42,3.35,13334,United Kingdom,10.05
543308,35969,,-3,07-02-2011 12:04,0,,United Kingdom,0
543358,DCGSSBOY,BOYS PARTY BAG,1,07-02-2011 14:04,3.29,,United Kingdom,3.29
543358,DCGSSGIRL,GIRLS PARTY BAG,3,07-02-2011 14:04,3.29,,United Kingdom,9.87
543371,35815P,"ACRYLIC JEWEL SNOWFLAKE, PINK",1,07-02-2011 14:53,2.1,14048,United Kingdom,2.1
543397,21228,"POCKET MIRROR ""GLAMOROUS""",1,08-02-2011 10:32,1.25,17859,United Kingdom,1.25
543530,72812,LARGE ZINC GLASS CANDLEHOLDER,2,09-02-2011 12:46,4.13,,United Kingdom,8.26
543543,75172,PAINTED SEA SHELL METAL WINDCHIME,2,09-02-2011 15:33,3.75,17843,United Kingdom,7.5
543547,45013,FOLDING SHOE TIDY,2,09-02-2011 16:57,2.95,17358,United Kingdom,5.9
543548,21636,MADRAS NOTEBOOK MEDIUM,6,10-02-2011 09:21,2.55,13706,United Kingdom,15.3
543610,71510,SQUARE METAL CANDLEHOLDER BASE,12,10-02-2011 14:30,0.85,16425,United Kingdom,10.2
543641,44265,M/COLOUR POM-POM CURTAIN,2,10-02-2011 17:19,4.25,14555,United Kingdom,8.5
543777,90064B,BLACK VINTAGE  CRYSTAL EARRINGS,1,11-02-2011 16:19,3.75,15406,United Kingdom,3.75
543777,90064A,WHITE VINTAGE CRYSTAL EARRINGS,1,11-02-2011 16:20,3.75,15406,United Kingdom,3.75
543777,90063A,WHITE VINT ART DECO CRYSTAL NECKLAC,1,11-02-2011 16:20,8.5,15406,United Kingdom,8.5
543777,90063B,BLACK VINT ART DEC CRYSTAL NECKLACE,1,11-02-2011 16:20,8.5,15406,United Kingdom,8.5
543777,90029,NEW BAROQUE SMALL NECKLACE BLACK,1,11-02-2011 16:20,8.5,15406,United Kingdom,8.5
543809,44089C,LILAC GAUZE BUTTERFLY LAMPSHADE,8,13-02-2011 13:52,0.42,17095,United Kingdom,3.36
543809,44236,PINK/PURPLE CIRCLE CURTAIN,4,13-02-2011 13:52,4.65,17095,United Kingdom,18.6
543826,21898,POTTING SHED ROSE CANDLE,4,14-02-2011 09:41,2.46,,United Kingdom,9.84
543826,90024B,NEW BAROQUE B'FLY NECKLACE RED,1,14-02-2011 09:41,8.32,,United Kingdom,8.32
543899,84798B,PURPLE FOXGLOVE ARTIIFCIAL FLOWER,4,14-02-2011 12:11,2.55,,EIRE,10.2
543899,84803A,PINK ALLIUM  ARTIFICIAL FLOWER,3,14-02-2011 12:11,1.69,,EIRE,5.07
543914,21681,GIANT MEDINA STAMPED METAL BOWL ,1,14-02-2011 13:19,9.95,14715,United Kingdom,9.95
543921,35909B,PINK FLOWERS RABBIT EASTER,6,14-02-2011 14:13,2.95,13911,United Kingdom,17.7
543975,90180B,PURPLE AMETHYST NECKLACE W TASSEL,1,14-02-2011 15:23,9.95,17231,United Kingdom,9.95
543975,90152C,BLUE/NAT SHELL NECKLACE W PENDANT,1,14-02-2011 15:23,5.95,17231,United Kingdom,5.95
544070,84859C,PINK DISCO HANDBAG,2,15-02-2011 14:19,5.95,15370,United Kingdom,11.9
544160,79406,FROSTED WHITE BASE ,6,16-02-2011 12:49,0.22,16494,United Kingdom,1.32
544163,22980,PANTRY SCRUBBING BRUSH,12,16-02-2011 13:02,1.65,16875,United Kingdom,19.8
544182,22993,SET OF 4 PANTRY JELLY MOULDS,12,16-02-2011 15:13,1.25,18257,United Kingdom,15
544190,23006,TRAVEL CARD WALLET FLOWER MEADOW,24,16-02-2011 16:56,0.42,13089,United Kingdom,10.08
544190,23004,TRAVEL CARD WALLET PANTRY,24,16-02-2011 16:56,0.42,13089,United Kingdom,10.08
544190,23002,TRAVEL CARD WALLET SKULLS,24,16-02-2011 16:56,0.42,13089,United Kingdom,10.08
544190,23003,TRAVEL CARD WALLET VINTAGE ROSE ,24,16-02-2011 16:56,0.42,13089,United Kingdom,10.08
544190,23000,TRAVEL CARD WALLET TRANSPORT,24,16-02-2011 16:56,0.42,13089,United Kingdom,10.08
544190,22994,TRAVEL CARD WALLET RETROSPOT,24,16-02-2011 16:56,0.42,13089,United Kingdom,10.08
544190,22998,TRAVEL CARD WALLET KEEP CALM,24,16-02-2011 16:56,0.42,13089,United Kingdom,10.08
544278,22991,GIRAFFE WOODEN RULER,12,17-02-2011 12:01,1.95,15382,United Kingdom,23.4
544278,22992,REVOLVER WOODEN RULER ,12,17-02-2011 12:01,1.95,15382,United Kingdom,23.4
544298,22999,TRAVEL CARD WALLET RETRO PETALS,24,17-02-2011 12:51,0.36,14298,United Kingdom,8.64
544298,22995,TRAVEL CARD WALLET SUKI,24,17-02-2011 12:51,0.36,14298,United Kingdom,8.64
544298,22996,TRAVEL CARD WALLET VINTAGE TICKET,24,17-02-2011 12:51,0.36,14298,United Kingdom,8.64
544303,22978,PANTRY ROLLING PIN,2,17-02-2011 13:28,3.75,18116,United Kingdom,7.5
544304,22997,TRAVEL CARD WALLET UNION JACK,2,17-02-2011 13:47,0.42,18125,United Kingdom,0.84
544304,23005,TRAVEL CARD WALLET I LOVE LONDON,2,17-02-2011 13:47,0.42,18125,United Kingdom,0.84
544317,20837,FRENCH FLORAL CUSHION COVER ,12,17-02-2011 14:51,2.95,18138,United Kingdom,35.4
544317,47341A,FUSCHIA TABLE RUN FLOWER ,2,17-02-2011 14:51,3.75,18138,United Kingdom,7.5
544434,37491D,PURPLE/BLUE CERAMIC CANDLE HOLDER,2,18-02-2011 16:12,3.29,,United Kingdom,6.58
544438,44092C,PURPLE/COPPER HANGING LAMPSHADE,1,18-02-2011 17:24,0.85,,United Kingdom,0.85
544453,79331,PINK FLOCK GLASS CANDLEHOLDER,6,20-02-2011 13:06,1.65,17214,United Kingdom,9.9
544461,44092B,BLUE WHITE PLASTIC RINGS LAMPSHADE,6,20-02-2011 14:08,0.85,13744,United Kingdom,5.1
544463,90065A,WHITE VINTAGE CRYSTAL BRACELET,2,20-02-2011 14:31,6.75,12988,United Kingdom,13.5
544463,90026D,GLASS BEAD HOOP NECKLACE AMETHYST,1,20-02-2011 14:31,8.5,12988,United Kingdom,8.5
544463,90000A,RASPBERRY ANT COPPER FLOWER NECKLAC,1,20-02-2011 14:31,5.95,12988,United Kingdom,5.95
544463,90026C,GLASS BEAD HOOP NECKLACE GREEN,1,20-02-2011 14:31,8.5,12988,United Kingdom,8.5
544463,90026B,GLASS BEAD HOOP NECKLACE MONTANA,1,20-02-2011 14:31,8.5,12988,United Kingdom,8.5
544465,35638A,PINK AND BLACK STRING CURTAIN,1,20-02-2011 15:06,5.95,13168,United Kingdom,5.95
544482,84691,PACK 20 DOLLY PEGS,80,21-02-2011 10:41,0.72,16656,United Kingdom,57.6
C544653,85065,CREAM SWEETHEART TRAYS,-1,22-02-2011 12:55,12.75,13113,United Kingdom,-12.75
544681,84858C,PINK RIVIERA HANDBAG,1,22-02-2011 16:28,11.63,,United Kingdom,11.63
544795,84466,TOP SECRET PEN SET,1,23-02-2011 13:21,1.25,15858,United Kingdom,1.25
544812,84687,BEACH HUT SHELF W 3 DRAWERS,1,23-02-2011 15:58,11.63,,United Kingdom,11.63
544887,90100,NECKLACE+BRACELET SET PINK DAISY,1,24-02-2011 11:54,2.55,17364,United Kingdom,2.55
544945,84809B,PINK CHRYSANTHEMUMS ART FLOWER,18,25-02-2011 10:53,2.1,17735,United Kingdom,37.8
545038,72140E,BEST DAD CANDLE LETTERS,1,27-02-2011 10:13,0.85,13684,United Kingdom,0.85
545060,10080,GROOVY CACTUS INFLATABLE,2,27-02-2011 13:47,0.85,15547,United Kingdom,1.7
545182,17001,HEAVENS SCENT FRAGRANCE OILS ASSTD,72,28-02-2011 14:48,0.29,14046,United Kingdom,20.88
545182,71050,SMALL SINGLE FLAME CANDLE HOLDER,6,28-02-2011 14:48,0.35,14046,United Kingdom,2.1
545216,90124A,PINK MURANO TWIST NECKLACE,1,28-02-2011 16:50,9.98,,United Kingdom,9.98
545216,90135,ORANGE/WHT/FUSCHIA STONES NECKLACE,2,28-02-2011 16:50,4.98,,United Kingdom,9.96
545216,90157,RIVIERA NECKLACE,1,28-02-2011 16:50,4.98,,United Kingdom,4.98
545216,90176A,CLASSIC DIAMANTE NECKLACE JET,1,28-02-2011 16:50,7.48,,United Kingdom,7.48
545216,90176C,DIAMANTE NECKLACE,1,28-02-2011 16:50,8.32,,United Kingdom,8.32
545216,90177A,CLASSIC DIAMANTE EARRINGS JET,1,28-02-2011 16:50,2.9,,United Kingdom,2.9
545216,90187A,BLUE DROP EARRINGS W BEAD CLUSTER,1,28-02-2011 16:50,3.32,,United Kingdom,3.32
545217,90001A,ANTIQUE RASPBERRY FLOWER EARRINGS,1,28-02-2011 16:59,4.15,,United Kingdom,4.15
545219,20738,,-36,28-02-2011 17:04,0,,United Kingdom,0
545302,84802B,PURPLE ANEMONE ARTIFICIAL FLOWER,4,01-03-2011 12:46,1.69,14506,United Kingdom,6.76
545302,84803B,WHITE ALLIUM  ARTIFICIAL FLOWER,4,01-03-2011 12:46,1.69,14506,United Kingdom,6.76
545338,23182,TOILET SIGN OCCUPIED OR VACANT,4,01-03-2011 17:32,0.83,17449,United Kingdom,3.32
545338,20796,SMALL BLUE PROVENCAL CERAMIC BALL,4,01-03-2011 17:32,1.65,17449,United Kingdom,6.6
545339,22979,PANTRY WASHING UP BRUSH,12,02-03-2011 08:26,1.45,14292,United Kingdom,17.4
545408,23177,TREASURE ISLAND BOOK BOX,8,02-03-2011 12:10,2.25,15067,United Kingdom,18
545408,23193,BUFFALO BILL TREASURE BOOK BOX,8,02-03-2011 12:10,2.25,15067,United Kingdom,18
545408,23194,GYMKHANNA TREASURE BOOK BOX,8,02-03-2011 12:10,2.25,15067,United Kingdom,18
545408,23176,ABC TREASURE BOOK BOX ,8,02-03-2011 12:10,2.25,15067,United Kingdom,18
545410,22982,PANTRY PASTRY BRUSH,12,02-03-2011 12:18,1.25,16670,United Kingdom,15
545445,23126,DOLLCRAFT GIRL AMELIE KIT,4,02-03-2011 16:26,4.95,17738,United Kingdom,19.8
545445,23127,DOLLCRAFT GIRL NICOLE,4,02-03-2011 16:26,4.95,17738,United Kingdom,19.8
545460,16020C,CLEAR STATIONERY BOX SET ,2,02-03-2011 17:33,0.85,13230,United Kingdom,1.7
545464,90016C,SILVER/BLACK PENDANT ORBIT NECKLACE,1,03-03-2011 09:10,8.32,,United Kingdom,8.32
545464,90025D,BAROQUE BUTTERFLY EARRINGS PINK,1,03-03-2011 09:10,3.73,,United Kingdom,3.73
545530,23128,FELTCRAFT BOY JEAN-PAUL KIT,4,03-03-2011 13:45,4.95,17416,United Kingdom,19.8
545545,23183,MOTHER'S KITCHEN SPOON REST ,1,03-03-2011 15:02,3.75,17841,United Kingdom,3.75
545545,23179,CLOCK MAGNET MUM'S KITCHEN,1,03-03-2011 15:02,2.89,17841,United Kingdom,2.89
545545,23178,JAM CLOCK MAGNET,1,03-03-2011 15:02,2.89,17841,United Kingdom,2.89
545545,22981,PANTRY APPLE CORER,1,03-03-2011 15:02,1.45,17841,United Kingdom,1.45
545562,20689,,-5,03-03-2011 16:12,0,,United Kingdom,0
545565,47563B,,-10,03-03-2011 16:14,0,,United Kingdom,0
545566,37477D,,-9,03-03-2011 16:14,0,,United Kingdom,0
545587,37423,WHITE WITH BLACK CATS PLATE,6,04-03-2011 09:46,0.85,14796,United Kingdom,5.1
545587,23180,MUM'S KITCHEN CLOCK,1,04-03-2011 09:46,4.95,14796,United Kingdom,4.95
545656,23049,RECYCLED ACAPULCO MAT RED,2,04-03-2011 13:58,8.25,14057,United Kingdom,16.5
545656,23053,RECYCLED ACAPULCO MAT PINK,2,04-03-2011 13:58,8.25,14057,United Kingdom,16.5
545656,23054,RECYCLED ACAPULCO MAT LAVENDER,2,04-03-2011 13:58,8.25,14057,United Kingdom,16.5
545656,23050,RECYCLED ACAPULCO MAT GREEN,2,04-03-2011 13:58,8.25,14057,United Kingdom,16.5
545656,23052,RECYCLED ACAPULCO MAT TURQUOISE,2,04-03-2011 13:58,8.25,14057,United Kingdom,16.5
545656,23051,RECYCLED ACAPULCO MAT BLUE,2,04-03-2011 13:58,8.25,14057,United Kingdom,16.5
545660,79026B,"S/4 ICON COASTER,ELVIS LIVES",1,04-03-2011 14:28,1.25,17191,United Kingdom,1.25
545662,23185,FRENCH STYLE STORAGE JAR JAM,12,04-03-2011 14:42,1.25,15358,United Kingdom,15
545669,23184,BULL DOG BOTTLE OPENER,5,06-03-2011 10:05,4.95,17243,United Kingdom,24.75
545682,90084,PINK CRYSTAL GUITAR PHONE CHARM,1,06-03-2011 11:39,0.85,14701,United Kingdom,0.85
545690,35607B,BLACK FEATHER CHRISTMAS DECORATION,1,06-03-2011 12:46,0.19,13263,United Kingdom,0.19
545812,90038C,GLASS AND BEADS BRACELET IVORY,6,07-03-2011 12:26,3.75,14214,United Kingdom,22.5
545872,62096B,PURPLE/TURQ FLOWERS HANDBAG,2,07-03-2011 14:51,1.25,15752,United Kingdom,2.5
545895,gift_0001_10,Dotcomgiftshop Gift Voucher £10.00,1,07-03-2011 17:14,8.33,,United Kingdom,8.33
545899,84593,CROCHET ROSE DES CLOTHES HANGER,2,07-03-2011 17:30,2.95,17817,United Kingdom,5.9
545901,16248B,BLUE HOLE PUNCH,2,07-03-2011 17:52,1.25,15834,United Kingdom,2.5
545906,23181,BULL DOG BOTTLE TOP WALL CLOCK,2,08-03-2011 09:23,8.25,15764,United Kingdom,16.5
545937,23187,FRENCH STYLE STORAGE JAR BONBONS,12,08-03-2011 12:05,1.25,12758,Portugal,15
546017,23186,FRENCH STYLE STORAGE JAR CAFE ,6,08-03-2011 17:23,1.25,14507,United Kingdom,7.5
546085,84535A,,144,09-03-2011 11:32,0,,United Kingdom,0
546108,84086B,YELLOW/BLUE RETRO RADIO,2,09-03-2011 12:35,2.95,15529,United Kingdom,5.9
546109,23010,CIRCUS PARADE BABY GIFT SET,1,09-03-2011 12:37,16.95,,United Kingdom,16.95
546109,23007, SPACEBOY BABY GIFT SET,1,09-03-2011 12:37,16.95,,United Kingdom,16.95
546126,35611B,thrown away,-27,09-03-2011 14:52,0,,United Kingdom,0
546132,23009,I LOVE LONDON BABY GIFT SET,18,09-03-2011 15:17,14.95,15057,United Kingdom,269.1
546133,23008,DOLLY GIRL BABY GIFT SET,6,09-03-2011 15:20,14.95,14291,United Kingdom,89.7
546152,72140F,throw away,-5368,09-03-2011 17:25,0,,United Kingdom,0
546396,16202A,PASTEL PINK PHOTO ALBUM ,3,11-03-2011 14:35,0.5,13226,United Kingdom,1.5
546406,21395,BLUE POLKADOT BEAKER ,1,11-03-2011 16:21,1.63,,United Kingdom,1.63
C546416,85098B,BLUE FLYING SINGING CANARY,-1,13-03-2011 10:48,3.75,14800,United Kingdom,-3.75
546498,84842,HELLO SAILOR BATHROOM SET,1,14-03-2011 11:44,3.75,15493,United Kingdom,3.75
546625,16161G,WRAP BAD HAIR DAY,25,15-03-2011 11:45,0.1,17542,United Kingdom,2.5
546673,23348,,48,15-03-2011 16:11,0,,United Kingdom,0
546861,16259,PIECE OF CAMO STATIONERY SET,108,17-03-2011 15:03,0.21,14911,EIRE,22.68
546866,47013A,WINE BOTTLE DRESSING LT.BLUE,6,17-03-2011 15:47,0.29,14462,United Kingdom,1.74
546891,22687,DOORMAT CHRISTMAS VILLAGE,1,17-03-2011 18:18,15.79,,United Kingdom,15.79
546957,90075,MONTANA DIAMOND CLUSTER NECKLACE,1,18-03-2011 11:32,8.95,,United Kingdom,8.95
546957,90068,"RUBY GLASS NECKLACE 42""",1,18-03-2011 11:32,7.5,,United Kingdom,7.5
547005,35910B,PINK FLOWERS RABBIT EASTER,6,18-03-2011 14:20,1.95,12474,Germany,11.7
547028,84750A,PINK SMALL GLASS CAKE STAND,24,20-03-2011 10:13,1.95,13593,United Kingdom,46.8
547035,78033,FLAG OF ST GEORGE CHAIR,2,20-03-2011 10:33,5.95,13911,United Kingdom,11.9
547062,37488A,YELLOW PINK FLOWER DESIGN BIG BOWL,2,20-03-2011 13:28,0.39,16728,United Kingdom,0.78
547062,85030,FRENCH CHATEAU OVAL PLATTER,2,20-03-2011 13:28,1.95,16728,United Kingdom,3.9
547079,21637,ASSORTED SANSKRIT MINI NOTEBOOK,18,20-03-2011 15:02,1.25,15408,United Kingdom,22.5
547083,47344B,BLUE FLOWER DES PURSE,3,20-03-2011 15:21,1.25,15452,United Kingdom,3.75
547114,46126A,ELVIS WALLHANGING / CURTAIN,2,21-03-2011 11:49,1.25,14688,United Kingdom,2.5
547248,90182B,AMETHYST 3 BEAD DROP EARRINGS,1,22-03-2011 09:23,2.9,,United Kingdom,2.9
547358,37330,BIG POLKADOT MUG,6,22-03-2011 12:25,0.39,15998,United Kingdom,2.34
547385,90124C,GREEN MURANO TWIST NECKLACE,1,22-03-2011 15:48,9.98,,United Kingdom,9.98
547497,90131,PINK/AMETHYST/GOLD NECKLACE,4,23-03-2011 12:15,6.95,14461,United Kingdom,27.8
547556,85224,ASSORTED COLOUR SILK GLASSES CASE,3,23-03-2011 16:45,2.1,17250,United Kingdom,6.3
547559,72759,thrown away-can't sell.,-524,23-03-2011 17:27,0,,United Kingdom,0
547560,72732,thrown away-can't sell,-2472,23-03-2011 17:28,0,,United Kingdom,0
547561,23077,DOUGHNUT LIP GLOSS ,20,24-03-2011 08:44,1.25,14129,United Kingdom,25
547567,23076,ICE CREAM SUNDAE LIP GLOSS,24,24-03-2011 09:44,1.25,17644,United Kingdom,30
547579,23078,ICE CREAM PEN LIP GLOSS ,48,24-03-2011 10:40,1.25,13089,United Kingdom,60
547651,21770,OPEN CLOSED METAL SIGN,2,24-03-2011 12:11,4.95,16904,United Kingdom,9.9
547658,47013C,WINE BOTTLE DRESSING DARK BLUE,2,24-03-2011 13:04,0.29,13736,United Kingdom,0.58
547663,84548,CROCHET BEAR RED/BLUE  KEYRING,10,24-03-2011 13:16,1.65,16022,United Kingdom,16.5
547669,15030,FAN BLACK FRAME ,5,24-03-2011 13:37,0.29,12748,United Kingdom,1.45
547696,35809B,,12,24-03-2011 16:07,0,,United Kingdom,0
547701,84559D,,-7,24-03-2011 16:42,0,,United Kingdom,0
547730,23159,SET OF 5 PANCAKE DAY MAGNETS,1,25-03-2011 11:01,2.08,14796,United Kingdom,2.08
547730,23154,SET OF 4 JAM JAR MAGNETS,1,25-03-2011 11:01,2.08,14796,United Kingdom,2.08
547730,23156,SET OF 5 MINI GROCERY MAGNETS,1,25-03-2011 11:01,2.08,14796,United Kingdom,2.08
547730,23155,KNICKERBOCKERGLORY MAGNET ASSORTED ,6,25-03-2011 11:01,0.83,14796,United Kingdom,4.98
547809,84569C,PACK 4 FLOWER/BUTTERFLY PATCHES,1,25-03-2011 13:54,1.25,12748,United Kingdom,1.25
547821,23158,SET OF 5 LUCKY CAT MAGNETS ,120,25-03-2011 14:50,1.85,12621,Germany,222
547833,85145,JARDIN ETCHED GLASS LARGE BELL JAR,1,25-03-2011 17:34,12.75,16780,United Kingdom,12.75
547871,21839,MUMMY MOUSE RED GINGHAM RIBBON,1,27-03-2011 14:28,5.45,16931,United Kingdom,5.45
547995,35823P,,-12,29-03-2011 10:20,0,,United Kingdom,0
548095,20850,,-3,29-03-2011 12:17,0,,United Kingdom,0
548098,21283,,-15,29-03-2011 12:17,0,,United Kingdom,0
548205,21614,,48,29-03-2011 16:51,0,,United Kingdom,0
548269,22036,,-45,30-03-2011 11:35,0,,United Kingdom,0
548310,84856S,SMALL TAHITI BEACH BAG,4,30-03-2011 12:04,4.65,,United Kingdom,18.6
548310,20821,GOLDIE LOOKING MIRROR,1,30-03-2011 12:04,4.95,,United Kingdom,4.95
548365,79172D,,-7,30-03-2011 15:49,0,,United Kingdom,0
548492,84743C,ORANGE FELT VASE + FLOWERS,1,31-03-2011 13:14,1.25,17841,United Kingdom,1.25
548496,23157,SET OF 6 NATIVITY MAGNETS ,1,31-03-2011 13:40,2.08,12678,France,2.08
548522,84549,CROCHET WHITE RABBIT KEYRING ,3,31-03-2011 16:43,3.29,,United Kingdom,9.87
548545,90014C,SILVER/BLACK ORBIT NECKLACE,1,31-03-2011 19:12,9.95,13118,United Kingdom,9.95
548666,35649,VINTAGE BEAD COSMETIC BAG ,6,01-04-2011 14:58,3.35,13124,United Kingdom,20.1
548676,72800F,,-5,01-04-2011 16:40,0,,United Kingdom,0
548677,72781,,-30,01-04-2011 16:40,0,,United Kingdom,0
548678,35015,,-9,01-04-2011 16:41,0,,United Kingdom,0
548679,72793,,-3,01-04-2011 16:42,0,,United Kingdom,0
548682,72789,,-2,01-04-2011 16:44,0,,United Kingdom,0
548685,85018B,,-2,01-04-2011 16:47,0,,United Kingdom,0
548808,84686,BEACH HUT MIRROR,1,04-04-2011 12:55,4.25,17774,United Kingdom,4.25
548887,35824B,,-8,04-04-2011 15:24,0,,United Kingdom,0
548888,84726,,-14,04-04-2011 15:25,0,,United Kingdom,0
548889,84875A,,-17,04-04-2011 15:26,0,,United Kingdom,0
548890,84876C,,-19,04-04-2011 15:26,0,,United Kingdom,0
548894,84576,BLUE CAT BISCUIT BARREL PINK HEART,1,04-04-2011 16:01,4.13,,United Kingdom,4.13
549001,84845D,,-5,05-04-2011 14:35,0,,United Kingdom,0
549004,21274,,-3,05-04-2011 14:37,0,,United Kingdom,0
549009,21474,,-8,05-04-2011 14:39,0,,United Kingdom,0
549031,10134,,-19,05-04-2011 17:04,0,,United Kingdom,0
549033,16254,,-5,05-04-2011 17:08,0,,United Kingdom,0
549043,84990,,-24,05-04-2011 17:26,0,,United Kingdom,0
549116,84877A,PINK ROUND COMPACT MIRROR,12,06-04-2011 12:49,1.25,16670,United Kingdom,15
549116,84875D,BLUE SQUARE COMPACT MIRROR,12,06-04-2011 12:49,1.25,16670,United Kingdom,15
549142,35650,,-24,06-04-2011 15:26,0,,United Kingdom,0
549150,79336,,-47,06-04-2011 15:32,0,,United Kingdom,0
549157,21511,,-9,06-04-2011 17:13,0,,United Kingdom,0
549160,81953P,,-7,06-04-2011 17:15,0,,United Kingdom,0
549170,82545A,,-4,06-04-2011 17:25,0,,United Kingdom,0
549171,84251F,,-2,06-04-2011 17:26,0,,United Kingdom,0
549176,35603B,,-12,06-04-2011 17:31,0,,United Kingdom,0
549178,47502,,-19,06-04-2011 17:33,0,,United Kingdom,0
549179,84007,,-3,06-04-2011 17:34,0,,United Kingdom,0
549238,23254,CHILDRENS CUTLERY DOLLY GIRL ,2,07-04-2011 11:30,4.15,14667,United Kingdom,8.3
549238,23256,CHILDRENS CUTLERY SPACEBOY ,2,07-04-2011 11:30,4.15,14667,United Kingdom,8.3
549264,21337,,-21,07-04-2011 12:45,0,,United Kingdom,0
549267,46037A,,-5,07-04-2011 12:46,0,,United Kingdom,0
549330,84251J,,-28,08-04-2011 10:53,0,,United Kingdom,0
549331,40018F,,-22,08-04-2011 10:54,0,,United Kingdom,0
549332,84864A,,-2,08-04-2011 10:55,0,,United Kingdom,0
549342,35818B,,-53,08-04-2011 11:06,0,,United Kingdom,0
549344,21825,,-14,08-04-2011 11:08,0,,United Kingdom,0
549349,10123G,,-38,08-04-2011 11:13,0,,United Kingdom,0
549355,84899F,,-5,08-04-2011 11:21,0,,United Kingdom,0
549375,20863,,-6,08-04-2011 11:29,0,,United Kingdom,0
549458,62097B,,-6,08-04-2011 14:19,0,,United Kingdom,0
549459,62043B,,7,08-04-2011 14:20,0,,United Kingdom,0
549466,20816,,-11,08-04-2011 14:22,0,,United Kingdom,0
549550,90024D,NEW BAROQUE B'FLY NECKLACE PINK,1,10-04-2011 11:45,8.5,15038,United Kingdom,8.5
549556,23255,CHILDRENS CUTLERY CIRCUS PARADE,2,10-04-2011 12:53,4.15,17372,United Kingdom,8.3
549569,22039,BOTANICAL LILY GIFT WRAP,25,10-04-2011 15:15,0.42,15547,United Kingdom,10.5
549570,90025A,BAROQUE BUTTERFLY EARRINGS BLACK,1,10-04-2011 15:19,3.75,17550,United Kingdom,3.75
549646,37487B,YELLOW/ORANGE FLOWER DESIGN PLATE,8,11-04-2011 11:51,0.29,12982,United Kingdom,2.32
C549666,84839,SWEETHEART KEY CABINET,-1,11-04-2011 12:17,5.55,13113,United Kingdom,-5.55
549732,23205,CHARLOTTE BAG VINTAGE ALPHABET ,10,11-04-2011 16:47,0.85,15615,United Kingdom,8.5
549732,23201,JUMBO BAG ALPHABET,10,11-04-2011 16:47,2.08,15615,United Kingdom,20.8
549732,23207,LUNCH BAG ALPHABET DESIGN,10,11-04-2011 16:47,1.65,15615,United Kingdom,16.5
549732,23199,JUMBO BAG APPLES,10,11-04-2011 16:47,2.08,15615,United Kingdom,20.8
549732,23206,LUNCH BAG APPLE DESIGN,10,11-04-2011 16:47,1.65,15615,United Kingdom,16.5
549732,23204,CHARLOTTE BAG APPLES DESIGN,10,11-04-2011 16:47,0.85,15615,United Kingdom,8.5
549740,23208,LUNCH BAG VINTAGE LEAF DESIGN,20,12-04-2011 09:49,1.65,15981,United Kingdom,33
550137,44242B,PINK FEATHERS CURTAIN,20,14-04-2011 13:59,1.25,12477,Germany,25
550193,PADS,PADS TO MATCH ALL CUSHIONS,1,15-04-2011 09:27,0.001,13952,United Kingdom,0.001
550298,84731,3 BIRDS CANVAS SCREEN,1,15-04-2011 16:11,1.65,17346,United Kingdom,1.65
550298,23065,LARGE DECO JEWELLERY STAND,1,15-04-2011 16:11,12.5,17346,United Kingdom,12.5
550331,16202B,PASTEL BLUE PHOTO ALBUM ,5,17-04-2011 13:43,0.5,15555,United Kingdom,2.5
550359,23060,HEART BEADED TRELLIS DECORATION,2,18-04-2011 10:41,2.08,17841,United Kingdom,4.16
550361,23057,GEMSTONE CHANDELIER T-LIGHT HOLDER,48,18-04-2011 11:10,4.15,13082,United Kingdom,199.2
550458,23253,16 PIECE CUTLERY SET PANTRY DESIGN,1,18-04-2011 13:13,33.29,,United Kingdom,33.29
550471,90181C,BLACK GLASS/SHELL/PEARL NECKLACE,1,18-04-2011 13:52,9.15,,United Kingdom,9.15
550477,23066,SMALL DECO JEWELLERY STAND,2,18-04-2011 14:01,8.25,17338,United Kingdom,16.5
550477,23068,ALUMINIUM STAMPED HEART,4,18-04-2011 14:01,2.49,17338,United Kingdom,9.96
550487,23075,DOUBLE CERAMIC PARLOUR HOOK,4,18-04-2011 14:21,4.15,18219,United Kingdom,16.6
550490,23153,ZINC SWEETHEART WIRE LETTER RACK,4,18-04-2011 14:32,3.75,17054,United Kingdom,15
550499,90036C,"FLOWER GLASS GARLAND NECKL.36""BLUE",1,18-04-2011 15:16,7.9,,United Kingdom,7.9
550517,23073,GEORGIAN TRINKET BOX,2,19-04-2011 08:17,12.5,14352,United Kingdom,25
550542,90135A,ORANGE/FUSCHIA STONES NECKLACE,1,19-04-2011 11:37,4.98,,United Kingdom,4.98
550542,90159,COTE D'AZURE NECKLACE,1,19-04-2011 11:37,4.98,,United Kingdom,4.98
550622,23146,TRIPLE HOOK ANTIQUE IVORY ROSE,1,19-04-2011 13:49,3.29,13735,United Kingdom,3.29
550624,23061,VINTAGE EMBOSSED HEART,12,19-04-2011 13:57,1.25,14201,United Kingdom,15
550630,20823,GOLD WINE GOBLET,48,19-04-2011 14:49,0.79,14298,United Kingdom,37.92
550630,20827,GOLD APERITIF GLASS,72,19-04-2011 14:49,0.39,14298,United Kingdom,28.08
550632,23055,IVORY CHANDELIER T-LIGHT HOLDER,1,19-04-2011 14:56,6.25,16907,United Kingdom,6.25
550632,23056,FLOWERS CHANDELIER T-LIGHT HOLDER,1,19-04-2011 14:56,6.25,16907,United Kingdom,6.25
550636,20997,ROSE DU SUD CUSHION COVER ,1,19-04-2011 15:37,4.13,,United Kingdom,4.13
550651,23140,TRIPLE WIRE HOOK IVORY HEART,2,19-04-2011 16:52,4.15,15436,United Kingdom,8.3
550651,23141,TRIPLE WIRE HOOK PINK HEART,2,19-04-2011 16:52,4.15,15436,United Kingdom,8.3
550651,23135,SMALL ZINC HEART WALL ORGANISER,2,19-04-2011 16:52,5.75,15436,United Kingdom,11.5
550651,23132,SMALL IVORY HEART WALL ORGANISER,2,19-04-2011 16:52,5.75,15436,United Kingdom,11.5
550713,23071,MARIE ANTOIENETT TRINKET BOX GOLD,1,20-04-2011 11:11,12.5,15159,United Kingdom,12.5
550723,23152,IVORY SWEETHEART WIRE LETTER RACK ,2,20-04-2011 11:19,3.75,17454,United Kingdom,7.5
550775,23134,LARGE ZINC HEART WALL ORGANISER,8,20-04-2011 13:18,7.05,15805,United Kingdom,56.4
550775,23133,LARGE IVORY HEART WALL ORGANISER,8,20-04-2011 13:18,7.05,15805,United Kingdom,56.4
550820,23147,SINGLE ANTIQUE ROSE HOOK IVORY,12,21-04-2011 08:43,1.45,13148,United Kingdom,17.4
550820,23148,MINIATURE ANTIQUE ROSE HOOK IVORY,12,21-04-2011 08:43,0.83,13148,United Kingdom,9.96
550823,23144,ZINC T-LIGHT HOLDER STARS SMALL,144,21-04-2011 09:36,0.72,16133,United Kingdom,103.68
550829,23142,IVORY WIRE KITCHEN ORGANISER,1,21-04-2011 10:19,10.4,17841,United Kingdom,10.4
550829,23136,IVORY WIRE SWEETHEART LETTER TRAY,1,21-04-2011 10:19,3.75,17841,United Kingdom,3.75
550829,23139,SINGLE WIRE HOOK PINK HEART,2,21-04-2011 10:19,1.45,17841,United Kingdom,2.9
550829,23138,SINGLE WIRE HOOK IVORY HEART,2,21-04-2011 10:19,1.45,17841,United Kingdom,2.9
550829,23150,IVORY SWEETHEART SOAP DISH,1,21-04-2011 10:19,2.49,17841,United Kingdom,2.49
550835,23145,ZINC T-LIGHT HOLDER STAR LARGE,6,21-04-2011 10:52,0.95,15034,United Kingdom,5.7
550953,90025B,BAROQUE BUTTERFLY EARRINGS RED,1,21-04-2011 16:17,3.73,,United Kingdom,3.73
550965,23137,ZINC WIRE SWEETHEART LETTER TRAY,1,21-04-2011 16:53,3.75,16750,United Kingdom,3.75
551003,72024U,LILAC VOTIVE CANDLE,24,26-04-2011 09:44,0.21,16456,United Kingdom,5.04
551056,16049,TEATIME GEL PENS ASST,36,26-04-2011 11:51,0.42,16442,United Kingdom,15.12
551160,23069,EDWARDIAN PHOTO FRAME,2,26-04-2011 15:04,6.25,15237,United Kingdom,12.5
551171,16244B,MAXWELL 2 TONE BLUE 60 PAGE PHOTO A,4,26-04-2011 16:45,0.5,13263,United Kingdom,2
551171,23131,MISTLETOE HEART WREATH CREAM,1,26-04-2011 16:45,4.15,13263,United Kingdom,4.15
551171,23067,HANGING ENGRAVED METAL HEART,2,26-04-2011 16:45,4.15,13263,United Kingdom,8.3
551268,47341B,BLUE TABLE RUN FLOWER,2,27-04-2011 12:08,1.25,16965,United Kingdom,2.5
551270,90021,LASER CUT MULTI STRAND NECKLACE,1,27-04-2011 12:35,11.95,15891,United Kingdom,11.95
551272,23163,REGENCY SUGAR TONGS,12,27-04-2011 12:49,2.49,17530,United Kingdom,29.88
551274,23284,DOORMAT KEEP CALM AND COME IN,10,27-04-2011 12:57,6.75,14235,United Kingdom,67.5
551276,23283,DOORMAT VINTAGE LEAVES DESIGN ,2,27-04-2011 13:06,7.95,16016,United Kingdom,15.9
551299,23162,REGENCY TEA STRAINER,4,27-04-2011 14:48,3.75,17530,United Kingdom,15
551340,84016,FLAG OF ST GEORGE CAR FLAG,2,27-04-2011 17:23,0.83,,United Kingdom,1.66
551340,DCGS0004,HAYNES CAMPER SHOULDER BAG,1,27-04-2011 17:23,16.63,,United Kingdom,16.63
551340,20838,FRENCH LATTICE CUSHION COVER ,12,27-04-2011 17:23,3.29,,United Kingdom,39.48
551351,72811,SMALL ZINC/GLASS CANDLEHOLDER,24,28-04-2011 10:20,1.25,14298,United Kingdom,30
551414,23048,SET OF 10 LANTERNS FAIRY LIGHT STAR,4,28-04-2011 13:35,4.15,15622,United Kingdom,16.6
551414,23042,PAPER LANTERN 7 POINT SNOW STAR,6,28-04-2011 13:35,6.65,15622,United Kingdom,39.9
551414,23041,PAPER LANTERN 9 POINT SNOW STAR,8,28-04-2011 13:35,4.15,15622,United Kingdom,33.2
551414,23040,PAPER LANTERN 9 POINT SNOW STAR ,6,28-04-2011 13:35,5.75,15622,United Kingdom,34.5
551414,23064,CINDERELLA CHANDELIER ,1,28-04-2011 13:35,49.95,15622,United Kingdom,49.95
551432,21923,,-5,28-04-2011 15:06,0,,United Kingdom,0
551434,20896,,-5,28-04-2011 15:07,0,,United Kingdom,0
551435,20825,,-5,28-04-2011 15:08,0,,United Kingdom,0
551442,85060,,-4,28-04-2011 15:50,0,,United Kingdom,0
551446,35594,,-4,28-04-2011 15:58,0,,United Kingdom,0
551451,21330,,-4,28-04-2011 16:01,0,,United Kingdom,0
551454,78027,,-3,28-04-2011 16:02,0,,United Kingdom,0
551461,21806,,-3,28-04-2011 16:05,0,,United Kingdom,0
551462,85225,BLING KEY RING STAND,1,28-04-2011 16:11,1.25,15210,United Kingdom,1.25
551468,37471,MULTICOLOUR POLKADOT PLATE,1,28-04-2011 16:21,6.63,,United Kingdom,6.63
551520,23130,MISTLETOE HEART WREATH GREEN,3,01-05-2011 11:55,4.15,13301,United Kingdom,12.45
551531,84629,WHITE 3 FRAME BIRDS AND TREE ,1,01-05-2011 13:45,21.95,15376,United Kingdom,21.95
551556,22987,WRAP SUMMER ROSE DESIGN,25,03-05-2011 10:30,0.42,14191,United Kingdom,10.5
551560,20836,FRENCH PAISLEY CUSHION COVER,12,03-05-2011 10:43,0.83,16133,United Kingdom,9.96
551560,23160,REGENCY TEA SPOON,120,03-05-2011 10:43,1.04,16133,United Kingdom,124.8
551560,23161,REGENCY CAKE FORK,120,03-05-2011 10:43,1.04,16133,United Kingdom,124.8
551560,23164,REGENCY CAKE SLICE,36,03-05-2011 10:43,4.15,16133,United Kingdom,149.4
551569,85226C,,-6,03-05-2011 11:13,0,,United Kingdom,0
551571,47591A,,-6,03-05-2011 11:14,0,,United Kingdom,0
551572,37424,,-6,03-05-2011 11:15,0,,United Kingdom,0
551578,90037D,,-5,03-05-2011 11:19,0,,United Kingdom,0
551581,84873A,,5,03-05-2011 11:20,0,,United Kingdom,0
551582,84857A,,-5,03-05-2011 11:21,0,,United Kingdom,0
551583,84482,,-5,03-05-2011 11:21,0,,United Kingdom,0
551589,21854,,-2,03-05-2011 11:30,0,,United Kingdom,0
551599,23149,ANTIQUE IVORY WIRE BOWL SMALL,6,03-05-2011 11:34,2.49,15696,United Kingdom,14.94
551698,84705C,PINK FLOCK PHOTO FRAME ,12,03-05-2011 13:52,1.25,13694,United Kingdom,15
551835,23143,ZINC WIRE KITCHEN ORGANISER,2,04-05-2011 13:17,10.4,17646,United Kingdom,20.8
551843,23299,FOOD COVER WITH BEADS SET 2 ,6,04-05-2011 13:57,3.75,16094,United Kingdom,22.5
551843,23298,SPOTTY BUNTING,3,04-05-2011 13:57,4.95,16094,United Kingdom,14.85
551846,23070,EDWARDIAN HEART PHOTO FRAME,4,04-05-2011 14:11,4.15,13047,United Kingdom,16.6
551966,23151,ZINC SWEETHEART SOAP DISH,1,05-05-2011 13:14,2.49,15356,United Kingdom,2.49
551993,90058A,CRYSTAL STUD EARRINGS CLEAR DISPLAY,36,05-05-2011 15:39,0.38,14697,United Kingdom,13.68
552032,23043,PAPER LANTERN 9 POINT HOLLY STAR 40,2,05-05-2011 18:16,6.25,14393,United Kingdom,12.5
552032,23045,PAPER LANTERN 5 POINT STAR MOON 30,2,05-05-2011 18:16,4.15,14393,United Kingdom,8.3
552108,20964,POLYESTER FILLER PAD 60x40cm,2,06-05-2011 11:36,2.55,17841,United Kingdom,5.1
552175,23200,mailout ,100,06-05-2011 13:25,0,,United Kingdom,0
552177,23202,mailout,100,06-05-2011 13:28,0,,United Kingdom,0
552178,23203,mailout,100,06-05-2011 13:29,0,,United Kingdom,0
552183,84859B,BLUE DISCO HANDBAG,1,06-05-2011 13:43,1.95,17604,United Kingdom,1.95
552187,23209,mailout,100,06-05-2011 13:59,0,,United Kingdom,0
552262,23072,MARIE ANTOINETTE TRINKET BOX SILVER,3,08-05-2011 11:37,12.5,14911,EIRE,37.5
552265,23046,PAPER LANTERN 9 POINT DELUXE STAR,4,08-05-2011 11:41,6.65,14161,United Kingdom,26.6
552265,23047,PAPER LANTERN 5 POINT SEQUIN STAR,2,08-05-2011 11:41,5.75,14161,United Kingdom,11.5
552265,23044,PAPER LANTERN 9 POINT HOLLY STAR S,4,08-05-2011 11:41,4.15,14161,United Kingdom,16.6
552318,90036A,FLOWER GARLAND NECKLACE RED,1,08-05-2011 16:13,7.95,17231,United Kingdom,7.95
552514,90083,CRYSTAL CZECH CROSS PHONE CHARM,1,09-05-2011 16:30,1.63,,United Kingdom,1.63
552521,23282,FOLDING BUTTERFLY MIRROR IVORY ,12,09-05-2011 16:35,0.83,16668,United Kingdom,9.96
552521,23280,FOLDING BUTTERFLY MIRROR HOT PINK ,12,09-05-2011 16:35,0.83,16668,United Kingdom,9.96
552521,23190,BUNDLE OF 3 SCHOOL EXERCISE BOOKS  ,12,09-05-2011 16:35,1.65,16668,United Kingdom,19.8
552530,23191,BUNDLE OF 3 RETRO NOTE BOOKS,12,10-05-2011 08:58,1.65,13055,United Kingdom,19.8
552534,23192,BUNDLE OF 3 ALPHABET EXERCISE BOOKS,1,10-05-2011 09:58,1.65,,United Kingdom,1.65
552547,23175,REGENCY MILK JUG PINK ,6,10-05-2011 10:34,3.25,13098,United Kingdom,19.5
552547,23174,REGENCY SUGAR BOWL GREEN,6,10-05-2011 10:34,4.15,13098,United Kingdom,24.9
552547,23173,REGENCY TEAPOT ROSES ,12,10-05-2011 10:34,8.15,13098,United Kingdom,97.8
552547,23172,REGENCY TEA PLATE PINK,12,10-05-2011 10:34,1.65,13098,United Kingdom,19.8
552547,23171,REGENCY TEA PLATE GREEN ,12,10-05-2011 10:34,1.65,13098,United Kingdom,19.8
552547,23170,REGENCY TEA PLATE ROSES ,12,10-05-2011 10:34,1.65,13098,United Kingdom,19.8
552647,23081,GREEN METAL BOX ARMY SUPPLIES,2,10-05-2011 13:33,8.25,13012,United Kingdom,16.5
552654,23084,RABBIT NIGHT LIGHT,2,10-05-2011 14:20,2.08,15756,United Kingdom,4.16
552654,23281,FOLDING BUTTERFLY MIRROR RED  ,1,10-05-2011 14:20,0.83,15756,United Kingdom,0.83
552669,23118,PARISIENNE JEWELLERY DRAWER ,1,10-05-2011 15:05,7.5,16710,United Kingdom,7.5
552703,23096,PETIT TRAY CHIC,2,10-05-2011 16:00,1.65,14462,United Kingdom,3.3
552714,23091,ZINC HERB GARDEN CONTAINER,3,11-05-2011 09:28,6.25,17164,United Kingdom,18.75
552721,23094,LE GRAND TRAY CHIC SET,6,11-05-2011 09:55,12.5,14691,United Kingdom,75
552723,23108,SET OF 10 LED DOLLY LIGHTS,4,11-05-2011 10:18,6.25,16229,United Kingdom,25
552723,23080,RED METAL BOX TOP SECRET,4,11-05-2011 10:18,8.25,16229,United Kingdom,33
552727,23110,PARISIENNE KEY CABINET ,2,11-05-2011 10:32,5.75,14920,United Kingdom,11.5
552733,23059,Thrown away-rusty,-2376,11-05-2011 10:48,0,,United Kingdom,0
552770,23100,SILVER BELLS TABLE DECORATION,12,11-05-2011 11:57,1.25,13404,United Kingdom,15
552770,23102,SILVER HEARTS TABLE DECORATION,12,11-05-2011 11:57,0.83,13404,United Kingdom,9.96
552770,23082,SET 6 PAPER TABLE LANTERN HEARTS ,6,11-05-2011 11:57,3.75,13404,United Kingdom,22.5
552803,16151A,FLOWERS HANDBAG blue and orange,2,11-05-2011 12:32,1.25,14573,United Kingdom,2.5
552803,23093,SMALL PARISIENNE HEART PHOTO FRAME ,2,11-05-2011 12:32,2.49,14573,United Kingdom,4.98
552811,23109,LED TEA LIGHTS,96,11-05-2011 12:43,2.49,17677,United Kingdom,239.04
552813,23103,BELL HEART DECORATION,12,11-05-2011 12:44,1.65,15079,United Kingdom,19.8
552817,23112,PARISIENNE CURIO CABINET,2,11-05-2011 12:47,7.5,13136,United Kingdom,15
552826,23111,PARISIENNE SEWING BOX,2,11-05-2011 13:20,12.5,14277,France,25
552826,23079,TOADSTOOL BEDSIDE LIGHT ,4,11-05-2011 13:20,8.95,14277,France,35.8
552833,23167,SMALL CERAMIC TOP STORAGE JAR ,1350,11-05-2011 14:14,0.69,18133,United Kingdom,931.5
552842,23104,IVORY PANTRY HANGING LAMP ,2,11-05-2011 14:29,12.5,17888,United Kingdom,25
552870,23168,CLASSIC SUGAR DISPENSER,12,12-05-2011 08:42,1.25,15513,United Kingdom,15
552882,23169,CLASSIC GLASS SWEET JAR,18,12-05-2011 10:10,4.15,14646,Netherlands,74.7
552882,23165,LARGE CERAMIC TOP STORAGE JAR,72,12-05-2011 10:10,1.45,14646,Netherlands,104.4
552949,23101,SILVER STARS TABLE DECORATION,6,12-05-2011 12:01,0.83,16033,United Kingdom,4.98
552988,23089,GLASS BON BON JAR,12,12-05-2011 15:17,1.65,14853,United Kingdom,19.8
553000,23107,WHITE WIRE PLANT POT HOLDER,8,12-05-2011 15:21,2.89,17667,United Kingdom,23.12
553013,23088,ZINC HEART FLOWER T-LIGHT HOLDER,2,12-05-2011 18:19,2.46,,United Kingdom,4.92
553058,23106,ZINC HEARTS PLANT POT HOLDER,2,13-05-2011 10:44,2.89,17790,United Kingdom,5.78
553125,23087,ZINC  HEART T-LIGHT HOLDER,8,13-05-2011 12:13,1.25,17139,United Kingdom,10
553165,90035C,"PEARL & SHELL 42""NECKL. IVORY",2,13-05-2011 16:12,10.75,13623,United Kingdom,21.5
553175,23083,SET 6 PAPER TABLE LANTERN STARS ,2,15-05-2011 11:17,3.75,,United Kingdom,7.5
553181,23301,GARDENERS KNEELING PAD KEEP CALM ,12,15-05-2011 11:43,1.65,16168,United Kingdom,19.8
553181,23300,GARDENERS KNEELING PAD CUP OF TEA ,96,15-05-2011 11:43,1.45,16168,United Kingdom,139.2
553201,23302,KNEELING MAT HOUSEWORK  DESIGN,4,15-05-2011 15:31,1.65,17758,United Kingdom,6.6
553202,47574B,ENGLISH ROSE SCENTED HANGING HEART,1,15-05-2011 16:02,4.25,15854,United Kingdom,4.25
553205,23090,VINTAGE GLASS T-LIGHT HOLDER,12,16-05-2011 08:13,0.83,15813,United Kingdom,9.96
553226,23092,LARGE ANTIQUE WHITE PHOTO FRAME,2,16-05-2011 10:43,7.9,16912,United Kingdom,15.8
553341,23085,ANTIQUE SILVER BAUBLE LAMP  ,4,16-05-2011 12:25,10.4,16293,United Kingdom,41.6
553369,23099,FRENCH CARRIAGE LANTERN,4,16-05-2011 14:30,6.65,15044,United Kingdom,26.6
553382,23086,ZINC  STAR T-LIGHT HOLDER ,16,16-05-2011 15:47,1.25,14217,United Kingdom,20
553711,23129,HEART SHAPED HOLLY WREATH,12,18-05-2011 15:39,4.15,13552,United Kingdom,49.8
553715,90081B,LILY BROOCH WHITE/SILVER COLOUR,1,18-05-2011 16:05,4.95,,United Kingdom,4.95
553742,84804B,BLUE DELPHINIUM ARTIFICIAL FLOWER,12,19-05-2011 09:38,2.95,16133,United Kingdom,35.4
553769,23444,,200,19-05-2011 10:48,0,,United Kingdom,0
553859,84984B,RED PEONY CUSHION COVER ,4,19-05-2011 13:35,4.65,14505,United Kingdom,18.6
553859,84984A,GREEN PEONY CUSHION COVER,4,19-05-2011 13:35,4.65,14505,United Kingdom,18.6
554112,90149,SILVER FLOWR PINK SHELL NECKLACE,1,22-05-2011 14:44,7.5,17611,United Kingdom,7.5
554320,16053,,-102,23-05-2011 15:32,0,,United Kingdom,0
554485,21310,CAPIZ CHANDELIER,1,24-05-2011 13:22,29.95,18018,United Kingdom,29.95
554512,90018C,SILVER BLACK ORBIT DROP EARRINGS,1,24-05-2011 15:54,4.15,,United Kingdom,4.15
554627,84746,,67,25-05-2011 11:26,0,,United Kingdom,0
554708,23228,FILIGREE HEART BIRD WHITE ,24,26-05-2011 10:25,1.25,16449,United Kingdom,30
554788,23227,FILIGREE HEART BUTTERFLY WHITE ,24,26-05-2011 12:00,1.25,12987,United Kingdom,30
555073,20667,CHERRY BLOSSOM PURSE,1,31-05-2011 11:39,2.95,16470,United Kingdom,2.95
555076,23226,FILIGREE HEART DAISY WHITE,24,31-05-2011 12:11,1.25,13900,United Kingdom,30
555150,23221,REINDEER HEART DECORATION SILVER,10,31-05-2011 15:53,1.63,,United Kingdom,16.3
555202,84206C,CHAMPAGNE TRAY BLANK CARD,5,01-06-2011 12:11,0.19,16813,United Kingdom,0.95
555207,23214,JINGLE BELL HEART ANTIQUE GOLD,12,01-06-2011 12:19,2.08,16818,United Kingdom,24.96
555207,23215,JINGLE BELL HEART ANTIQUE SILVER,12,01-06-2011 12:19,2.08,16818,United Kingdom,24.96
555282,23210,WHITE ROCKING HORSE HAND PAINTED,24,02-06-2011 09:04,1.25,12709,Germany,30
555282,23213,STAR WREATH DECORATION WITH BELL,12,02-06-2011 09:04,1.25,12709,Germany,15
555282,23212,HEART WREATH DECORATION WITH BELL,12,02-06-2011 09:04,1.25,12709,Germany,15
555282,23219,LAUREL STAR ANTIQUE SILVER ,1,02-06-2011 09:04,1.25,12709,Germany,1.25
555282,23224,CHERUB HEART DECORATION GOLD,1,02-06-2011 09:04,0.83,12709,Germany,0.83
555284,23211,RED ROCKING HORSE HAND PAINTED,24,02-06-2011 09:37,1.04,14298,United Kingdom,24.96
555284,23216,LAUREL HEART ANTIQUE GOLD,24,02-06-2011 09:37,1.04,14298,United Kingdom,24.96
555284,23217,LAUREL HEART ANTIQUE SILVER,24,02-06-2011 09:37,1.04,14298,United Kingdom,24.96
555284,23225,CHERUB HEART DECORATION SILVER ,24,02-06-2011 09:37,0.72,14298,United Kingdom,17.28
555333,84805B,wet damaged,-96,02-06-2011 11:12,0,,United Kingdom,0
555351,23275,SET OF 3 HANGING OWLS OLLIE BEAK,48,02-06-2011 12:37,1.25,13408,United Kingdom,60
555363,23263,SET OF 3 WOODEN HEART DECORATIONS,12,02-06-2011 14:15,1.25,14453,United Kingdom,15
555383,23309,SET OF 60 I LOVE LONDON CAKE CASES ,4,02-06-2011 15:13,0.55,12517,Germany,2.2
555406,23270,SET OF 2 CERAMIC PAINTED HEARTS ,1,02-06-2011 19:50,1.45,17231,United Kingdom,1.45
555474,23307,SET OF 60 PANTRY DESIGN CAKE CASES ,1,03-06-2011 12:07,0.55,,United Kingdom,0.55
555522,23306,SET OF 36 DOILIES PANTRY DESIGN,10,05-06-2011 11:29,1.45,15796,United Kingdom,14.5
555558,23308,SET OF 60 VINTAGE LEAF CAKE CASES ,1,05-06-2011 14:06,0.55,14159,United Kingdom,0.55
555558,23273,HEART T-LIGHT HOLDER WILLIE WINKIE,6,05-06-2011 14:06,1.65,14159,United Kingdom,9.9
555558,23274,STAR T-LIGHT HOLDER WILLIE WINKIE,4,05-06-2011 14:06,1.65,14159,United Kingdom,6.6
555722,90025E,BAROQUE BUTTERFLY EARRINGS MONTANA,1,06-06-2011 16:06,3.73,,United Kingdom,3.73
555744,21373,MIRRORED WALL ART SNOWFLAKES,12,07-06-2011 10:44,0.75,18072,United Kingdom,9
555744,16043,POP ART PUSH DOWN RUBBER ,24,07-06-2011 10:44,0.12,18072,United Kingdom,2.88
555841,90102,WHITE FRANGIPANI HAIR CLIP,10,07-06-2011 12:47,0.85,14583,United Kingdom,8.5
555844,23240,SET OF 4 KNICK KNACK TINS DOILEY ,1,07-06-2011 13:10,4.15,14711,United Kingdom,4.15
555857,23238,SET OF 4 KNICK KNACK TINS LONDON ,6,07-06-2011 14:03,4.15,16393,United Kingdom,24.9
555924,20901,VINTAGE KEEPSAKE BOX PINK FLOWER,1,07-06-2011 17:12,4.13,,United Kingdom,4.13
555929,23243,SET OF TEA COFFEE SUGAR TINS PANTRY,24,08-06-2011 08:12,4.15,16525,United Kingdom,99.6
555931,84415A,PINK FLOCK SUEDE CUSHION COVER ,6,08-06-2011 08:31,1.25,17828,Malta,7.5
556019,23245,SET OF 3 REGENCY CAKE TINS,4,08-06-2011 12:02,4.95,18092,United Kingdom,19.8
556042,23239,SET OF 4 KNICK KNACK TINS POPPIES,2,08-06-2011 12:44,4.15,14367,United Kingdom,8.3
556042,23236,DOILEY STORAGE TIN,2,08-06-2011 12:44,2.89,14367,United Kingdom,5.78
556042,23235,STORAGE TIN VINTAGE LEAF,2,08-06-2011 12:44,2.89,14367,United Kingdom,5.78
556043,23241,TREASURE TIN GYMKHANA DESIGN,18,08-06-2011 12:49,2.08,14078,United Kingdom,37.44
556043,23242,TREASURE TIN BUFFALO BILL ,18,08-06-2011 12:49,2.08,14078,United Kingdom,37.44
556051,23247,BISCUIT TIN 50'S CHRISTMAS,1,08-06-2011 13:09,2.89,13742,United Kingdom,2.89
556056,23244,ROUND STORAGE TIN VINTAGE LEAF,1,08-06-2011 13:35,1.95,17841,United Kingdom,1.95
556056,23237,SET OF 4 KNICK KNACK TINS LEAVES ,1,08-06-2011 13:35,4.15,17841,United Kingdom,4.15
556065,22950,36 DOILIES VINTAGE CHRISTMAS,12,08-06-2011 14:29,1.45,14829,United Kingdom,17.4
556116,35966,FOLKART CHRISTMAS TREE T-LIGHT HOLD,12,09-06-2011 09:44,0.38,15214,United Kingdom,4.56
556188,23310,BUBBLEGUM RING ASSORTED,36,09-06-2011 11:49,0.42,,United Kingdom,15.12
556195,23321,SMALL WHITE HEART OF WICKER,3,09-06-2011 12:21,1.69,16745,United Kingdom,5.07
556203,23220,REINDEER HEART DECORATION GOLD,12,09-06-2011 13:09,0.83,12399,Belgium,9.96
556237,23264,SET OF 3 WOODEN SLEIGH DECORATIONS,1,09-06-2011 15:34,2.5,,United Kingdom,2.5
556237,23265,SET OF 3 WOODEN TREE DECORATIONS,1,09-06-2011 15:34,2.5,,United Kingdom,2.5
556237,23266,SET OF 3 WOODEN STOCKING DECORATION,1,09-06-2011 15:34,2.5,,United Kingdom,2.5
556247,84824,DANISH ROSE UMBRELLA STAND,1,09-06-2011 16:16,15.95,15058,United Kingdom,15.95
556471,23269,SET OF 2 CERAMIC CHRISTMAS TREES,12,12-06-2011 11:47,1.45,16466,United Kingdom,17.4
556471,23268,SET OF 2 CERAMIC CHRISTMAS REINDEER,12,12-06-2011 11:47,1.45,16466,United Kingdom,17.4
556473,23252,VINTAGE RED ENAMEL TRIM JUG ,3,12-06-2011 12:00,3.75,17265,United Kingdom,11.25
556474,23322,LARGE WHITE HEART OF WICKER,4,12-06-2011 12:01,2.95,16007,United Kingdom,11.8
556474,77079,DOLPHIN WINDMILL,1,12-06-2011 12:01,2.12,16007,United Kingdom,2.12
556483,23286,BLUE VINTAGE SPOT BEAKER,5,12-06-2011 13:12,0.85,14823,United Kingdom,4.25
556484,23338,EGG FRYING PAN RED ,1,12-06-2011 13:17,2.08,16938,United Kingdom,2.08
556484,23285,PINK VINTAGE SPOT BEAKER,4,12-06-2011 13:17,0.85,16938,United Kingdom,3.4
556484,23288,GREEN VINTAGE SPOT BEAKER,4,12-06-2011 13:17,0.85,16938,United Kingdom,3.4
556527,23343,JUMBO BAG VINTAGE CHRISTMAS ,2,13-06-2011 11:33,2.08,16205,United Kingdom,4.16
556579,90026A,GLASS BEAD HOOP NECKLACE BLACK,2,13-06-2011 14:16,8.5,15069,United Kingdom,17
556579,90036B,"FLOWER GLASS GARLAND NECKL.36""GREEN",3,13-06-2011 14:16,7.95,15069,United Kingdom,23.85
556579,90001B,ANTIQUE MID BLUE FLOWER EARRINGS,2,13-06-2011 14:16,4.25,15069,United Kingdom,8.5
556641,23271,CHRISTMAS TABLE CANDLE SILVER SPIKE,16,13-06-2011 15:44,0.83,13663,United Kingdom,13.28
556671,23335,EGG FRYING PAN IVORY ,1,13-06-2011 16:33,2.08,17841,United Kingdom,2.08
556671,23339,EGG FRYING PAN BLUE ,1,13-06-2011 16:33,2.08,17841,United Kingdom,2.08
556671,23336,EGG FRYING PAN PINK ,1,13-06-2011 16:33,2.08,17841,United Kingdom,2.08
556671,23337,EGG FRYING PAN MINT ,1,13-06-2011 16:33,2.08,17841,United Kingdom,2.08
556671,23292,SPACE BOY CHILDRENS CUP,2,13-06-2011 16:33,1.25,17841,United Kingdom,2.5
556671,23291,DOLLY GIRL CHILDRENS CUP,2,13-06-2011 16:33,1.25,17841,United Kingdom,2.5
556671,23289,DOLLY GIRL CHILDRENS BOWL,2,13-06-2011 16:33,1.25,17841,United Kingdom,2.5
556671,23290,SPACEBOY CHILDRENS BOWL,2,13-06-2011 16:33,1.25,17841,United Kingdom,2.5
556671,23287,RED VINTAGE SPOT BEAKER,2,13-06-2011 16:33,0.85,17841,United Kingdom,1.7
556683,23188,VINTAGE  2 METER FOLDING RULER,12,14-06-2011 09:43,1.65,15358,United Kingdom,19.8
556685,23251,VINTAGE RED ENAMEL TRIM MUG ,12,14-06-2011 10:00,1.25,14503,United Kingdom,15
556685,23249,VINTAGE RED ENAMEL TRIM PLATE,12,14-06-2011 10:00,1.65,14503,United Kingdom,19.8
556685,23250,VINTAGE RED TRIM ENAMEL BOWL ,12,14-06-2011 10:00,1.25,14503,United Kingdom,15
556751,23229,VINTAGE DONKEY TAIL GAME ,36,14-06-2011 12:09,3.39,15251,United Kingdom,122.04
556776,23234,BISCUIT TIN VINTAGE CHRISTMAS,2,14-06-2011 12:24,2.89,14730,United Kingdom,5.78
556782,23012,GLASS APOTHECARY BOTTLE PERFUME,1,14-06-2011 13:04,3.95,14871,United Kingdom,3.95
556782,23014,GLASS APOTHECARY BOTTLE ELIXIR,1,14-06-2011 13:04,3.95,14871,United Kingdom,3.95
556783,23035,DRAWER KNOB CERAMIC IVORY,24,14-06-2011 13:15,1.45,13408,United Kingdom,34.8
556784,84551,CROCHET DOG KEYRING,1,14-06-2011 13:15,1.65,14461,United Kingdom,1.65
556788,23020,GLASS  SONGBIRD STORAGE JAR,1,14-06-2011 13:40,12.5,15129,United Kingdom,12.5
556791,23032,DRAWER KNOB CRACKLE GLAZE IVORY,3,14-06-2011 13:51,1.65,16928,United Kingdom,4.95
556791,23028,DRAWER KNOB CRACKLE GLAZE BLUE,3,14-06-2011 13:51,1.65,16928,United Kingdom,4.95
556791,23031,DRAWER KNOB CRACKLE GLAZE PINK,3,14-06-2011 13:51,1.65,16928,United Kingdom,4.95
556791,23029,DRAWER KNOB CRACKLE GLAZE GREEN,6,14-06-2011 13:51,1.65,16928,United Kingdom,9.9
556791,23033,DRAWER KNOB CERAMIC RED,1,14-06-2011 13:51,1.45,16928,United Kingdom,1.45
556791,23034,DRAWER KNOB CERAMIC BLACK,1,14-06-2011 13:51,1.45,16928,United Kingdom,1.45
556797,23013,GLASS APOTHECARY BOTTLE TONIC,4,14-06-2011 14:49,3.95,17101,United Kingdom,15.8
556910,23344,JUMBO BAG 50'S CHRISTMAS ,5,15-06-2011 13:25,2.08,12748,United Kingdom,10.4
556931,23022,SMALL BONNE JAM JAR  T-LIGHT HOLDER,96,15-06-2011 15:35,1.79,15864,United Kingdom,171.84
557108,23113,Damaged,-1440,16-06-2011 15:58,0,,United Kingdom,0
557116,23016,GLASS TWIST BON BON JAR,12,16-06-2011 16:57,6.65,15219,United Kingdom,79.8
557119,23026,DRAWER KNOB VINTAGE GLASS STAR,96,16-06-2011 17:08,1.79,17416,United Kingdom,171.84
557132,23119,PACK OF 6 LARGE FRUIT STRAWS ,24,17-06-2011 08:57,0.62,13107,United Kingdom,14.88
557151,23015,CORDIAL GLASS JUG,1,17-06-2011 11:04,8.25,,United Kingdom,8.25
557208,23123,COCKTAIL SWORDS 50 PIECES,12,17-06-2011 11:38,0.83,16172,United Kingdom,9.96
557208,23122,PARTY CHARMS 50 PIECES,12,17-06-2011 11:38,0.83,16172,United Kingdom,9.96
557215,23120,PACK OF 6 SMALL FRUIT STRAWS,24,17-06-2011 12:22,0.42,17677,United Kingdom,10.08
557215,23121,PACK OF 6 COCKTAIL PARASOL STRAWS,24,17-06-2011 12:22,0.42,17677,United Kingdom,10.08
557223,23124,18PC WOODEN CUTLERY SET DISPOSABLE,16,17-06-2011 13:17,1.25,13647,United Kingdom,20
557237,23125,6PC WOOD PLATE SET DISPOSABLE,12,17-06-2011 14:46,1.25,17204,United Kingdom,15
557258,23039,T-LIGHT HOLDER SILVER HEART HANDLE,6,19-06-2011 10:35,1.95,12951,United Kingdom,11.7
557324,23021,GLASS BONNE JAM JAR,2,20-06-2011 09:41,8.29,,United Kingdom,16.58
557503,23023,RIDGED BONNE JAM JAR T-LIGHT HOLDER,6,20-06-2011 15:47,1.65,16839,United Kingdom,9.9
557596,23114,Damaged,-1440,21-06-2011 11:33,0,,United Kingdom,0
557597,23115,Damaged,-1440,21-06-2011 11:33,0,,United Kingdom,0
557599,23116,Damaged,-1440,21-06-2011 11:34,0,,United Kingdom,0
557600,23117,Damaged,-1440,21-06-2011 11:35,0,,United Kingdom,0
557601,84679,CLASSICAL ROSE TABLE LAMP,2,21-06-2011 11:47,19.95,18252,United Kingdom,39.9
557621,23019,SMALL APOTHECARY MEASURING JAR ,4,21-06-2011 14:00,8.25,12444,Norway,33
557735,23272,TREE T-LIGHT HOLDER WILLIE WINKIE,12,22-06-2011 11:30,1.65,16214,United Kingdom,19.8
557743,23036,T-LIGHT HOLDER SILVER PETIT FOUR ,12,22-06-2011 11:59,1.25,18155,United Kingdom,15
557767,23198,PANTRY MAGNETIC  SHOPPING LIST,12,22-06-2011 14:24,1.45,13089,United Kingdom,17.4
557769,23027,DRAWER KNOB VINTAGE GLASS HEXAGON,12,22-06-2011 14:38,2.08,16626,United Kingdom,24.96
557782,23024,LARGE BONNE JAM JAR  T-LIGHT HOLDER,6,22-06-2011 15:41,2.89,14640,United Kingdom,17.34
557798,23223,CHRISTMAS TREE HANGING SILVER ,12,23-06-2011 09:38,0.83,16187,United Kingdom,9.96
557798,23222,CHRISTMAS TREE HANGING GOLD,12,23-06-2011 09:38,0.83,16187,United Kingdom,9.96
557847,84387A,,11,23-06-2011 10:49,0,,United Kingdom,0
557858,23197,SKETCHBOOK MAGNETIC SHOPPING LIST,1,23-06-2011 11:51,1.45,14159,United Kingdom,1.45
557858,23196,RETRO LEAVES MAGNETIC NOTEPAD,1,23-06-2011 11:51,1.45,14159,United Kingdom,1.45
557889,23267,SET OF 4 SANTA PLACE SETTINGS,24,23-06-2011 13:51,1.25,12412,Denmark,30
557952,23323,WHITE WICKER STAR ,5,23-06-2011 18:33,2.1,14584,United Kingdom,10.5
557954,23315,IVORY REFECTORY CLOCK,1,23-06-2011 18:44,9.95,15023,United Kingdom,9.95
557954,23316,RED REFECTORY CLOCK ,1,23-06-2011 18:44,9.95,15023,United Kingdom,9.95
557962,23342,MINT DINER WALL CLOCK,2,24-06-2011 09:22,8.5,13709,United Kingdom,17
557962,23341,PINK DINER WALL CLOCK,2,24-06-2011 09:22,8.5,13709,United Kingdom,17
558039,23037,CANDLE HOLDER SILVER MADELINE,12,24-06-2011 12:44,1.65,18219,United Kingdom,19.8
558099,90176D,DIAMANTE NECKLACE PURPLE,2,26-06-2011 13:45,7.5,17593,United Kingdom,15
558100,23317,BLUE REFECTORY CLOCK ,2,26-06-2011 13:46,9.95,17768,United Kingdom,19.9
558101,23017,APOTHECARY MEASURING JAR,2,26-06-2011 13:56,12.5,18112,United Kingdom,25
558101,23018,LARGE APOTHECARY MEASURING JAR ,2,26-06-2011 13:56,12.5,18112,United Kingdom,25
558115,23025,DRAWER KNOB VINTAGE GLASS BALL,6,27-06-2011 08:50,2.08,16003,United Kingdom,12.48
558378,79161A,,-13,28-06-2011 16:27,0,,United Kingdom,0
558663,23574,,100,01-07-2011 10:44,0,,United Kingdom,0
558774,23318,BOX OF 6 MINI VINTAGE CRACKERS,1,04-07-2011 10:17,4.96,,United Kingdom,4.96
558777,90025F,BAROQUE BUTTERFLY EARRINGS CRYSTAL,1,04-07-2011 10:23,3.73,,United Kingdom,3.73
558889,84857B,,24,04-07-2011 15:32,0,,United Kingdom,0
558906,81952B,ROUND BLUE CLOCK WITH SUCKER,5,04-07-2011 16:35,0.19,15555,United Kingdom,0.95
558906,81952V,ROUND PURPLE CLOCK WITH SUCKER,5,04-07-2011 16:35,0.19,15555,United Kingdom,0.95
558906,81950B,FLOWER BLUE CLOCK WITH SUCKER,12,04-07-2011 16:35,0.29,15555,United Kingdom,3.48
559009,23320,GIANT 50'S CHRISTMAS CRACKER,14,05-07-2011 12:47,2.89,15549,United Kingdom,40.46
559163,90011C,GREEN CRYSTAL DROP EARRINGS,1,06-07-2011 16:33,2.9,,United Kingdom,2.9
559296,23001,TRAVEL CARD WALLET DOTCOMGIFTSHOP,200,07-07-2011 12:35,0,,United Kingdom,0
559298,23319,BOX OF 6 MINI 50'S CRACKERS,12,07-07-2011 12:38,2.49,12471,Germany,29.88
559342,90043,COPPER AND BRASS BAG CHARM,3,07-07-2011 16:59,4.95,14493,United Kingdom,14.85
559342,90049,IVORY GOLD METAL BAG CHARM,3,07-07-2011 16:59,4.95,14493,United Kingdom,14.85
559342,90046,WHITE WITH METAL BAG CHARM,3,07-07-2011 16:59,4.95,14493,United Kingdom,14.85
559342,90048,GREEN WITH METAL BAG CHARM,3,07-07-2011 16:59,4.95,14493,United Kingdom,14.85
559526,84706F,RED PEONY TABLE CLOCK,1,10-07-2011 11:19,2.95,15756,United Kingdom,2.95
559548,44242A,LILAC FEATHERS CURTAIN,12,10-07-2011 15:17,0.79,17997,United Kingdom,9.48
559679,23038,T-LIGHT HOLDER SILVER SAUCER,12,11-07-2011 14:46,0.83,15265,United Kingdom,9.96
559810,23313,VINTAGE CHRISTMAS BUNTING,5,12-07-2011 15:15,4.95,16168,United Kingdom,24.75
559815,23296,SET OF 6 TEA TIME BAKING CASES,128,12-07-2011 15:56,1.04,15251,United Kingdom,133.12
559815,23294,SET OF 6 SNACK LOAF BAKING CASES,128,12-07-2011 15:56,0.72,15251,United Kingdom,92.16
559815,23293,SET OF 12 FAIRY CAKE BAKING CASES,128,12-07-2011 15:56,0.72,15251,United Kingdom,92.16
559815,23295,SET OF 12 MINI LOAF BAKING CASES,128,12-07-2011 15:56,0.72,15251,United Kingdom,92.16
559815,23297,SET 40 HEART SHAPE PETIT FOUR CASES,240,12-07-2011 15:56,1.45,15251,United Kingdom,348
559816,90067B,BROWN VINTAGE VICTORIAN EARRINGS,1,12-07-2011 16:11,2.9,,United Kingdom,2.9
559878,84924F,PSYCHEDELIC METAL SIGN CALENDAR,3,13-07-2011 11:19,0.79,15493,United Kingdom,2.37
559894,81953B,ROUND BLUE CLOCK WITH SUCKER,1,13-07-2011 12:06,0.19,14159,United Kingdom,0.19
559923,35638B,PINK/BLUE STRING CURTAIN ,1,13-07-2011 16:07,19.13,,United Kingdom,19.13
560033,23311,VINTAGE CHRISTMAS STOCKING ,12,14-07-2011 13:28,2.55,12388,Australia,30.6
560125,23314,VINTAGE CHRISTMAS TABLECLOTH,1,15-07-2011 10:44,12.5,18118,United Kingdom,12.5
560215,16162M,,-84,15-07-2011 15:08,0,,United Kingdom,0
560225,90126C,AMBER BERTIE MOBILE PHONE CHARM,2,15-07-2011 16:27,3.29,,United Kingdom,6.58
560225,90127A,PINK BEADS+HAND PHONE CHARM,2,15-07-2011 16:27,2.46,,United Kingdom,4.92
560257,23312,VINTAGE CHRISTMAS GIFT SACK,4,17-07-2011 13:25,4.15,13340,United Kingdom,16.6
560300,90030A,SPOTTED WHITE NATURAL SEED NECKLACE,6,18-07-2011 10:29,1,14911,EIRE,6
560300,90141E,ORANGE PENDANT TRIPLE SHELL NECKLAC,3,18-07-2011 10:29,4.95,14911,EIRE,14.85
560357,23550,WRAP ALPHABET POSTER  ,25,18-07-2011 11:42,0.42,15527,United Kingdom,10.5
560360,23218,LAUREL STAR ANTIQUE GOLD,48,18-07-2011 11:55,1.25,12744,Singapore,60
560393,37491B,BLUE/YELLOW CERAMIC CANDLE HOLDER,4,18-07-2011 13:33,1.65,14808,United Kingdom,6.6
560393,37491C,GREEN/BLUE CERAMIC CANDLE HOLDER,8,18-07-2011 13:33,1.65,14808,United Kingdom,13.2
560434,90182A,AMBER 3 BEAD DROP EARRINGS,1,18-07-2011 15:56,2.9,,United Kingdom,2.9
560451,84402B,PURPLE DRESS JEWELLERY STAND,12,19-07-2011 09:50,0.79,14911,EIRE,9.48
560527,23549,WRAP BIRD GARDEN ,25,19-07-2011 11:57,0.42,15727,United Kingdom,10.5
560527,23546,WRAP PAISLEY PARK ,25,19-07-2011 11:57,0.42,15727,United Kingdom,10.5
560712,84732D,CUTE RABBIT CEATURE SCREEN ,2,20-07-2011 13:06,0.39,14456,United Kingdom,0.78
560712,84732B,CUTE BIRD CEATURE SCREEN,2,20-07-2011 13:06,0.39,14456,United Kingdom,0.78
560718,23545,WRAP RED DOILEY,25,20-07-2011 13:30,0.42,17677,United Kingdom,10.5
560729,23547,WRAP FLOWER SHOP  ,25,20-07-2011 14:39,0.42,17511,United Kingdom,10.5
560729,23548,WRAP MAGIC FOREST ,25,20-07-2011 14:39,0.42,17511,United Kingdom,10.5
560730,84797B,,-2,20-07-2011 14:53,0,,United Kingdom,0
560773,90130A,WHITE STONE/CRYSTAL EARRINGS,1,20-07-2011 16:17,2.9,,United Kingdom,2.9
560856,16169E,WRAP 50'S  CHRISTMAS,25,21-07-2011 13:06,0.42,16607,United Kingdom,10.5
560857,35819P,,108,21-07-2011 13:21,0,,United Kingdom,0
561080,23346,SPACEBOY BEAKER,2,24-07-2011 16:13,1.25,,United Kingdom,2.5
561080,23345, DOLLY GIRL BEAKER,2,24-07-2011 16:13,1.25,,United Kingdom,2.5
561081,23347,I LOVE LONDON BEAKER,1,24-07-2011 16:15,1.25,13230,United Kingdom,1.25
561249,DCGS0073,ebay,-4,26-07-2011 11:51,0,,United Kingdom,0
561250,DCGS0071,,-2,26-07-2011 11:51,0,,United Kingdom,0
561253,DCGS0068,ebay,-10,26-07-2011 11:52,0,,United Kingdom,0
561254,DCGS0067,ebay,-11,26-07-2011 11:52,0,,United Kingdom,0
561255,DCGS0066P,,-3,26-07-2011 11:52,0,,United Kingdom,0
561480,21858,,-12,27-07-2011 13:32,0,,United Kingdom,0
561482,21432,,-2,27-07-2011 13:39,0,,United Kingdom,0
561484,77081,,-39,27-07-2011 13:41,0,,United Kingdom,0
561486,21765,,-2,27-07-2011 13:48,0,,United Kingdom,0
561493,84761,,-11,27-07-2011 13:59,0,,United Kingdom,0
561498,21610,,-14,27-07-2011 14:10,0,,United Kingdom,0
561521,84984D,ORIENTAL RED CUSHION COVER ,2,27-07-2011 17:06,4.65,17870,United Kingdom,9.3
561555,37477B,,-11,28-07-2011 10:21,0,,United Kingdom,0
561557,37477C,,-31,28-07-2011 10:21,0,,United Kingdom,0
561900,23340,VINTAGE CHRISTMAS CAKE FRILL,6,31-07-2011 15:31,1.65,16655,United Kingdom,9.9
562049,23360,SET 8 CANDLES VINTAGE DOILEY,12,02-08-2011 11:33,1.95,14133,United Kingdom,23.4
562085,23359,SET OF 12 T-LIGHTS VINTAGE DOILEY,12,02-08-2011 12:27,1.95,15228,United Kingdom,23.4
562101,23373,VINTAGE CHRISTMAS PAPER GIFT BAG,10,02-08-2011 14:04,0.82,13850,United Kingdom,8.2
562101,23436,GIFT BAG LARGE VINTAGE CHRISTMAS,12,02-08-2011 14:04,1.25,13850,United Kingdom,15
562101,23353,6 GIFT TAGS VINTAGE CHRISTMAS ,12,02-08-2011 14:04,0.83,13850,United Kingdom,9.96
562101,23354,6 GIFT TAGS 50'S CHRISTMAS ,12,02-08-2011 14:04,0.83,13850,United Kingdom,9.96
562103,23374,RED SPOT PAPER GIFT BAG,30,02-08-2011 14:23,0.82,13089,United Kingdom,24.6
562113,22016,Dotcomgiftshop Gift Voucher £100.00,1,02-08-2011 16:11,83.33,,United Kingdom,83.33
562199,23438, RED SPOT GIFT BAG LARGE,20,03-08-2011 12:20,1.25,12748,United Kingdom,25
562261,23189,SET OF 12 FORK CANDLES,48,03-08-2011 15:38,2.49,13408,United Kingdom,119.52
562349,84963B,BLUE PAINTED KASHMIRI CHAIR,3,04-08-2011 13:03,49.95,16915,United Kingdom,149.85
562380,23349,ROLL WRAP VINTAGE CHRISTMAS,12,04-08-2011 15:23,1.25,14778,United Kingdom,15
562380,23350,ROLL WRAP VINTAGE SPOT ,12,04-08-2011 15:23,1.25,14778,United Kingdom,15
562393,23352,ROLL WRAP 50'S RED CHRISTMAS ,36,04-08-2011 16:17,1.25,18172,United Kingdom,45
562393,23351,ROLL WRAP 50'S CHRISTMAS,36,04-08-2011 16:17,1.25,18172,United Kingdom,45
562543,23324,RUSTIC STRAWBERRY JAMPOT LARGE ,12,05-08-2011 15:45,2.08,13552,United Kingdom,24.96
562551,90209A,PURPLE ENAMEL+GLASS HAIR COMB,2,05-08-2011 16:19,2.1,17231,United Kingdom,4.2
562593,23332,IVORY WICKER HEART LARGE,6,07-08-2011 15:43,1.65,16549,United Kingdom,9.9
562593,23329,DECORATIVE WICKER HEART LARGE,6,07-08-2011 15:43,1.65,16549,United Kingdom,9.9
562688,23330,DECORATIVE WICKER HEART MEDIUM,10,08-08-2011 13:53,1.25,13869,United Kingdom,12.5
562710,23334,IVORY WICKER HEART SMALL,48,08-08-2011 14:37,0.55,14298,United Kingdom,26.4
562710,23333,IVORY WICKER HEART MEDIUM,24,08-08-2011 14:37,1.04,14298,United Kingdom,24.96
562717,23328,SET 6 SCHOOL MILK BOTTLES IN CRATE,9,08-08-2011 15:42,7.46,,United Kingdom,67.14
562930,23331,DECORATIVE WICKER HEART SMALL,48,10-08-2011 16:01,0.63,14209,United Kingdom,30.24
562930,23327,HANGING CLEAR MINI BOTTLE,48,10-08-2011 16:01,0.63,14209,United Kingdom,30.24
563018,23326,HANGING MINI COLOURED BOTTLES,48,11-08-2011 12:53,0.63,13427,United Kingdom,30.24
563078,23325,RUSTIC STRAWBERRY JAMPOT SMALL,12,11-08-2011 16:30,1.65,15955,United Kingdom,19.8
563167,35816P,"ACRYLIC JEWEL ANGEL,PINK",48,12-08-2011 12:37,0.38,14696,United Kingdom,18.24
A563185,B,Adjust bad debt,1,12-08-2011 14:50,11062.06,,United Kingdom,11062.06
563193,90052,CRACKED GLAZE NECKLACE BROWN,1,12-08-2011 16:30,7.07,,United Kingdom,7.07
563382,35597D,PINK/WHITE CHRISTMAS TREE 30CM,24,16-08-2011 10:50,0.38,18221,United Kingdom,9.12
563928,23357,HOT WATER BOTTLE SEX BOMB,1,21-08-2011 15:17,4.95,17059,United Kingdom,4.95
563928,23358,HOT STUFF HOT WATER BOTTLE,1,21-08-2011 15:17,3.75,17059,United Kingdom,3.75
563950,23375,50'S CHRISTMAS PAPER GIFT BAG,10,22-08-2011 10:39,0.82,12471,Germany,8.2
564042,23356,LOVE HOT WATER BOTTLE,1,22-08-2011 12:52,5.95,15443,United Kingdom,5.95
564049,84206A,3 BLACK CATS W HEARTS BLANK CARD,6,22-08-2011 13:30,0.19,17585,United Kingdom,1.14
564049,84201B,HAPPY BIRTHDAY CARD STRIPEY TEDDY,12,22-08-2011 13:30,0.19,17585,United Kingdom,2.28
564051,23355,HOT WATER BOTTLE KEEP CALM,4,22-08-2011 13:32,4.95,14265,Unspecified,19.8
564056,90176E,DIAMANTE NECKLACE GREEN,2,22-08-2011 14:13,7.5,14387,United Kingdom,15
564065,23437, 50'S CHRISTMAS GIFT BAG LARGE,12,22-08-2011 15:05,1.25,15150,United Kingdom,15
564300,23445,ICE CREAM BUBBLES,48,24-08-2011 11:31,0.83,16723,United Kingdom,39.84
564335,23439,HAND WARMER RED LOVE HEART,1,24-08-2011 14:23,2.1,15800,United Kingdom,2.1
564561,23431,NATURAL HANGING QUILTED HEARTS ,576,26-08-2011 09:55,0.72,13340,United Kingdom,414.72
564637,23433,HANGING QUILTED PATCHWORK APPLES,12,26-08-2011 12:49,0.83,16641,United Kingdom,9.96
564715,84201C,HAPPY BIRTHDAY CARD TEDDY/CAKE,5,28-08-2011 11:01,0.19,14472,United Kingdom,0.95
564760,90020,FILIGREE DIAMANTE CHAIN,1,30-08-2011 10:47,12.48,,United Kingdom,12.48
C564763,CRUK,CRUK Commission,-1,30-08-2011 10:49,1.6,14096,United Kingdom,-1.6
564860,23432,PRETTY HANGING QUILTED HEARTS,12,31-08-2011 10:06,0.83,17725,United Kingdom,9.96
565116,23376,PACK OF 12 VINTAGE CHRISTMAS TISSUE,48,01-09-2011 11:30,0.39,13089,United Kingdom,18.72
565116,23378,PACK OF 12 50'S CHRISTMAS TISSUES,48,01-09-2011 11:30,0.39,13089,United Kingdom,18.72
565186,23551,PACK OF 12 PAISLEY PARK TISSUES ,12,01-09-2011 15:56,0.39,17220,United Kingdom,4.68
565396,23620,SET 10 CARDS PERFECT POST 17090,1,02-09-2011 16:39,2.49,,United Kingdom,2.49
565396,23623,SET 10 CARD CHRISTMAS WELCOME 17112,1,02-09-2011 16:39,2.91,,United Kingdom,2.91
565396,23634,SET 10 CARDS XMAS CHOIR 17068,1,02-09-2011 16:39,2.91,,United Kingdom,2.91
565419,23396,BUTTERFLY CUSHION COVER,4,04-09-2011 12:07,3.75,13808,United Kingdom,15
565419,23395,BELLE JARDINIERE CUSHION COVER,4,04-09-2011 12:07,3.75,13808,United Kingdom,15
565419,23394,POSTE FRANCE CUSHION COVER,4,04-09-2011 12:07,3.75,13808,United Kingdom,15
565419,23407,SET OF 2 TRAYS HOME SWEET HOME,2,04-09-2011 12:07,9.95,13808,United Kingdom,19.9
565419,23393,HOME SWEET HOME CUSHION COVER ,4,04-09-2011 12:07,3.75,13808,United Kingdom,15
565419,23427,STOOL HOME SWEET HOME ,2,04-09-2011 12:07,12.5,13808,United Kingdom,25
565424,23397,FOOT STOOL HOME SWEET HOME ,2,04-09-2011 12:24,9.95,15215,United Kingdom,19.9
565426,23377,PACK OF 12 DOLLY GIRL TISSUES,12,04-09-2011 12:41,0.39,12851,United Kingdom,4.68
565429,23399,HOME SWEET HOME HANGING HEART,6,04-09-2011 12:54,0.85,16434,United Kingdom,5.1
565441,23411, TRELLIS COAT RACK,1,04-09-2011 14:08,4.95,13240,United Kingdom,4.95
565441,23398,HANGING HEART BONHEUR,6,04-09-2011 14:08,0.85,13240,United Kingdom,5.1
565455,23425,STORAGE TIN HOME SWEET HOME,1,04-09-2011 16:09,2.49,,United Kingdom,2.49
565455,23414,ZINC BOX SIGN HOME,1,04-09-2011 16:09,9.95,,United Kingdom,9.95
565455,23424,GINGHAM RECIPE BOOK BOX,1,04-09-2011 16:09,4.95,,United Kingdom,4.95
565472,23404,HOME SWEET HOME BLACKBOARD,2,05-09-2011 10:15,4.95,16255,United Kingdom,9.9
565472,23406,HOME SWEET HOME KEY HOLDER,1,05-09-2011 10:15,6.25,16255,United Kingdom,6.25
565478,23405,HOME SWEET HOME 2 DRAWER CABINET,1,05-09-2011 11:18,4.95,15005,United Kingdom,4.95
565541,23379,PACK OF 12 RED APPLE TISSUES,12,05-09-2011 12:00,0.39,14159,United Kingdom,4.68
565541,23381,PACK OF 12 VINTAGE LEAF TISSUES ,12,05-09-2011 12:00,0.39,14159,United Kingdom,4.68
565541,23380,PACK OF 12 VINTAGE DOILY TISSUES,12,05-09-2011 12:00,0.39,14159,United Kingdom,4.68
565541,23402,HOME SWEEET HOME 3 PEG HANGER ,1,05-09-2011 12:00,3.75,14159,United Kingdom,3.75
565541,23403,LETTER HOLDER HOME SWEET HOME,2,05-09-2011 12:00,3.75,14159,United Kingdom,7.5
565648,23426,METAL SIGN DROP YOUR PANTS,1,05-09-2011 16:22,2.89,18196,United Kingdom,2.89
565676,23412,HEART MIRROR ANTIQUE WHITE,2,06-09-2011 09:53,7.5,15513,United Kingdom,15
565682,23392,SPACEBOY ROCKET LOLLY MAKERS,1,06-09-2011 10:42,2.08,14796,United Kingdom,2.08
565725,23400,SHELF WITH 4 HOOKS HOME SWEET HOME,2,06-09-2011 11:55,6.25,13949,United Kingdom,12.5
565840,23614,SET 10 CARDS 12 DAYS WRAP  17058,1,07-09-2011 12:02,3.33,,United Kingdom,3.33
565840,23637,SET 10 CARDS OUT OF ORDER 17216,1,07-09-2011 12:02,2.49,,United Kingdom,2.49
565915,23415,HOME SWEET HOME HOOK,5,07-09-2011 15:52,1.65,15752,United Kingdom,8.25
565915,23417,BATHROOM HOOK,6,07-09-2011 15:52,1.65,15752,United Kingdom,9.9
565916,23413,VINTAGE COFFEE GRINDER BOX,3,07-09-2011 16:00,4.95,14156,EIRE,14.85
565916,23409,PHOTO FRAME LINEN AND LACE LARGE,6,07-09-2011 16:00,3.75,14156,EIRE,22.5
565917,23640,SET 10 CARDS SCOTTIE DOG 17211,1,07-09-2011 16:15,2.49,,United Kingdom,2.49
565918,23408,PHOTO FRAME LINEN AND LACE SMALL,6,07-09-2011 16:27,2.08,13249,United Kingdom,12.48
565918,23401,RUSTIC MIRROR WITH LACE HEART,1,07-09-2011 16:27,6.25,13249,United Kingdom,6.25
565919,23422,PANTRY HOOK BALLOON WHISK ,1,07-09-2011 16:48,4.13,,United Kingdom,4.13
565919,23613,SET 10 XMAS CARDS & BADGES 17070,3,07-09-2011 16:48,2.49,,United Kingdom,7.47
565919,23646,SET 10 CARDS JINGLE BELLS 16957,1,07-09-2011 16:48,2.49,,United Kingdom,2.49
565932,23410,CURIO CABINET LINEN AND LACE ,2,08-09-2011 10:35,8.15,16418,United Kingdom,16.3
566033,23559,WOODLAND BUNNIES LOLLY MAKERS,1,08-09-2011 13:07,2.08,16031,United Kingdom,2.08
566039,23423,PANTRY 3 HOOK ROLLING PIN HANGER,6,08-09-2011 13:38,3.75,14223,United Kingdom,22.5
566039,23421,PANTRY HOOK SPATULA,12,08-09-2011 13:38,2.08,14223,United Kingdom,24.96
566221,23435,3 RAFFIA RIBBONS VINTAGE CHRISTMAS,1,09-09-2011 16:13,4.13,,United Kingdom,4.13
566229,23418,LAVENDER TOILETTE BOTTLE,24,11-09-2011 10:53,2.08,13408,United Kingdom,49.92
566229,23419,HOME SWEET HOME BOTTLE ,24,11-09-2011 10:53,2.08,13408,United Kingdom,49.92
566231,23434,3 RAFFIA RIBBONS 50'S CHRISTMAS ,12,11-09-2011 10:58,2.08,14837,United Kingdom,24.96
566240,23391, I LOVE LONDON MINI BACKPACK,1,11-09-2011 11:29,4.15,14508,United Kingdom,4.15
566269,23390,DOLLY GIRL MINI BACKPACK,2,11-09-2011 13:39,4.15,17864,United Kingdom,8.3
566269,23389,SPACEBOY MINI BACKPACK,1,11-09-2011 13:39,4.15,17864,United Kingdom,4.15
566272,23074,EMBOSSED HEART TRINKET BOX,4,11-09-2011 13:51,2.08,14487,United Kingdom,8.32
566296,23388,WOODLAND MINI BACKPACK,1,11-09-2011 15:47,4.15,17841,United Kingdom,4.15
566408,23416,CHAMBRE HOOK,24,12-09-2011 13:43,1.65,16984,United Kingdom,39.6
566446,23611,SET 10 CARDS RED RIDING HOOD 17214,8,12-09-2011 15:40,2.49,,United Kingdom,19.92
566602,23607,SET 10 CARDS HATS & STOCKINGS 17081,1,13-09-2011 16:05,1.66,,United Kingdom,1.66
566622,23058,CHRISTMAS HANGING SNOWFLAKE,12,14-09-2011 09:27,2.49,13860,United Kingdom,29.88
566862,23420,PANTRY HOOK TEA STRAINER ,12,15-09-2011 12:46,2.08,13018,United Kingdom,24.96
566949,23625,SET 6 CARDS SPARKLY REINDEER 17262,5,15-09-2011 16:32,4.99,,United Kingdom,24.95
566949,23639,SET 10 CARDS MAGICAL TREE 17086,1,15-09-2011 16:32,3.33,,United Kingdom,3.33
567152,35598C,found,3,16-09-2011 15:58,0,,United Kingdom,0
567207,35592T,,4,19-09-2011 11:01,0,,United Kingdom,0
567673,23629,SET 10 CARDS DRESSING UP 17077,2,21-09-2011 15:43,2.49,,United Kingdom,4.98
C567690,23630,SET 10 CARDS HANGING BAUBLES 17080,-1,21-09-2011 17:01,2.99,15810,United Kingdom,-2.99
567707,23503,PLAYING CARDS KEEP CALM & CARRY ON,36,22-09-2011 09:52,1.25,14676,United Kingdom,45
567796,23366,SET 12 COLOURING PENCILS DOILY,6,22-09-2011 11:46,0.65,16395,United Kingdom,3.9
567796,23367,SET 12 COLOUR PENCILS SPACEBOY ,6,22-09-2011 11:46,0.65,16395,United Kingdom,3.9
567796,23504,PLAYING CARDS JUBILEE UNION JACK,6,22-09-2011 11:46,1.25,16395,United Kingdom,7.5
567801,23371,SET 36 COLOUR PENCILS SPACEBOY ,16,22-09-2011 12:02,1.25,13089,United Kingdom,20
567801,23506,MINI PLAYING CARDS SPACEBOY ,40,22-09-2011 12:02,0.42,13089,United Kingdom,16.8
567801,23502,PLAYING CARDS VINTAGE DOILEY ,12,22-09-2011 12:02,1.25,13089,United Kingdom,15
567801,23370,SET 36 COLOUR PENCILS DOILEY,16,22-09-2011 12:02,1.25,13089,United Kingdom,20
567804,23493,VINTAGE DOILY TRAVEL SEWING KIT,3,22-09-2011 12:13,1.95,17920,United Kingdom,5.85
567804,23365,SET 12 COLOUR PENCILS LOVE LONDON,3,22-09-2011 12:13,0.65,17920,United Kingdom,1.95
567804,23369,SET 36 COLOUR PENCILS LOVE LONDON,3,22-09-2011 12:13,1.25,17920,United Kingdom,3.75
567807,23520,EMBROIDERED RIBBON REEL RUBY ,1,22-09-2011 12:23,3.75,17027,United Kingdom,3.75
567807,23511,EMBROIDERED RIBBON REEL EMILY ,1,22-09-2011 12:23,2.08,17027,United Kingdom,2.08
567807,23517,EMBROIDERED RIBBON REEL REBECCA ,2,22-09-2011 12:23,2.89,17027,United Kingdom,5.78
567821,23368,SET 12 COLOUR PENCILS DOLLY GIRL ,5,22-09-2011 12:45,0.65,14659,United Kingdom,3.25
567823,23505,PLAYING CARDS I LOVE LONDON ,12,22-09-2011 12:55,1.25,12910,United Kingdom,15
567859,23372,SET 36 COLOUR PENCILS DOLLY GIRL,16,22-09-2011 13:51,1.25,12936,United Kingdom,20
567863,35598A,,8,22-09-2011 14:03,0,,United Kingdom,0
567864,23512,EMBROIDERED RIBBON REEL ROSIE,12,22-09-2011 14:10,2.08,16236,United Kingdom,24.96
567864,23515,EMBROIDERED RIBBON REEL DAISY ,12,22-09-2011 14:10,2.08,16236,United Kingdom,24.96
567864,23514,EMBROIDERED RIBBON REEL SALLY ,12,22-09-2011 14:10,2.08,16236,United Kingdom,24.96
567864,23518,EMBROIDERED RIBBON REEL RACHEL ,6,22-09-2011 14:10,2.89,16236,United Kingdom,17.34
567865,23510,MINI PLAYING CARDS GYMKHANA,20,22-09-2011 14:11,0.42,17311,United Kingdom,8.4
567865,23508,MINI PLAYING CARDS DOLLY GIRL ,20,22-09-2011 14:11,0.42,17311,United Kingdom,8.4
567865,23509,MINI PLAYING CARDS FUN FAIR ,20,22-09-2011 14:11,0.42,17311,United Kingdom,8.4
567865,23507,MINI PLAYING CARDS BUFFALO BILL ,20,22-09-2011 14:11,0.42,17311,United Kingdom,8.4
567868,23513,EMBROIDERED RIBBON REEL SUSIE ,6,22-09-2011 14:18,2.08,17603,United Kingdom,12.48
567901,23624,SET 10 CARD PERFECT NATIVITY 17089,1,22-09-2011 16:28,2.49,,United Kingdom,2.49
568066,20935,ROUND CACTUS CANDLE,1,23-09-2011 13:48,2.95,14529,United Kingdom,2.95
568095,20678,LARGE BLACK DIAMANTE HAIRSLIDE,4,23-09-2011 14:49,1.65,14911,EIRE,6.6
568134,23610,SET 10 CARDS CHRISTMAS ROBIN 17095,1,23-09-2011 17:02,2.08,,United Kingdom,2.08
568135,23601,SET 10 CARDS SNOWY SNOWDROPS  17100,1,23-09-2011 17:04,2.49,,United Kingdom,2.49
568135,23632,SET 10 CARDS CHEERFUL ROBIN 17065,1,23-09-2011 17:04,2.08,,United Kingdom,2.08
568158,23516,EMBROIDERED RIBBON REEL SOPHIE  ,6,25-09-2011 12:22,3.75,16133,United Kingdom,22.5
568158,23519,EMBROIDERED RIBBON REEL CLAIRE,6,25-09-2011 12:22,3.75,16133,United Kingdom,22.5
568161,23494,VINTAGE DOILY DELUXE SEWING KIT ,2,25-09-2011 12:31,5.95,15860,United Kingdom,11.9
568567,23638,SET 10 CARDS ROBIN WATERPUMP  17096,1,27-09-2011 18:41,2.91,,United Kingdom,2.91
568567,23650,SET 10 CARDS FILIGREE BAUBLE 16961,1,27-09-2011 18:41,2.49,,United Kingdom,2.49
568984,23461,SWEETHEART BIRD HOUSE,1,29-09-2011 15:57,4.15,17813,United Kingdom,4.15
569012,23466,TUSCAN VILLA DOVECOTE,2,30-09-2011 08:18,8.25,15187,United Kingdom,16.5
569020,23469,CARD HOLDER LOVE BIRD SMALL,6,30-09-2011 09:39,4.15,15321,United Kingdom,24.9
569026,23484,HEART TRELLISTRIPLE T-LIGHT HOLDER,8,30-09-2011 10:18,2.89,16101,United Kingdom,23.12
569141,23471,SIX DRAWER OFFICE TIDY,2,30-09-2011 15:02,9.95,13021,United Kingdom,19.9
569202,23644,SET 10 CARDS CHRISTMAS TREE 16955,1,30-09-2011 17:22,3.33,,United Kingdom,3.33
569213,23472, NINE DRAWER OFFICE TIDY,1,02-10-2011 12:11,14.95,13782,United Kingdom,14.95
569220,23470,CARD HOLDER LOVE BIRD LARGE ,2,02-10-2011 13:26,6.25,16007,United Kingdom,12.5
569222,23524,HORSE & PONY WALL ART,1,02-10-2011 13:46,3.75,15906,United Kingdom,3.75
569227,23535,BICYCLE SAFTEY WALL ART,4,02-10-2011 14:37,5.95,14051,United Kingdom,23.8
569227,23534,STOP FOR TEA WALL ART,3,02-10-2011 14:37,5.95,14051,United Kingdom,17.85
569227,23541,WALL ART CLASSIC PUDDINGS ,2,02-10-2011 14:37,8.25,14051,United Kingdom,16.5
569237,23525,BUFFALO BILL WALL ART ,2,02-10-2011 15:50,3.75,,United Kingdom,7.5
569237,23532,WALL ART WORK REST AND PLAY  ,1,02-10-2011 15:50,4.95,,United Kingdom,4.95
569237,23539,WALL ART LOVES' SECRET ,2,02-10-2011 15:50,5.95,,United Kingdom,11.9
569255,23522,DOG AND BALL WALL ART,144,03-10-2011 11:01,1.63,18102,United Kingdom,234.72
569255,23526,DOG LICENCE WALL ART,72,03-10-2011 11:01,3.88,18102,United Kingdom,279.36
569255,23533,WALL ART GARDEN HAVEN ,72,03-10-2011 11:01,3.88,18102,United Kingdom,279.36
569255,23542,70'S ALPHABET WALL ART,78,03-10-2011 11:01,6.67,18102,United Kingdom,520.26
569255,23528,SPACEBOY WALL ART,144,03-10-2011 11:01,2.66,18102,United Kingdom,383.04
569258,23543,KEEP CALM WALL ART ,6,03-10-2011 11:26,7.45,17330,United Kingdom,44.7
569263,23530,WALL ART ONLY ONE PERSON ,108,03-10-2011 11:37,3.58,18102,United Kingdom,386.64
569263,23538,WALL ART VINTAGE HEART,216,03-10-2011 11:37,3.58,18102,United Kingdom,773.28
569263,23521,CAT AND BIRD WALL ART,240,03-10-2011 11:37,1.12,18102,United Kingdom,268.8
569263,23523,TREASURE AHOY WALL ART,120,03-10-2011 11:37,2.66,18102,United Kingdom,319.2
569263,23531,WALL ART BIG LOVE ,168,03-10-2011 11:37,4.77,18102,United Kingdom,801.36
569319,23527,ANIMALS AND NATURE WALL ART,6,03-10-2011 12:17,3.75,14290,United Kingdom,22.5
569327,23483,HANGING  BUTTERFLY T-LIGHT HOLDER,12,03-10-2011 12:47,1.25,15091,United Kingdom,15
569328,23529,DOLLY GIRL WALL ART,6,03-10-2011 12:48,3.75,14360,United Kingdom,22.5
569333,23536,VILLAGE SHOW WALL ART,4,03-10-2011 13:49,5.95,13431,United Kingdom,23.8
569333,23544,WALL ART MID CENTURY MODERN ,2,03-10-2011 13:49,8.25,13431,United Kingdom,16.5
569343,23540,WALL ART THE MAGIC FOREST ,120,03-10-2011 14:34,6.25,18102,United Kingdom,750
569357,23537,I LOVE LONDON WALL ART,6,03-10-2011 14:52,4.95,15930,United Kingdom,29.7
569374,23604,SET 10 MINI SANTA & SNOWMAN  17087,3,03-10-2011 16:14,1.66,,United Kingdom,4.98
569374,23626,SET 10 CARDS DINKY TREE 17076,2,03-10-2011 16:14,2.49,,United Kingdom,4.98
569515,23500,KEY RING BASEBALL BOOT ASSORTED ,100,04-10-2011 13:58,1.04,15181,United Kingdom,104
569546,23465,TUSCAN VILLA FEEDING STATION,1,04-10-2011 16:39,8.25,15276,United Kingdom,8.25
569573,23501,KEY RING BASEBALL BOOT UNION JACK,100,05-10-2011 10:11,1.04,17511,United Kingdom,104
569700,23605,SET 10 CARDS 12 DAYS OF XMAS 17059,4,05-10-2011 15:56,2.91,,United Kingdom,11.64
569700,23619,SET 10 CARDS POINSETTIA 17093,3,05-10-2011 15:56,2.49,,United Kingdom,7.47
569700,23635,SET 10 CARDS CHRISTMAS HOLLY  17259,1,05-10-2011 15:56,4.16,,United Kingdom,4.16
569898,23612,SET 10 MINICARDS CUTE SNOWMAN 17071,1,06-10-2011 16:08,1.66,,United Kingdom,1.66
569921,23468,TUSCAN VILLA BIRD TABLE ,4,06-10-2011 17:28,8.25,12523,France,33
570241,79157V,UBO-LIGHT TRIOBASE PURPLE,2,09-10-2011 15:24,0.85,14801,United Kingdom,1.7
570241,90189A,SILVER 2 STRAND NECKLACE-LEAF CHARM,1,09-10-2011 15:24,7.5,14801,United Kingdom,7.5
570426,23448,CREAM BUNNY EASTER EGG BASKET,12,10-10-2011 13:55,1.65,13352,United Kingdom,19.8
570426,23447,PINK BUNNY EASTER EGG BASKET,12,10-10-2011 13:55,1.65,13352,United Kingdom,19.8
570426,23446,BLUE BUNNY EASTER EGG BASKET,12,10-10-2011 13:55,1.65,13352,United Kingdom,19.8
570688,85115B,S/4 BLACK DISCO PARTITION PANEL,3,11-10-2011 16:29,8.29,,United Kingdom,24.87
570761,90065B,BLACK VINT ART DEC CRYSTAL BRACELET,1,12-10-2011 11:41,6.75,,United Kingdom,6.75
571047,23382,BOX OF 6 CHRISTMAS CAKE DECORATIONS,4,13-10-2011 13:42,3.75,16042,United Kingdom,15
571049,23660,HENRIETTA HEN MUG ,12,13-10-2011 13:43,1.65,16670,United Kingdom,19.8
571049,23661,MILK MAIDS MUG ,12,13-10-2011 13:43,1.65,16670,United Kingdom,19.8
571052,23564,EGG CUP MILKMAID INGRID,1,13-10-2011 13:50,1.25,,United Kingdom,1.25
571123,23567,EGG CUP HENRIETTA HEN PINK,12,14-10-2011 09:35,1.25,14856,United Kingdom,15
571185,23487,SWEET HEART CAKE CARRIER,2,14-10-2011 11:15,9.95,13047,United Kingdom,19.9
571203,23490,T-LIGHT HOLDER HANGING LOVE BIRD,6,14-10-2011 12:33,3.75,17677,United Kingdom,22.5
571203,23453,OVAL  MINI PORTRAIT FRAME,8,14-10-2011 12:33,1.95,17677,United Kingdom,15.6
571221,23452,HEART MINI PORTRAIT FRAME,6,14-10-2011 13:35,1.95,16416,United Kingdom,11.7
571229,23451,SQUARE MINI PORTRAIT FRAME,6,14-10-2011 14:04,1.95,15453,United Kingdom,11.7
571229,23482,PEARLISED IVORY HEART LARGE ,2,14-10-2011 14:04,1.65,15453,United Kingdom,3.3
571257,23603,SET 10 CARD KRAFT REINDEER 17084,1,14-10-2011 17:17,2.49,,United Kingdom,2.49
571272,23459,DOLLY CABINET 2 DRAWERS ,2,16-10-2011 12:19,12.5,13878,United Kingdom,25
571272,23565,EGG CUP MILKMAID HELGA ,12,16-10-2011 12:19,1.25,13878,United Kingdom,15
571274,23456,MEDIUM PARLOUR PICTURE FRAME ,2,16-10-2011 12:25,4.15,16934,United Kingdom,8.3
571275,23463,VINTAGE ZINC WATERING CAN,1,16-10-2011 12:28,9.95,15994,United Kingdom,9.95
571275,23464,VINTAGE ZINC WATERING CAN SMALL,1,16-10-2011 12:28,4.95,15994,United Kingdom,4.95
571291,23457,LARGE PARLOUR PICTURE FRAME,1,16-10-2011 15:44,4.95,13610,United Kingdom,4.95
571291,23455,SMALL PARLOUR PICTURE FRAME,1,16-10-2011 15:44,2.89,13610,United Kingdom,2.89
571296,23568,EGG CUP HENRIETTA HEN CREAM ,2,16-10-2011 16:13,1.25,13760,United Kingdom,2.5
571307,23566,EGG CUP MILKMAID HEIDI,12,17-10-2011 10:10,1.25,14443,United Kingdom,15
571307,23467,VINTAGE ZINC PLANTER  ,6,17-10-2011 10:10,3.29,14443,United Kingdom,19.74
571425,23479,WIRE EGG BASKET ,2,17-10-2011 12:41,7.85,14911,EIRE,15.7
571498,23481,PEARLISED IVORY HEART SMALL ,1,17-10-2011 15:06,1.25,17841,United Kingdom,1.25
571502,23458,DOLLY CABINET 3 DRAWERS ,2,17-10-2011 15:18,14.95,14422,United Kingdom,29.9
571669,23579,SNACK TRAY I LOVE LONDON,4,18-10-2011 13:11,1.95,17758,United Kingdom,7.8
571674,23702,,100,18-10-2011 13:22,0,,United Kingdom,0
571842,23558,LANDMARK FRAME LONDON BRIDGE ,12,19-10-2011 12:28,10.95,16684,United Kingdom,131.4
571842,23556,LANDMARK FRAME COVENT GARDEN ,12,19-10-2011 12:28,10.95,16684,United Kingdom,131.4
571842,23554,LANDMARK FRAME OXFORD STREET,12,19-10-2011 12:28,10.95,16684,United Kingdom,131.4
571853,23557,LANDMARK FRAME BAKER STREET ,3,19-10-2011 13:23,12.5,14306,United Kingdom,37.5
571892,23555,LANDMARK FRAME NOTTING HILL ,3,19-10-2011 14:12,12.5,13089,United Kingdom,37.5
571910,23480,MINI LIGHTS WOODLAND MUSHROOMS,1,19-10-2011 15:09,3.75,,United Kingdom,3.75
571941,23553,LANDMARK FRAME CAMDEN TOWN ,3,20-10-2011 10:04,12.5,14261,United Kingdom,37.5
571943,23489,"GARLAND, VINTAGE BELLS",20,20-10-2011 10:10,2.89,14638,United Kingdom,57.8
571943,23491,VINTAGE JINGLE BELLS HEART,5,20-10-2011 10:10,8.25,14638,United Kingdom,41.25
571943,23492,VINTAGE JINGLE BELLS WREATH,5,20-10-2011 10:10,8.25,14638,United Kingdom,41.25
572037,23477,WOODLAND LARGE BLUE FELT HEART,12,20-10-2011 12:07,1.25,17365,United Kingdom,15
572037,23478,WOODLAND LARGE PINK FELT HEART,12,20-10-2011 12:07,1.25,17365,United Kingdom,15
572037,23476,WOODLAND LARGE RED FELT HEART,12,20-10-2011 12:07,1.25,17365,United Kingdom,15
572049,23486,ANTIQUE HEART SHELF UNIT,2,20-10-2011 12:21,16.65,17243,United Kingdom,33.3
572051,23473,WOODLAND SMALL RED FELT HEART,192,20-10-2011 12:24,0.72,14646,Netherlands,138.24
572062,23460,SWEETHEART WALL TIDY ,2,20-10-2011 12:57,9.95,16177,United Kingdom,19.9
572064,23462,ROCOCO WALL MIRROR WHITE,2,20-10-2011 13:06,19.95,15159,United Kingdom,39.9
572074,23499,SET 12 VINTAGE DOILY CHALK ,3,20-10-2011 13:54,0.42,16284,United Kingdom,1.26
572093,23485,BOTANICAL GARDENS WALL CLOCK ,1,20-10-2011 14:51,25,15121,United Kingdom,25
572218,23570,TRADITIONAL PICK UP STICKS GAME ,12,21-10-2011 13:13,1.25,16311,United Kingdom,15
572218,23454,SET OF 3 MINI HANGING PORTRAITS,8,21-10-2011 13:13,4.15,16311,United Kingdom,33.2
572229,23571,TRADITIONAL NAUGHTS & CROSSES,12,21-10-2011 14:23,1.65,14329,United Kingdom,19.8
572242,23569,TRADTIONAL ALPHABET STAMP SET,4,21-10-2011 15:36,4.95,15677,United Kingdom,19.8
572308,23305,SET 4 PICNIC CUTLERY BLUEBERRY,1,23-10-2011 15:27,1.95,12748,United Kingdom,1.95
572475,23474,WOODLAND SMALL BLUE FELT HEART,1,24-10-2011 13:37,0.83,15271,United Kingdom,0.83
572549,23636,SET 10 CARDS WISHING TREE 17116,1,24-10-2011 17:03,2.91,,United Kingdom,2.91
572562,23582,VINTAGE DOILY JUMBO BAG RED ,10,25-10-2011 09:07,2.08,13481,United Kingdom,20.8
572563,23583,LUNCH BAG PAISLEY PARK  ,10,25-10-2011 09:31,1.65,12928,United Kingdom,16.5
572568,23581,JUMBO BAG PAISLEY PARK,100,25-10-2011 10:31,1.79,14001,United Kingdom,179
572569,79157B,UBO-LIGHT TRIOBASE BLUE,3,25-10-2011 10:32,0.85,17870,United Kingdom,2.55
572614,23595,adjustment,5,25-10-2011 11:38,0,,United Kingdom,0
572870,23303,SET 4 PICNIC CUTLERY FONDANT,24,26-10-2011 13:22,1.95,13408,United Kingdom,46.8
573123,23475,WOODLAND SMALL PINK FELT HEART,12,27-10-2011 16:23,0.83,13654,United Kingdom,9.96
573137,23615,SET 10 CARDS PRINTED GRAPHIC 17219,1,27-10-2011 17:15,2.49,,United Kingdom,2.49
573137,23645,SET 10 CHRISTMAS CARDS HOHOHO 16956,1,27-10-2011 17:15,2.49,,United Kingdom,2.49
573137,23654,SET 10 CARD SNOWMAN 16965,1,27-10-2011 17:15,2.49,,United Kingdom,2.49
573169,35600A,Found by jackie,1,28-10-2011 09:56,0,,United Kingdom,0
573273,23497,CLASSIC CHROME BICYCLE BELL ,36,28-10-2011 13:04,1.45,12678,France,52.2
573331,23304,SET 4 PICNIC CUTLERY CHERRY ,1,30-10-2011 11:25,1.95,15860,United Kingdom,1.95
573340,23495,SET OF 3 PANTRY WOODEN SPOONS,2,30-10-2011 11:55,1.25,14159,United Kingdom,2.5
573340,23496,PANTRY KITCHEN THERMOMETER ,4,30-10-2011 11:55,1.25,14159,United Kingdom,5
573585,23628,SET 10 CARDS TRIANGLE ICONS  17220,1,31-10-2011 14:41,2.91,,United Kingdom,2.91
573585,23633,SET 10 CARDS WORLD CHILDREN 17067,1,31-10-2011 14:41,2.49,,United Kingdom,2.49
573585,23643,SET 10 CARDS CHRISTMAS BAUBLE 16954,1,31-10-2011 14:41,3.33,,United Kingdom,3.33
573590,79323G,"Unsaleable, destroyed.",-657,31-10-2011 15:15,0,,United Kingdom,0
573592,79323GR,"Unsaleable, destroyed.",-1158,31-10-2011 15:16,0,,United Kingdom,0
573593,79323LP,"Unsaleable, destroyed.",-2618,31-10-2011 15:16,0,,United Kingdom,0
573595,79323S,"Unsaleable, destroyed.",-674,31-10-2011 15:17,0,,United Kingdom,0
573597,79341,"Unsaleable, destroyed.",-905,31-10-2011 15:18,0,,United Kingdom,0
573598,79342B,"Unsaleable, destroyed.",-1128,31-10-2011 15:18,0,,United Kingdom,0
573904,47016,LIGHT DECORATION BATTERY OPERATED,2,01-11-2011 14:54,2.1,14505,United Kingdom,4.2
574011,23691,KEEP CALM BIRTHDAY WRAP,25,02-11-2011 11:52,0.42,16884,United Kingdom,10.5
574149,90069,RUBY GLASS CLUSTER NECKLACE,2,03-11-2011 11:29,7.5,13709,United Kingdom,15
574298,23608,SET 10 CARDS RUDOLPHS NOSE 17097,2,03-11-2011 15:56,2.91,,United Kingdom,5.82
574678,23681,LUNCH BAG RED VINTAGE DOILY,10,06-11-2011 12:36,1.65,13365,United Kingdom,16.5
574740,72783,BLACK SIL'T SQU CANDLE PLATE ,12,06-11-2011 16:07,2.1,12357,Switzerland,25.2
574844,90162A,ANT SILVER TURQUOISE BOUDICCA RING,6,07-11-2011 11:57,2.95,12783,Portugal,17.7
575219,23692,WRAP A PRETTY THANK YOU,25,09-11-2011 11:17,0.42,17511,United Kingdom,10.5
575337,23695,DOILY THANK YOU CARD,12,09-11-2011 14:11,0.42,17867,United Kingdom,5.04
575337,23697,A PRETTY THANK YOU CARD,12,09-11-2011 14:11,0.42,17867,United Kingdom,5.04
575477,23616,SET 10 CARDS JINGLE BELLS 17217,1,09-11-2011 16:14,2.49,,United Kingdom,2.49
575690,23598,PAPER BUNTING VINTAGE PARTY,6,10-11-2011 16:20,2.95,14189,United Kingdom,17.7
575692,23597,PAPER BUNTING PAISLEY PARK,1,10-11-2011 16:27,2.95,12508,France,2.95
575739,23621,SET 10 CARDS DAVID'S MADONNA 17074,1,11-11-2011 09:05,2.49,,United Kingdom,2.49
575739,23627,SET 10 CARDS XMAS GRAPHIC  17218,1,11-11-2011 09:05,2.49,,United Kingdom,2.49
575875,23602,SET 10 CARDS 3 WISE MEN 17107,1,11-11-2011 13:06,2.91,,United Kingdom,2.91
575904,23664,FLOWER SHOP DESIGN MUG,1,11-11-2011 15:28,1.65,18014,United Kingdom,1.65
575941,17191A,ROSE FLOWER CANDLE+INCENSE 16X16CM,2,13-11-2011 11:39,3.75,16438,United Kingdom,7.5
576246,23694,PAISLEY PARK CARD,12,14-11-2011 13:42,0.42,17566,United Kingdom,5.04
576618,23649,SET 10 CARDS DECK THE HALLS 16960,1,15-11-2011 17:00,2.49,,United Kingdom,2.49
576624,23442,12 HANGING EGGS HAND PAINTED,10,15-11-2011 17:14,2.08,16156,United Kingdom,20.8
576624,23449,SET OF 6 EASTER RAINBOW CHICKS,12,15-11-2011 17:14,1.25,16156,United Kingdom,15
576911,23428,IVORY RETRO KITCHEN WALL CLOCK,1,17-11-2011 10:01,8.15,17461,United Kingdom,8.15
577078,23652,SET 10 CARD CHRISTMAS STAMPS 16963,2,17-11-2011 15:17,2.91,,United Kingdom,5.82
577503,84206B,CAT WITH SUNGLASSES BLANK CARD,5,20-11-2011 12:34,0.19,18110,United Kingdom,0.95
577554,23430,BLUE RETRO KITCHEN WALL CLOCK,1,20-11-2011 15:35,8.15,15533,United Kingdom,8.15
577633,23429,RED RETRO KITCHEN WALL CLOCK,2,21-11-2011 10:35,8.15,14194,United Kingdom,16.3
578067,90179B,PURPLE FINE BEAD NECKLACE W TASSEL,1,22-11-2011 15:43,5.82,,United Kingdom,5.82
578129,23441,HAND PAINTED HANGING EASTER EGG,10,23-11-2011 10:39,0.42,13502,United Kingdom,4.2
578360,84971L,,2,24-11-2011 10:36,0,,United Kingdom,0
578544,23440,PAINT YOUR OWN EGGS IN CRATE,6,24-11-2011 15:01,2.08,17096,United Kingdom,12.48
578702,23552,BICYCLE PUNCTURE REPAIR KIT ,6,25-11-2011 10:58,2.08,15382,United Kingdom,12.48
578702,23498,CLASSIC BICYCLE CLIPS ,12,25-11-2011 10:58,1.45,15382,United Kingdom,17.4
578824,84550,CROCHET LILAC/RED BEAR KEYRING,1,25-11-2011 14:02,1.65,17883,United Kingdom,1.65
578856,23578,SNACK TRAY RED GINGHAM,3,27-11-2011 11:18,1.95,17769,United Kingdom,5.85
578921,23580,SNACK TRAY HAPPY FOREST  ,2,27-11-2011 11:57,1.95,13596,United Kingdom,3.9
578921,23575,SNACK TRAY PAISLEY PARK,3,27-11-2011 11:57,1.95,13596,United Kingdom,5.85
578921,23560,SET OF 6 RIBBONS COUNTRY STYLE,1,27-11-2011 11:57,2.89,13596,United Kingdom,2.89
578925,23576,SNACK TRAY RED VINTAGE DOILY,1,27-11-2011 12:13,1.95,17365,United Kingdom,1.95
578928,23562,SET OF 6 RIBBONS PERFECTLY PRETTY  ,3,27-11-2011 12:29,2.89,15443,United Kingdom,8.67
578942,23561,SET OF 6 RIBBONS PARTY,1,27-11-2011 13:29,2.89,17288,United Kingdom,2.89
579187,23609,SET 10 CARDS SNOWY ROBIN 17099,1,28-11-2011 15:31,2.91,,United Kingdom,2.91
579512,23617,SET 10 CARDS SWIRLY XMAS TREE 17104,2,29-11-2011 16:47,2.91,,United Kingdom,5.82
580691,90214U,"LETTER ""U"" BLING KEY RING",12,05-12-2011 15:48,0.29,13790,United Kingdom,3.48
581483,23843,"PAPER CRAFT , LITTLE BIRDIE",80995,09-12-2011 09:15,2.08,16446,United Kingdom,168469.6
